06/02/2014 14:20:39 - ∑¥ Õ∫[2000000]: @speed 0
01/14/2021 23:04:23 - Sahapol[2000000]: @speed 0
01/14/2021 23:46:32 - Sahapol[2000000]: @speed 0
01/15/2021 00:28:11 - Sahapol[2000000]: @speed 0
01/15/2021 00:38:05 - Sahapol[2000000]: @speed 10
01/15/2021 00:38:11 - Sahapol[2000000]: @speed 50
01/15/2021 00:56:29 - Sahapol[2000000]: @speed 0
01/15/2021 00:56:34 - Sahapol[2000000]: @speed 10
01/15/2021 00:59:07 - Sahapol[2000000]: @speed 0
01/15/2021 01:02:40 - Sahapol[2000000]: @reloadscript
01/15/2021 01:06:31 - Sahapol[2000000]: @reloadscript
01/15/2021 01:06:51 - Sahapol[2000000]: @reloadscript
01/15/2021 01:10:40 - Sahapol[2000000]: @reloadscript
01/15/2021 01:11:04 - Sahapol[2000000]: @reloadscript
01/15/2021 01:15:59 - Sahapol[2000000]: @reloadscript
01/15/2021 01:17:22 - Sahapol[2000000]: @speed 0
01/15/2021 01:17:25 - Sahapol[2000000]: @speed 10
01/15/2021 01:21:20 - Sahapol[2000000]: @warp aldeba_in 223 167
01/15/2021 01:41:41 - Sahapol[2000000]: @speed 
01/15/2021 01:41:45 - Sahapol[2000000]: @speed 40
01/15/2021 01:47:18 - Sahapol[2000000]: @speed 40
01/15/2021 01:48:17 - Sahapol[2000000]: @alive
01/15/2021 01:48:30 - Sahapol[2000000]: @alive
01/15/2021 01:48:35 - Sahapol[2000000]: @statall
01/15/2021 01:48:58 - Sahapol[2000000]: @speed 40
01/15/2021 01:52:00 - Sahapol[2000000]: @speed 0
01/15/2021 01:52:03 - Sahapol[2000000]: @speed 40
01/15/2021 01:54:28 - Sahapol[2000000]: @speed 40
01/15/2021 01:56:33 - Sahapol[2000000]: @speed 40
01/15/2021 02:20:28 - Sahapol[2000000]: @monster Baphomet
01/15/2021 22:19:46 - Sahapol[2000000]: @speed 0
01/15/2021 22:19:50 - Sahapol[2000000]: @speed 30
01/16/2021 00:04:59 - Sahapol[2000000]: @speed 0
01/16/2021 00:05:16 - Sahapol[2000000]: @speed 40
01/16/2021 00:05:47 - Sahapol[2000000]: @job sniper
01/16/2021 00:06:13 - Sahapol[2000000]: @lvup 99
01/16/2021 00:06:28 - Sahapol[2000000]: @lvup 9999
01/16/2021 00:06:30 - Sahapol[2000000]: @lvup 99
01/16/2021 00:06:33 - Sahapol[2000000]: @lvup 120
01/16/2021 00:06:35 - Sahapol[2000000]: @lvup 1
01/16/2021 00:06:38 - Sahapol[2000000]: @lvup 1
01/16/2021 00:06:51 - Sahapol[2000000]: @jlevel
01/16/2021 00:06:53 - Sahapol[2000000]: @jlevel 90
01/16/2021 00:07:06 - Sahapol[2000000]: @statall
01/16/2021 00:07:11 - Sahapol[2000000]: @statall
01/16/2021 00:07:33 - Sahapol[2000000]: @job hunter
01/16/2021 00:10:13 - Sahapol[2000000]: @jlevel 99
01/16/2021 00:10:20 - Sahapol[2000000]: @skillall
01/16/2021 00:10:31 - Sahapol[2000000]: @heal
01/16/2021 00:10:33 - Sahapol[2000000]: @heal
01/16/2021 00:10:43 - Sahapol[2000000]: @speed 40
01/16/2021 00:12:08 - Sahapol[2000000]: @speed 40
01/16/2021 00:12:34 - Sahapol[2000000]: @zeny 9999999999999999999
01/18/2021 21:42:26 - Sahapol[2000000]: @speed 50
01/18/2021 22:02:58 - Sahapol[2000000]: @speed 0
01/19/2021 12:54:08 - Sahapol[2000000]: @speed 0
01/19/2021 19:36:51 - Sahapol[2000000]: @speed 0
01/19/2021 19:37:23 - Sahapol[2000000]: @speed 10
01/19/2021 19:38:00 - Sahapol[2000000]: @speed 40
01/19/2021 20:26:02 - Sahapol[2000000]: @speed 0
01/19/2021 20:26:06 - Sahapol[2000000]: @speed 50
01/19/2021 20:26:20 - Sahapol[2000000]: @speed 100
01/29/2021 21:34:03 - Test[2000000]: @speed 0
01/31/2021 14:35:02 - Test[2000000]: @item wing
01/31/2021 14:35:04 - Test[2000000]: @item wing
01/31/2021 14:35:09 - Test[2000000]: @item wing
01/31/2021 14:35:12 - Test[2000000]: @item wing
01/31/2021 14:38:29 - Test[2000000]: @item 2254
01/31/2021 14:39:01 - Test[2000000]: @item 2573
02/11/2021 16:56:56 - Test[2000000]: @job 3
02/11/2021 16:56:58 - Test[2000000]: @job 2
02/11/2021 16:57:00 - Test[2000000]: @job 4
02/11/2021 16:57:03 - Test[2000000]: @job 5
02/11/2021 16:57:06 - Test[2000000]: @skillall
02/11/2021 16:59:07 - Test[2000000]: @speed 50
02/11/2021 16:59:21 - Test[2000000]: @warp alberta 37 41
02/11/2021 17:06:54 - Test[2000000]: @item 169
02/11/2021 17:07:02 - Test[2000000]: @item 619
02/11/2021 17:07:17 - Test[2000000]: @speed 50
02/11/2021 17:07:46 - Test[2000000]: @item 619 10
02/11/2021 17:08:22 - Test[2000000]: @item 643
02/11/2021 17:09:05 - Test[2000000]: @item 531 10
02/11/2021 17:10:59 - Test[2000000]: @item 12042
02/11/2021 17:11:01 - Test[2000000]: @item 12042 120
02/11/2021 17:11:08 - Test[2000000]: @item 12042 120
02/11/2021 17:11:15 - Test[2000000]: @item 12042 10
02/11/2021 17:12:25 - Test[2000000]: @item 12042 10
02/11/2021 17:15:34 - Test[2000000]: @item 12202
02/11/2021 17:15:36 - Test[2000000]: @item 12202 10
02/11/2021 17:16:56 - Test[2000000]: @item 12042 10
02/11/2021 17:19:18 - Test[2000000]: @item 12075
02/11/2021 17:19:30 - Test[2000000]: @item 12075 10
02/26/2021 16:28:39 - Sahapol[2000000]: @item 20500
02/26/2021 16:29:33 - Sahapol[2000000]: @item 5015
02/26/2021 16:29:41 - Sahapol[2000000]: @item 5105
02/26/2021 16:30:20 - Sahapol[2000000]: @item 18518
02/26/2021 16:30:41 - Sahapol[2000000]: @item 20511
02/26/2021 16:31:07 - Sahapol[2000000]: @item 31407
02/26/2021 16:32:47 - Sahapol[2000000]: @item 13779
02/26/2021 16:34:22 - Sahapol[2000000]: @item 16998
02/26/2021 16:35:31 - Sahapol[2000000]: @item 19059
02/26/2021 16:35:39 - Sahapol[2000000]: @item 19509
02/26/2021 16:35:59 - Sahapol[2000000]: @item 31798
02/26/2021 16:36:15 - Sahapol[2000000]: @item 31589
01/29/2024 13:26:57 - ToPPY[2000000]: @speed 20
01/29/2024 13:27:11 - ToPPY[2000000]: @str 50
01/29/2024 13:27:16 - ToPPY[2000000]: @vit 99
01/29/2024 13:27:21 - ToPPY[2000000]: @agi 50
01/29/2024 13:27:28 - ToPPY[2000000]: @speed 20
01/29/2024 13:33:32 - ToPPY[2000000]: @item 1109 1
01/29/2024 13:33:44 - ToPPY[2000000]: @item 4041 4
01/29/2024 13:34:36 - ToPPY[2000000]: @item 4042 4
01/29/2024 13:34:59 - ToPPY[2000000]: @item 4142 4
01/29/2024 13:35:50 - ToPPY[2000000]: @item 1108
01/29/2024 13:36:24 - ToPPY[2000000]: @refine +10
01/29/2024 13:37:17 - ToPPY[2000000]: @refine 0 10
01/29/2024 13:38:21 - ToPPY[2000000]: @speed 30
01/29/2024 13:39:02 - ToPPY[2000000]: @dex 50
01/29/2024 13:49:55 - ToPPY[2000000]: @jump
01/29/2024 13:49:58 - ToPPY[2000000]: @jump
01/29/2024 13:49:59 - ToPPY[2000000]: @jump
01/29/2024 13:50:03 - ToPPY[2000000]: @jump
01/29/2024 13:50:28 - ToPPY[2000000]: @jump
01/29/2024 13:50:30 - ToPPY[2000000]: @jump
01/29/2024 13:50:35 - ToPPY[2000000]: @jump
01/29/2024 13:50:57 - ToPPY[2000000]: @str 99
01/29/2024 13:51:25 - ToPPY[2000000]: @jump
01/29/2024 13:51:26 - ToPPY[2000000]: @jump
01/29/2024 13:51:27 - ToPPY[2000000]: @jump
01/29/2024 13:51:29 - ToPPY[2000000]: @jump
01/29/2024 13:51:30 - ToPPY[2000000]: @jump
01/29/2024 13:51:31 - ToPPY[2000000]: @jump
01/29/2024 13:51:32 - ToPPY[2000000]: @jump
01/29/2024 13:51:33 - ToPPY[2000000]: @jump
01/29/2024 13:51:40 - ToPPY[2000000]: @speed 5
01/29/2024 13:51:57 - ToPPY[2000000]: @speed 5
01/29/2024 13:53:00 - ToPPY[2000000]: @speed 5
01/29/2024 13:53:18 - ToPPY[2000000]: @speed 5
01/29/2024 13:53:29 - ToPPY[2000000]: @speed 5
01/29/2024 13:53:54 - ToPPY[2000000]: @jump
01/29/2024 13:53:56 - ToPPY[2000000]: @jump
01/29/2024 13:54:42 - ToPPY[2000000]: @job 1
01/29/2024 13:55:23 - ToPPY[2000000]: @item 2229
01/29/2024 13:57:02 - ToPPY[2000000]: @item 
01/29/2024 13:57:08 - ToPPY[2000000]: @item 1159
01/29/2024 13:57:14 - ToPPY[2000000]: @item 4142 4
01/29/2024 13:57:31 - ToPPY[2000000]: @item 1158
01/29/2024 13:58:09 - ToPPY[2000000]: @item 2341
01/29/2024 13:58:23 - ToPPY[2000000]: @item 2342
01/29/2024 13:58:36 - ToPPY[2000000]: @refine 0 10
01/29/2024 13:58:59 - ToPPY[2000000]: @jump
01/29/2024 13:59:13 - ToPPY[2000000]: @speed 50
01/29/2024 13:59:27 - ToPPY[2000000]: @speed 50
01/29/2024 13:59:29 - ToPPY[2000000]: @refine 0 10
01/29/2024 13:59:32 - ToPPY[2000000]: @jump
01/29/2024 13:59:33 - ToPPY[2000000]: @jump
01/29/2024 13:59:34 - ToPPY[2000000]: @jump
01/29/2024 13:59:38 - ToPPY[2000000]: @jump
01/29/2024 13:59:39 - ToPPY[2000000]: @jump
01/29/2024 13:59:40 - ToPPY[2000000]: @jump
01/29/2024 13:59:41 - ToPPY[2000000]: @jump
01/29/2024 13:59:42 - ToPPY[2000000]: @jump
01/29/2024 13:59:47 - ToPPY[2000000]: @jump
01/29/2024 14:00:41 - ToPPY[2000000]: @warp gef_field12
01/29/2024 14:01:56 - ToPPY[2000000]: @warp gef_field12 50 50
01/29/2024 14:02:42 - ToPPY[2000000]: @warp geffen
01/29/2024 14:03:40 - ToPPY[2000000]: @warp gef_fild12 50 50
01/29/2024 14:03:52 - ToPPY[2000000]: @heal
01/29/2024 14:03:57 - ToPPY[2000000]: @heal
01/29/2024 14:04:15 - ToPPY[2000000]: @heal
01/29/2024 14:04:19 - ToPPY[2000000]: @heal
01/29/2024 14:04:30 - ToPPY[2000000]: @heal
01/29/2024 14:04:41 - ToPPY[2000000]: @heal
01/29/2024 14:05:26 - ToPPY[2000000]: @luk 50
01/29/2024 14:06:09 - ToPPY[2000000]: @heal
01/29/2024 14:06:50 - ToPPY[2000000]: @item 504 200
01/29/2024 14:25:36 - ToPPY[2000000]: @warp prontera
01/29/2024 14:25:42 - ToPPY[2000000]: @heal
01/29/2024 16:01:19 - ToPPY[2000000]: @item 2506
01/29/2024 16:01:29 - ToPPY[2000000]: @item 4102
01/29/2024 16:03:15 - ToPPY[2000000]: @item 2266
01/29/2024 16:05:34 - ToPPY[2000000]: @item 2621
01/29/2024 16:05:48 - ToPPY[2000000]: @item 4079 2
01/29/2024 16:05:51 - ToPPY[2000000]: @item 2621
01/29/2024 16:06:27 - ToPPY[2000000]: @item 2406
01/29/2024 16:07:22 - ToPPY[2000000]: @item 4107
01/29/2024 16:09:16 - ToPPY[2000000]: @item 2317
01/29/2024 16:09:58 - ToPPY[2000000]: @item 4031
01/29/2024 16:10:21 - ToPPY[2000000]: @refine 4 10
01/29/2024 16:10:35 - ToPPY[2000000]: @refine 2 10
01/29/2024 16:10:40 - ToPPY[2000000]: @refine 1 10
01/29/2024 16:10:45 - ToPPY[2000000]: @refine 2 10
01/29/2024 16:10:50 - ToPPY[2000000]: @refine 3 10
01/29/2024 16:10:58 - ToPPY[2000000]: @refine 5 10
01/29/2024 16:11:13 - ToPPY[2000000]: @refine 6 10
01/29/2024 16:11:18 - ToPPY[2000000]: @refine 60 10
01/29/2024 16:13:26 - ToPPY[2000000]: @item 2693
01/29/2024 16:14:17 - ToPPY[2000000]: @item 2625 1
01/29/2024 16:14:21 - ToPPY[2000000]: @item 2625 1
01/29/2024 16:14:33 - ToPPY[2000000]: @item 4079 2
01/29/2024 16:15:24 - ToPPY[2000000]: @item 2838
01/29/2024 16:18:51 - ToPPY[2000000]: @item mantis_card 1
01/29/2024 16:19:01 - ToPPY[2000000]: @item 2607 1
01/29/2024 16:19:13 - ToPPY[2000000]: @item mantis_card
01/29/2024 16:20:55 - ToPPY[2000000]: @item 12242
01/29/2024 16:21:10 - ToPPY[2000000]: @item 12242 50
01/29/2024 16:21:46 - ToPPY[2000000]: @item 12323 50
01/29/2024 16:23:10 - ToPPY[2000000]: @warp iz_dun02
01/29/2024 16:23:35 - ToPPY[2000000]: @item awakening_potion 5
01/29/2024 16:23:43 - ToPPY[2000000]: @item awakening_potion 50
01/29/2024 16:33:40 - ToPPY[2000000]: @item 13810 100
01/29/2024 16:37:55 - ToPPY[2000000]: @stpoint 100
01/29/2024 16:37:58 - ToPPY[2000000]: @skpoint 5
01/29/2024 16:38:09 - ToPPY[2000000]: @skpoint 5
01/29/2024 16:38:19 - ToPPY[2000000]: @skpoint 5
01/29/2024 16:53:17 - ToPPY[2000000]: @alive
01/29/2024 16:53:31 - ToPPY[2000000]: @speed 5
01/29/2024 16:59:59 - ToPPY[2000000]: @skpoint 5
01/29/2024 17:00:09 - ToPPY[2000000]: @skpoint 1
01/29/2024 17:04:28 - ToPPY[2000000]: @item 5014
01/29/2024 17:05:19 - ToPPY[2000000]: @job 4004
01/29/2024 17:05:29 - ToPPY[2000000]: @job 7
01/29/2024 17:07:38 - ToPPY[2000000]: @skpoint 15
01/29/2024 17:20:03 - ToPPY[2000000]: @warp gif_fild10
01/29/2024 17:20:14 - ToPPY[2000000]: @warp gef_fild10
01/29/2024 17:24:00 - ToPPY[2000000]: @warp gef_fild14
01/29/2024 18:11:37 - ToPPY[2000000]: @warp prontera
01/29/2024 20:45:36 - ToPPY[2000000]: @warp gif_fild10
01/29/2024 20:46:12 - ToPPY[2000000]: @warp gef_fild10
01/30/2024 01:43:03 - ToPPY[2000000]: @str 255
01/30/2024 01:43:14 - ToPPY[2000000]: @vit 255
01/30/2024 01:43:19 - ToPPY[2000000]: @luk 100
01/30/2024 01:43:23 - ToPPY[2000000]: @heal
01/30/2024 01:43:37 - ToPPY[2000000]: @agi 25
01/30/2024 01:43:45 - ToPPY[2000000]: @dex 50
01/30/2024 01:44:00 - ToPPY[2000000]: @str -100
01/30/2024 01:44:35 - ToPPY[2000000]: @monster high_orc 5
01/30/2024 01:44:37 - ToPPY[2000000]: @monster high_orc 5
01/30/2024 01:44:48 - ToPPY[2000000]: @monster high_orc 5
01/30/2024 01:44:48 - ToPPY[2000000]: @monster high_orc 5
01/30/2024 01:44:59 - ToPPY[2000000]: @monster high_orc 5
01/30/2024 02:02:13 - ToPPY[2000000]: @monster high_orc 8
01/30/2024 02:02:32 - ToPPY[2000000]: @monster high_orc 8
01/30/2024 02:02:33 - ToPPY[2000000]: @monster high_orc 8
01/30/2024 02:02:43 - ToPPY[2000000]: @monster high_orc 8
01/30/2024 02:02:44 - ToPPY[2000000]: @monster high_orc 8
01/30/2024 02:02:49 - ToPPY[2000000]: @monster high_orc 8
01/30/2024 02:02:50 - ToPPY[2000000]: @monster high_orc 8
01/30/2024 02:03:02 - ToPPY[2000000]: @item fly_wing 100
01/30/2024 02:04:46 - ToPPY[2000000]: @item 12323 100
01/30/2024 02:04:50 - ToPPY[2000000]: @monster high_orc 8
01/30/2024 02:04:51 - ToPPY[2000000]: @monster high_orc 8
01/30/2024 02:05:08 - ToPPY[2000000]: @monster high_orc 8
01/30/2024 02:05:25 - ToPPY[2000000]: @monster high_orc 8
01/30/2024 02:05:36 - ToPPY[2000000]: @monster high_orc 8
01/30/2024 02:06:00 - ToPPY[2000000]: @skpoint 10
01/30/2024 02:06:20 - ToPPY[2000000]: @skillall
01/30/2024 02:06:45 - ToPPY[2000000]: @speed 40
01/30/2024 02:07:26 - ToPPY[2000000]: @monster high_orc 8
01/30/2024 02:07:27 - ToPPY[2000000]: @monster high_orc 8
01/30/2024 02:07:35 - ToPPY[2000000]: @monster high_orc 8
01/30/2024 02:07:54 - ToPPY[2000000]: @monster high_orc 8
01/30/2024 02:46:24 - ToPPY[2000000]: @monster high_orc 8
01/30/2024 02:49:26 - ToPPY[2000000]: @monster high_orc 8
01/30/2024 02:49:31 - ToPPY[2000000]: @monster high_orc 8
01/30/2024 02:49:35 - ToPPY[2000000]: @monster high_orc 8
01/30/2024 02:49:36 - ToPPY[2000000]: @monster high_orc 8
01/30/2024 02:49:46 - ToPPY[2000000]: @heal
01/30/2024 02:50:11 - ToPPY[2000000]: @item 12324 200
01/30/2024 02:50:18 - ToPPY[2000000]: @speed 40
01/30/2024 02:50:22 - ToPPY[2000000]: @monster high_orc 8
01/30/2024 02:52:00 - ToPPY[2000000]: @monster high_orc 8
01/30/2024 02:52:01 - ToPPY[2000000]: @str -100
01/30/2024 02:52:05 - ToPPY[2000000]: @str 100
01/30/2024 02:52:21 - ToPPY[2000000]: @str 100
01/30/2024 02:53:24 - ToPPY[2000000]: @str -100
01/30/2024 02:54:09 - ToPPY[2000000]: @speed 40
01/30/2024 02:54:12 - ToPPY[2000000]: @monster high_orc 8
01/30/2024 02:54:55 - ToPPY[2000000]: @monster high_orc 8
01/30/2024 10:20:25 - ToPPY[2000000]: @speed 40
01/30/2024 10:20:32 - ToPPY[2000000]: @monster high_orc 8
01/30/2024 10:23:33 - ToPPY[2000000]: @item 12324 200
01/30/2024 10:24:19 - ToPPY[2000000]: @monster high_orc 8
01/30/2024 10:24:22 - ToPPY[2000000]: @monster high_orc 8
01/30/2024 10:24:25 - ToPPY[2000000]: @monster high_orc 8
01/30/2024 10:25:02 - ToPPY[2000000]: @monster high_orc 10
01/30/2024 10:25:44 - ToPPY[2000000]: @speed 40
01/30/2024 10:25:53 - ToPPY[2000000]: @item 12324 200
01/30/2024 10:26:02 - ToPPY[2000000]: @item 12324 -200
01/30/2024 10:26:22 - ToPPY[2000000]: @monster high_orc 10
01/30/2024 10:26:27 - ToPPY[2000000]: @monster high_orc 10
01/30/2024 10:27:19 - ToPPY[2000000]: @monster high_orc 10
01/30/2024 10:27:42 - ToPPY[2000000]: @monster radric
01/30/2024 10:27:47 - ToPPY[2000000]: @monster radric 1
01/30/2024 10:28:09 - ToPPY[2000000]: @monster redis 1
01/30/2024 10:28:40 - ToPPY[2000000]: @monster raydric 1
01/30/2024 10:28:46 - ToPPY[2000000]: @monster raydric 10
01/30/2024 10:29:03 - ToPPY[2000000]: @monster raydric 10
01/30/2024 10:29:25 - ToPPY[2000000]: @monster raydric 10
01/30/2024 10:29:31 - ToPPY[2000000]: @monster raydric 10
01/30/2024 10:29:39 - ToPPY[2000000]: @monster raydric 10
01/30/2024 10:29:44 - ToPPY[2000000]: @monster raydric 10
01/30/2024 10:29:49 - ToPPY[2000000]: @monster raydric 10
01/30/2024 10:29:53 - ToPPY[2000000]: @monster raydric 10
01/30/2024 10:30:02 - ToPPY[2000000]: @monster raydric 10
01/30/2024 10:30:13 - ToPPY[2000000]: @monster high_orc 100
01/30/2024 10:30:26 - ToPPY[2000000]: @alive
01/30/2024 10:30:53 - ToPPY[2000000]: @monster high_orc 10
01/30/2024 10:31:22 - ToPPY[2000000]: @monster high_orc 10
01/30/2024 10:31:49 - ToPPY[2000000]: @item berserk_potion
01/30/2024 10:31:52 - ToPPY[2000000]: @item berserk_potion 50
01/30/2024 10:33:01 - ToPPY[2000000]: @monster high_orc 10
01/30/2024 10:56:32 - ToPPY[2000000]: @warp prontera
01/30/2024 10:57:24 - ToPPY[2000000]: @speed 0
01/30/2024 10:57:48 - ToPPY[2000000]: @zeny 50000
01/30/2024 11:02:16 - ToPPY[2000000]: @item bone_helm
01/30/2024 11:03:25 - ToPPY[2000000]: @refine 0 10
01/30/2024 11:05:23 - ToPPY[2000000]: @warp gl_cas02
01/30/2024 11:08:22 - ToPPY[2000000]: @item 601 100
01/30/2024 11:18:46 - ToPPY[2000000]: @warp c_tower2
01/30/2024 11:19:28 - ToPPY[2000000]: @monster clock 100
01/30/2024 11:26:19 - The_Killer[2000001]: @warp prontera
01/30/2024 11:26:30 - The_Killer[2000001]: @item sakkat
01/30/2024 11:27:22 - The_Killer[2000001]: @warp prt_fild07
01/30/2024 11:27:38 - The_Killer[2000001]: @speed 20
01/30/2024 11:27:48 - The_Killer[2000001]: @monster poporing
01/30/2024 11:28:44 - The_Killer[2000001]: @jobchange 6
01/30/2024 11:28:50 - The_Killer[2000001]: @monster poporing
01/30/2024 11:28:59 - The_Killer[2000001]: @item white_potion 100
01/30/2024 11:29:22 - The_Killer[2000001]: @monster poporing
01/30/2024 11:30:17 - The_Killer[2000001]: @item 1222
01/30/2024 11:32:25 - The_Killer[2000001]: @produce 1222 3 2
01/30/2024 11:32:56 - The_Killer[2000001]: @produce 1222 4 3 
01/30/2024 11:33:06 - The_Killer[2000001]: @produce 1222 3 3 
01/30/2024 11:34:03 - The_Killer[2000001]: @item 2274
01/30/2024 11:34:26 - The_Killer[2000001]: @item 2268
01/30/2024 11:34:50 - The_Killer[2000001]: @item 2506
01/30/2024 11:35:05 - The_Killer[2000001]: @item 4102
01/30/2024 11:35:39 - The_Killer[2000001]: @item 2607 2
01/30/2024 11:35:47 - The_Killer[2000001]: @item mantis_card 2
01/30/2024 11:36:41 - The_Killer[2000001]: @item 2406
01/30/2024 11:38:29 - The_Killer[2000001]: @refine 0 10
01/30/2024 11:39:42 - The_Killer[2000001]: @warp iz_dun01
01/30/2024 11:40:25 - The_Killer[2000001]: @item fly_wing 50
01/30/2024 11:40:45 - The_Killer[2000001]: @item 601 100
01/30/2024 11:40:48 - The_Killer[2000001]: @item 602 100
01/30/2024 11:41:04 - The_Killer[2000001]: @item awakening_potion 30
01/30/2024 11:41:28 - The_Killer[2000001]: @item 656 20
01/30/2024 11:42:33 - The_Killer[2000001]: @monster thara_frong 200
01/30/2024 11:42:38 - The_Killer[2000001]: @monster thara_frog 200
01/30/2024 11:43:07 - The_Killer[2000001]: @monster thara_frog 200
01/30/2024 11:43:08 - The_Killer[2000001]: @monster thara_frog 200
01/30/2024 11:43:11 - The_Killer[2000001]: @jump
01/30/2024 11:43:14 - The_Killer[2000001]: @monster thara_frog 200
01/30/2024 11:43:16 - The_Killer[2000001]: @jump
01/30/2024 11:43:18 - The_Killer[2000001]: @monster thara_frog 200
01/30/2024 11:43:20 - The_Killer[2000001]: @jump
01/30/2024 11:43:22 - The_Killer[2000001]: @monster thara_frog 200
01/30/2024 11:43:24 - The_Killer[2000001]: @jump
01/30/2024 11:43:26 - The_Killer[2000001]: @monster thara_frog 200
01/30/2024 11:43:30 - The_Killer[2000001]: @jump
01/30/2024 11:43:35 - The_Killer[2000001]: @monster thara_frog 500
01/30/2024 11:43:38 - The_Killer[2000001]: @jump
01/30/2024 11:43:40 - The_Killer[2000001]: @monster thara_frog 500
01/30/2024 11:43:41 - The_Killer[2000001]: @jump
01/30/2024 11:43:43 - The_Killer[2000001]: @monster thara_frog 500
01/30/2024 11:43:48 - The_Killer[2000001]: @jump
01/30/2024 11:43:50 - The_Killer[2000001]: @monster thara_frog 500
01/30/2024 11:43:52 - The_Killer[2000001]: @jump
01/30/2024 11:44:14 - The_Killer[2000001]: @monster marina 1000
01/30/2024 11:44:38 - The_Killer[2000001]: @monster thara_frog 500
01/30/2024 11:44:41 - The_Killer[2000001]: @monster marina 1000
01/30/2024 11:44:42 - The_Killer[2000001]: @jump
01/30/2024 11:44:44 - The_Killer[2000001]: @monster thara_frog 500
01/30/2024 11:44:46 - The_Killer[2000001]: @monster marina 1000
01/30/2024 11:44:49 - The_Killer[2000001]: @jump
01/30/2024 11:44:52 - The_Killer[2000001]: @monster thara_frog 500
01/30/2024 11:44:54 - The_Killer[2000001]: @monster marina 1000
01/30/2024 11:44:55 - The_Killer[2000001]: @monster marina 1000
01/30/2024 11:44:59 - The_Killer[2000001]: @monster thara_frog 500
01/30/2024 11:45:00 - The_Killer[2000001]: @jump
01/30/2024 11:46:57 - The_Killer[2000001]: @item 2315
01/30/2024 11:48:05 - The_Killer[2000001]: @item 2104
01/30/2024 11:48:13 - The_Killer[2000001]: @item thara_frog
01/30/2024 11:48:17 - The_Killer[2000001]: @item thara_frog_card
01/30/2024 11:50:47 - The_Killer[2000001]: @item argiope_card
01/30/2024 11:51:22 - The_Killer[2000001]: @item matry_card
01/30/2024 11:51:30 - The_Killer[2000001]: @item matyr_card
01/30/2024 11:52:05 - The_Killer[2000001]: @refine 0 10
01/30/2024 11:52:15 - The_Killer[2000001]: @str 30
01/30/2024 11:52:44 - The_Killer[2000001]: @skpoint 5
01/30/2024 12:08:37 - DiRT_Nap[2000002]: @lvup 2
01/30/2024 12:08:52 - DiRT_Nap[2000002]: @jump
01/30/2024 12:09:13 - DiRT_Nap[2000002]: @item 601 50
01/30/2024 12:09:17 - DiRT_Nap[2000002]: @item 602 10
01/30/2024 12:09:32 - DiRT_Nap[2000002]: @monster poporing 5
01/30/2024 12:10:10 - DiRT_Nap[2000002]: @jobchange 3
01/30/2024 12:11:08 - DiRT_Nap[2000002]: @item 1712
01/30/2024 12:11:17 - DiRT_Nap[2000002]: @item 1710
01/30/2024 12:11:26 - DiRT_Nap[2000002]: @item 1711
01/30/2024 12:11:38 - DiRT_Nap[2000002]: @item 2285
01/30/2024 12:11:49 - DiRT_Nap[2000002]: @skpoint 20
01/30/2024 12:12:07 - DiRT_Nap[2000002]: @item silver_arrow 2000
01/30/2024 12:12:52 - DiRT_Nap[2000002]: @item 2270
01/30/2024 12:12:58 - DiRT_Nap[2000002]: @item 2269
01/30/2024 12:13:34 - DiRT_Nap[2000002]: @item 2406 1
01/30/2024 12:13:39 - DiRT_Nap[2000002]: @item matyr_card
01/30/2024 12:14:29 - DiRT_Nap[2000002]: @skpoint 10
01/30/2024 12:15:05 - DiRT_Nap[2000002]: @refine 0 10
01/30/2024 12:16:01 - DiRT_Nap[2000002]: @warp moc_pryd03
01/30/2024 12:16:10 - DiRT_Nap[2000002]: @alive
01/30/2024 12:16:51 - DiRT_Nap[2000002]: @alive
01/30/2024 12:18:23 - DiRT_Nap[2000002]: @skpoint -7
01/30/2024 12:18:49 - DiRT_Nap[2000002]: @item 656 20
01/30/2024 12:19:41 - DiRT_Nap[2000002]: @item skeleton_worker_card 3
01/30/2024 12:20:03 - DiRT_Nap[2000002]: @item 4092 3
01/30/2024 12:20:37 - DiRT_Nap[2000002]: @skpoint -7
01/30/2024 12:20:51 - DiRT_Nap[2000002]: @item silver_arrow 2000
01/30/2024 12:21:17 - DiRT_Nap[2000002]: @speed 50
01/30/2024 12:22:29 - DiRT_Nap[2000002]: @heal
01/30/2024 12:23:13 - DiRT_Nap[2000002]: @speed 20
01/30/2024 12:23:32 - DiRT_Nap[2000002]: @item white_potion 200
01/30/2024 12:23:59 - DiRT_Nap[2000002]: @heal
01/30/2024 12:24:34 - DiRT_Nap[2000002]: @item blue_potion 30
01/30/2024 12:25:32 - DiRT_Nap[2000002]: @agi 30
01/30/2024 12:25:50 - DiRT_Nap[2000002]: @dex 40
01/30/2024 12:26:17 - DiRT_Nap[2000002]: @dex 30
01/30/2024 12:26:21 - DiRT_Nap[2000002]: @luk 50
01/30/2024 12:28:49 - DiRT_Nap[2000002]: @hide
01/30/2024 12:28:53 - DiRT_Nap[2000002]: @monster mummy 1000
01/30/2024 12:28:56 - DiRT_Nap[2000002]: @jump
01/30/2024 12:29:13 - DiRT_Nap[2000002]: @monster mummy 1000
01/30/2024 12:29:17 - DiRT_Nap[2000002]: @jump
01/30/2024 12:29:19 - DiRT_Nap[2000002]: @jump
01/30/2024 12:29:23 - DiRT_Nap[2000002]: @monster mummy 1000
01/30/2024 12:30:13 - DiRT_Nap[2000002]: @monster mummy 1000
01/30/2024 12:30:13 - DiRT_Nap[2000002]: @monster mummy 1000
01/30/2024 12:31:34 - DiRT_Nap[2000002]: @item elven_ear
01/30/2024 12:31:36 - DiRT_Nap[2000002]: @item elven_ears
01/30/2024 12:31:45 - DiRT_Nap[2000002]: @item pipe
01/30/2024 12:32:14 - DiRT_Nap[2000002]: @item 2504
01/30/2024 12:32:18 - DiRT_Nap[2000002]: @item whisper_card
01/30/2024 12:32:37 - DiRT_Nap[2000002]: @item whisper_card
01/30/2024 12:32:41 - DiRT_Nap[2000002]: @monster mummy 1000
01/30/2024 12:32:46 - DiRT_Nap[2000002]: @monster mummy 1000
01/30/2024 12:32:50 - DiRT_Nap[2000002]: @monster mummy 1000
01/30/2024 12:32:53 - DiRT_Nap[2000002]: @monster mummy 1000
01/30/2024 12:32:56 - DiRT_Nap[2000002]: @monster mummy 1000
01/30/2024 12:33:09 - DiRT_Nap[2000002]: @hide
01/30/2024 12:33:26 - DiRT_Nap[2000002]: @item 616 50
01/30/2024 12:34:31 - DiRT_Nap[2000002]: @item 601 50
01/30/2024 12:34:46 - DiRT_Nap[2000002]: @item silver_arrow 2000
01/30/2024 12:51:15 - DiRT_Nap[2000002]: @heal
01/30/2024 12:51:22 - DiRT_Nap[2000002]: @warp moc_ptd02
01/30/2024 12:51:44 - DiRT_Nap[2000002]: @warp moc_pryd03
01/30/2024 13:29:46 - DiRT_Nap[2000002]: @item blue_potion 100
01/30/2024 13:30:10 - DiRT_Nap[2000002]: @item 505 100
01/30/2024 13:31:38 - DiRT_Nap[2000002]: @zeny 10000
01/30/2024 13:32:40 - DiRT_Nap[2000002]: @item 505 100
01/30/2024 13:32:51 - DiRT_Nap[2000002]: @item white_potion 100
01/30/2024 13:33:07 - DiRT_Nap[2000002]: @item 656 10
01/30/2024 13:33:28 - DiRT_Nap[2000002]: @item 504 100
01/30/2024 13:33:44 - DiRT_Nap[2000002]: @item white_potion 50
01/30/2024 13:34:07 - DiRT_Nap[2000002]: @warp moc_pryd03
01/30/2024 13:51:16 - DiRT_Nap[2000002]: @skpoint -16
01/30/2024 13:55:24 - DiRT_Nap[2000002]: @warp iz_dun01
01/30/2024 13:55:34 - DiRT_Nap[2000002]: @monster thara_frog 10000
01/30/2024 13:55:41 - DiRT_Nap[2000002]: @monster marina 10000
01/30/2024 13:55:44 - DiRT_Nap[2000002]: @jump
01/30/2024 13:55:47 - DiRT_Nap[2000002]: @monster thara_frog 10000
01/30/2024 13:55:51 - DiRT_Nap[2000002]: @monster marina 10000
01/30/2024 13:55:57 - DiRT_Nap[2000002]: @jump
01/30/2024 13:56:00 - DiRT_Nap[2000002]: @monster marina 10000
01/30/2024 13:56:02 - DiRT_Nap[2000002]: @monster thara_frog 10000
01/30/2024 13:56:03 - DiRT_Nap[2000002]: @monster thara_frog 10000
01/30/2024 13:56:04 - DiRT_Nap[2000002]: @monster thara_frog 10000
01/30/2024 13:56:06 - DiRT_Nap[2000002]: @monster marina 10000
01/30/2024 13:56:07 - DiRT_Nap[2000002]: @monster marina 10000
01/30/2024 13:56:10 - DiRT_Nap[2000002]: @jump
01/30/2024 13:56:13 - DiRT_Nap[2000002]: @monster marina 10000
01/30/2024 13:56:14 - DiRT_Nap[2000002]: @monster thara_frog 10000
01/30/2024 13:56:15 - DiRT_Nap[2000002]: @monster thara_frog 10000
01/30/2024 13:56:15 - DiRT_Nap[2000002]: @monster thara_frog 10000
01/30/2024 13:56:17 - DiRT_Nap[2000002]: @jump
01/30/2024 13:56:20 - DiRT_Nap[2000002]: @monster thara_frog 10000
01/30/2024 13:56:23 - DiRT_Nap[2000002]: @monster thara_frog 10000
01/30/2024 13:56:25 - DiRT_Nap[2000002]: @monster marina 10000
01/30/2024 13:56:31 - DiRT_Nap[2000002]: @jump
01/30/2024 13:56:33 - DiRT_Nap[2000002]: @monster marina 10000
01/30/2024 13:56:35 - DiRT_Nap[2000002]: @monster thara_frog 10000
01/30/2024 13:56:37 - DiRT_Nap[2000002]: @jump
01/30/2024 13:56:42 - DiRT_Nap[2000002]: @jump
01/30/2024 13:56:48 - DiRT_Nap[2000002]: @monster thara_frog 10000
01/30/2024 13:56:50 - DiRT_Nap[2000002]: @monster thara_frog 10000
01/30/2024 13:56:51 - DiRT_Nap[2000002]: @monster marina 10000
01/30/2024 13:56:53 - DiRT_Nap[2000002]: @monster marina 10000
01/30/2024 13:56:54 - DiRT_Nap[2000002]: @jump
01/30/2024 13:56:57 - DiRT_Nap[2000002]: @monster marina 10000
01/30/2024 13:56:58 - DiRT_Nap[2000002]: @jump
01/30/2024 13:56:59 - DiRT_Nap[2000002]: @jump
01/30/2024 13:57:02 - DiRT_Nap[2000002]: @monster marina 10000
01/30/2024 13:57:03 - DiRT_Nap[2000002]: @monster thara_frog 10000
01/30/2024 13:57:04 - DiRT_Nap[2000002]: @monster marina 10000
01/30/2024 13:57:08 - DiRT_Nap[2000002]: @jump
01/30/2024 13:57:11 - DiRT_Nap[2000002]: @monster thara_frog 10000
01/30/2024 13:57:12 - DiRT_Nap[2000002]: @monster thara_frog 10000
01/30/2024 13:57:13 - DiRT_Nap[2000002]: @monster thara_frog 10000
01/30/2024 13:57:15 - DiRT_Nap[2000002]: @monster marina 10000
01/30/2024 13:57:15 - DiRT_Nap[2000002]: @monster marina 10000
01/30/2024 13:57:16 - DiRT_Nap[2000002]: @jump
01/30/2024 13:57:19 - DiRT_Nap[2000002]: @monster marina 10000
01/30/2024 13:57:21 - DiRT_Nap[2000002]: @monster thara_frog 10000
01/30/2024 13:57:22 - DiRT_Nap[2000002]: @jump
01/30/2024 13:57:27 - DiRT_Nap[2000002]: @monster thara_frog 10000
01/30/2024 13:57:29 - DiRT_Nap[2000002]: @monster marina 10000
01/30/2024 13:57:30 - DiRT_Nap[2000002]: @jump
01/30/2024 13:57:37 - DiRT_Nap[2000002]: @jump
01/30/2024 13:57:39 - DiRT_Nap[2000002]: @monster marina 10000
01/30/2024 13:57:40 - DiRT_Nap[2000002]: @jump
01/30/2024 13:57:43 - DiRT_Nap[2000002]: @monster thara_frog 10000
01/30/2024 13:57:45 - DiRT_Nap[2000002]: @jump
01/30/2024 13:58:45 - DiRT_Nap[2000002]: @monster phen 20000
01/30/2024 13:58:49 - DiRT_Nap[2000002]: @jump
01/30/2024 13:58:51 - DiRT_Nap[2000002]: @monster phen 20000
01/30/2024 13:58:52 - DiRT_Nap[2000002]: @jump
01/30/2024 13:58:56 - DiRT_Nap[2000002]: @monster phen 20000
01/30/2024 13:58:58 - DiRT_Nap[2000002]: @jump
01/30/2024 13:59:01 - DiRT_Nap[2000002]: @monster phen 20000
01/30/2024 13:59:08 - DiRT_Nap[2000002]: @jump
01/30/2024 13:59:12 - DiRT_Nap[2000002]: @monster phen 20000
01/30/2024 13:59:36 - DiRT_Nap[2000002]: @jump 55 76
01/30/2024 13:59:46 - DiRT_Nap[2000002]: @monster phen 20000
01/30/2024 13:59:48 - DiRT_Nap[2000002]: @monster phen 20000
01/30/2024 13:59:53 - DiRT_Nap[2000002]: @monster marina 10000
01/30/2024 13:59:57 - DiRT_Nap[2000002]: @monster thara_frog 10000
01/30/2024 14:00:54 - DiRT_Nap[2000002]: @warp c_tower2 276 258
01/30/2024 14:01:05 - DiRT_Nap[2000002]: @monster clock 10000
01/30/2024 14:01:18 - DiRT_Nap[2000002]: @monster clock 10000
01/30/2024 14:01:25 - DiRT_Nap[2000002]: @speed 50
01/30/2024 14:01:45 - DiRT_Nap[2000002]: @jump 184 115
01/30/2024 14:01:56 - DiRT_Nap[2000002]: @monster clock 10000
01/30/2024 14:02:07 - DiRT_Nap[2000002]: @monster clock 10000
01/30/2024 14:02:17 - DiRT_Nap[2000002]: @jump
01/30/2024 14:02:19 - DiRT_Nap[2000002]: @monster clock 10000
01/30/2024 14:02:24 - DiRT_Nap[2000002]: @jump
01/30/2024 14:02:26 - DiRT_Nap[2000002]: @monster clock 10000
01/30/2024 14:02:28 - DiRT_Nap[2000002]: @jump
01/30/2024 14:02:30 - DiRT_Nap[2000002]: @monster clock 10000
01/30/2024 14:02:32 - DiRT_Nap[2000002]: @jump
01/30/2024 14:02:34 - DiRT_Nap[2000002]: @monster clock 10000
01/30/2024 14:02:35 - DiRT_Nap[2000002]: @jump
01/30/2024 14:02:38 - DiRT_Nap[2000002]: @monster clock 10000
01/30/2024 14:02:39 - DiRT_Nap[2000002]: @jump
01/30/2024 14:02:40 - DiRT_Nap[2000002]: @monster clock 10000
01/30/2024 14:02:42 - DiRT_Nap[2000002]: @jump
01/30/2024 14:02:43 - DiRT_Nap[2000002]: @monster clock 10000
01/30/2024 14:02:44 - DiRT_Nap[2000002]: @jump
01/30/2024 14:02:45 - DiRT_Nap[2000002]: @monster clock 10000
01/30/2024 14:02:46 - DiRT_Nap[2000002]: @jump
01/30/2024 14:02:52 - DiRT_Nap[2000002]: @monster clock 50000
01/30/2024 14:02:54 - DiRT_Nap[2000002]: @jump
01/30/2024 14:02:56 - DiRT_Nap[2000002]: @monster clock 50000
01/30/2024 14:02:57 - DiRT_Nap[2000002]: @jump
01/30/2024 14:02:59 - DiRT_Nap[2000002]: @monster clock 50000
01/30/2024 14:03:00 - DiRT_Nap[2000002]: @jump
01/30/2024 14:03:02 - DiRT_Nap[2000002]: @monster clock 50000
01/30/2024 14:03:03 - DiRT_Nap[2000002]: @jump
01/30/2024 14:03:07 - DiRT_Nap[2000002]: @jump
01/30/2024 14:03:09 - DiRT_Nap[2000002]: @jump
01/30/2024 14:03:11 - DiRT_Nap[2000002]: @monster clock 50000
01/30/2024 14:03:12 - DiRT_Nap[2000002]: @jump
01/30/2024 14:03:13 - DiRT_Nap[2000002]: @jump
01/30/2024 14:03:15 - DiRT_Nap[2000002]: @monster clock 50000
01/30/2024 14:03:16 - DiRT_Nap[2000002]: @jump
01/30/2024 14:03:17 - DiRT_Nap[2000002]: @monster clock 50000
01/30/2024 14:03:18 - DiRT_Nap[2000002]: @jump
01/30/2024 14:03:20 - DiRT_Nap[2000002]: @monster clock 50000
01/30/2024 14:03:21 - DiRT_Nap[2000002]: @jump
01/30/2024 14:03:23 - DiRT_Nap[2000002]: @monster clock 50000
01/30/2024 14:03:25 - DiRT_Nap[2000002]: @jump
01/30/2024 14:03:27 - DiRT_Nap[2000002]: @monster clock 50000
01/30/2024 14:03:29 - DiRT_Nap[2000002]: @jump
01/30/2024 14:03:31 - DiRT_Nap[2000002]: @monster clock 50000
01/30/2024 14:03:33 - DiRT_Nap[2000002]: @jump
01/30/2024 14:03:38 - DiRT_Nap[2000002]: @monster clock 50000
01/30/2024 14:03:40 - DiRT_Nap[2000002]: @jump
01/30/2024 14:03:42 - DiRT_Nap[2000002]: @monster clock 50000
01/30/2024 14:03:43 - DiRT_Nap[2000002]: @jump
01/30/2024 14:03:44 - DiRT_Nap[2000002]: @monster clock 50000
01/30/2024 14:03:46 - DiRT_Nap[2000002]: @jump
01/30/2024 14:03:47 - DiRT_Nap[2000002]: @monster clock 50000
01/30/2024 14:03:48 - DiRT_Nap[2000002]: @jump
01/30/2024 14:03:49 - DiRT_Nap[2000002]: @jump
01/30/2024 14:03:52 - DiRT_Nap[2000002]: @monster clock 50000
01/30/2024 14:03:53 - DiRT_Nap[2000002]: @jump
01/30/2024 14:03:54 - DiRT_Nap[2000002]: @monster clock 50000
01/30/2024 14:03:55 - DiRT_Nap[2000002]: @jump
01/30/2024 14:03:58 - DiRT_Nap[2000002]: @monster clock 50000
01/30/2024 14:03:59 - DiRT_Nap[2000002]: @jump
01/30/2024 14:04:03 - DiRT_Nap[2000002]: @jump
01/30/2024 14:04:05 - DiRT_Nap[2000002]: @jump
01/30/2024 14:04:08 - DiRT_Nap[2000002]: @monster clock 50000
01/30/2024 14:04:09 - DiRT_Nap[2000002]: @jump
01/30/2024 14:04:38 - DiRT_Nap[2000002]: @jump
01/30/2024 14:04:39 - DiRT_Nap[2000002]: @jump
01/30/2024 14:04:41 - DiRT_Nap[2000002]: @jump
01/30/2024 14:04:44 - DiRT_Nap[2000002]: @monster clock 50000
01/30/2024 14:04:45 - DiRT_Nap[2000002]: @jump
01/30/2024 14:04:47 - DiRT_Nap[2000002]: @jump
01/30/2024 14:04:50 - DiRT_Nap[2000002]: @monster clock 50000
01/30/2024 14:04:51 - DiRT_Nap[2000002]: @jump
01/30/2024 14:05:02 - DiRT_Nap[2000002]: @monster vegabond 5
01/30/2024 14:05:17 - DiRT_Nap[2000002]: @jump
01/30/2024 14:05:22 - DiRT_Nap[2000002]: @monster vagabond 5
01/30/2024 14:05:26 - DiRT_Nap[2000002]: @monster vagabond_wolf 5
01/30/2024 14:06:05 - DiRT_Nap[2000002]: @warp moc_pryd03
01/30/2024 14:09:06 - DiRT_Nap[2000002]: @item white_potion 20
01/30/2024 14:09:11 - DiRT_Nap[2000002]: @item blue_potion 20
01/30/2024 14:11:25 - DiRT_Nap[2000002]: @item angel_wing
01/30/2024 14:12:51 - DiRT_Nap[2000002]: @item 2573
01/30/2024 14:13:59 - DiRT_Nap[2000002]: @item 5328
01/30/2024 14:14:31 - DiRT_Nap[2000002]: @item 5074
01/30/2024 14:15:39 - DiRT_Nap[2000002]: @item 2254
01/30/2024 14:34:03 - The_DeViL_HiMSelF[2000003]: @warp prontera
01/30/2024 14:34:09 - The_DeViL_HiMSelF[2000003]: @monster poporing 50
01/30/2024 14:35:59 - The_DeViL_HiMSelF[2000003]: @warp prontera
01/30/2024 14:36:03 - The_DeViL_HiMSelF[2000003]: @jump
01/30/2024 14:36:05 - The_DeViL_HiMSelF[2000003]: @jump
01/30/2024 14:36:06 - The_DeViL_HiMSelF[2000003]: @jump
01/30/2024 14:36:14 - The_DeViL_HiMSelF[2000003]: @monster poporing 100000
01/30/2024 14:36:18 - The_DeViL_HiMSelF[2000003]: @monster poporing 100000
01/30/2024 14:36:53 - The_DeViL_HiMSelF[2000003]: @luk 100
01/30/2024 14:37:15 - The_DeViL_HiMSelF[2000003]: @jobchange 5
01/30/2024 14:37:54 - The_DeViL_HiMSelF[2000003]: @produce 1226 3 4
01/30/2024 14:38:04 - The_DeViL_HiMSelF[2000003]: @produce 1226 4 4
01/30/2024 14:38:12 - The_DeViL_HiMSelF[2000003]: @produce 1226 4 3
01/30/2024 14:38:32 - The_DeViL_HiMSelF[2000003]: @item 2506
01/30/2024 14:38:39 - The_DeViL_HiMSelF[2000003]: @item whisper_card
01/30/2024 14:39:02 - The_DeViL_HiMSelF[2000003]: @item 2406
01/30/2024 14:39:11 - The_DeViL_HiMSelF[2000003]: @item matyr_card
01/30/2024 14:39:22 - The_DeViL_HiMSelF[2000003]: @item pipe
01/30/2024 14:39:33 - The_DeViL_HiMSelF[2000003]: @refine 0 10
01/30/2024 14:39:49 - The_DeViL_HiMSelF[2000003]: @item 2254
01/30/2024 14:40:02 - The_DeViL_HiMSelF[2000003]: @refine 0 10
01/30/2024 14:40:22 - The_DeViL_HiMSelF[2000003]: @skpoint 10
01/30/2024 14:40:31 - The_DeViL_HiMSelF[2000003]: @skpoint 10
01/30/2024 14:40:58 - The_DeViL_HiMSelF[2000003]: @warp iz_dun01
01/30/2024 14:41:17 - The_DeViL_HiMSelF[2000003]: @str -50
01/30/2024 14:41:22 - The_DeViL_HiMSelF[2000003]: @agi 50
01/30/2024 14:41:24 - The_DeViL_HiMSelF[2000003]: @agi 50
01/30/2024 14:41:30 - The_DeViL_HiMSelF[2000003]: @str 20
01/30/2024 14:42:41 - The_DeViL_HiMSelF[2000003]: @item 656 20
01/30/2024 14:42:43 - The_DeViL_HiMSelF[2000003]: @item 656 20
01/30/2024 14:42:48 - The_DeViL_HiMSelF[2000003]: @item white_potion 100
01/30/2024 16:51:50 - DiRT_Nap[2000002]: @item silver_arrow 3000
01/30/2024 16:53:06 - DiRT_Nap[2000002]: @item 656 20
01/30/2024 16:53:14 - DiRT_Nap[2000002]: @item white_potion 100
01/30/2024 16:53:23 - DiRT_Nap[2000002]: @item blue_potion 100
01/30/2024 16:53:43 - DiRT_Nap[2000002]: @warp moc_pyd02
01/30/2024 16:53:57 - DiRT_Nap[2000002]: @warp moc_pryd03
01/30/2024 16:54:26 - DiRT_Nap[2000002]: @item fly_wing 100
01/30/2024 16:54:53 - DiRT_Nap[2000002]: @item 601 100
01/30/2024 16:56:13 - DiRT_Nap[2000002]: @str 100
01/30/2024 17:00:14 - ToPPY[2000000]: @item blue_potion 100
01/30/2024 17:01:11 - ToPPY[2000000]: @warp prontera
01/30/2024 17:01:19 - ToPPY[2000000]: @speed 5
01/30/2024 17:03:37 - ToPPY[2000000]: @item blue_potion 100
01/30/2024 17:04:08 - ToPPY[2000000]: @warp c_tower1
01/30/2024 17:05:15 - ToPPY[2000000]: @monster clock 50000
01/30/2024 17:05:19 - ToPPY[2000000]: @jump
01/30/2024 17:05:21 - ToPPY[2000000]: @monster clock 50000
01/30/2024 17:05:23 - ToPPY[2000000]: @jump
01/30/2024 17:05:25 - ToPPY[2000000]: @monster clock 50000
01/30/2024 17:05:26 - ToPPY[2000000]: @jump
01/30/2024 17:05:28 - ToPPY[2000000]: @monster clock 50000
01/30/2024 17:05:29 - ToPPY[2000000]: @jump
01/30/2024 17:05:31 - ToPPY[2000000]: @monster clock 50000
01/30/2024 17:05:32 - ToPPY[2000000]: @jump
01/30/2024 17:05:34 - ToPPY[2000000]: @monster clock 50000
01/30/2024 17:05:35 - ToPPY[2000000]: @jump
01/30/2024 17:05:37 - ToPPY[2000000]: @monster clock 50000
01/30/2024 17:05:38 - ToPPY[2000000]: @jump
01/30/2024 17:05:39 - ToPPY[2000000]: @monster clock 50000
01/30/2024 17:05:40 - ToPPY[2000000]: @jump
01/30/2024 17:05:43 - ToPPY[2000000]: @monster clock 50000
01/30/2024 17:05:44 - ToPPY[2000000]: @jump
01/30/2024 17:05:45 - ToPPY[2000000]: @monster clock 50000
01/30/2024 17:05:46 - ToPPY[2000000]: @jump
01/30/2024 17:05:48 - ToPPY[2000000]: @monster clock 50000
01/30/2024 17:05:49 - ToPPY[2000000]: @jump
01/30/2024 17:05:52 - ToPPY[2000000]: @monster clock 50000
01/30/2024 17:05:53 - ToPPY[2000000]: @jump
01/30/2024 17:05:58 - ToPPY[2000000]: @monster clock 50000
01/30/2024 17:05:59 - ToPPY[2000000]: @jump
01/30/2024 17:06:00 - ToPPY[2000000]: @monster clock 50000
01/30/2024 17:06:01 - ToPPY[2000000]: @jump
01/30/2024 17:06:02 - ToPPY[2000000]: @monster clock 50000
01/30/2024 17:06:06 - ToPPY[2000000]: @jump
01/30/2024 17:06:07 - ToPPY[2000000]: @monster clock 50000
01/30/2024 17:06:13 - ToPPY[2000000]: @jump
01/30/2024 17:06:15 - ToPPY[2000000]: @monster clock 50000
01/30/2024 17:06:16 - ToPPY[2000000]: @jump
01/30/2024 17:06:18 - ToPPY[2000000]: @monster clock 50000
01/30/2024 17:06:19 - ToPPY[2000000]: @jump
01/30/2024 17:06:30 - ToPPY[2000000]: @monster alarm 20
01/30/2024 17:06:31 - ToPPY[2000000]: @jump
01/30/2024 17:06:34 - ToPPY[2000000]: @monster alarm 20
01/30/2024 17:06:35 - ToPPY[2000000]: @jump
01/30/2024 17:06:43 - ToPPY[2000000]: @monster alarm 20
01/30/2024 17:06:44 - ToPPY[2000000]: @jump
01/30/2024 17:06:46 - ToPPY[2000000]: @monster alarm 20
01/30/2024 17:06:47 - ToPPY[2000000]: @jump
01/30/2024 17:06:49 - ToPPY[2000000]: @monster alarm 20
01/30/2024 17:06:51 - ToPPY[2000000]: @jump
01/30/2024 17:06:54 - ToPPY[2000000]: @monster alarm 20
01/30/2024 17:06:56 - ToPPY[2000000]: @jump
01/30/2024 17:07:00 - ToPPY[2000000]: @monster alarm 20
01/30/2024 17:07:02 - ToPPY[2000000]: @jump
01/30/2024 17:07:06 - ToPPY[2000000]: @monster alarm 20
01/30/2024 17:07:07 - ToPPY[2000000]: @jump
01/30/2024 17:07:11 - ToPPY[2000000]: @monster alarm 20
01/30/2024 17:07:13 - ToPPY[2000000]: @jump
01/30/2024 17:07:15 - ToPPY[2000000]: @jump
01/30/2024 17:07:19 - ToPPY[2000000]: @monster alarm 20
01/30/2024 17:07:20 - ToPPY[2000000]: @jump
01/30/2024 17:07:23 - ToPPY[2000000]: @monster clock 50000
01/30/2024 17:07:24 - ToPPY[2000000]: @jump
01/30/2024 17:07:26 - ToPPY[2000000]: @jump
01/30/2024 17:07:34 - ToPPY[2000000]: @monster clock 50000
01/30/2024 17:07:36 - ToPPY[2000000]: @monster alarm 20
01/30/2024 17:07:37 - ToPPY[2000000]: @jump
01/30/2024 17:07:42 - ToPPY[2000000]: @monster alarm 20
01/30/2024 17:07:43 - ToPPY[2000000]: @jump
01/30/2024 17:07:47 - ToPPY[2000000]: @monster alarm 20
01/30/2024 17:07:48 - ToPPY[2000000]: @jump
01/30/2024 17:07:53 - ToPPY[2000000]: @monster alarm 20
01/30/2024 17:07:54 - ToPPY[2000000]: @jump
01/30/2024 17:08:00 - ToPPY[2000000]: @monster alarm 20
01/30/2024 17:08:01 - ToPPY[2000000]: @jump
01/30/2024 17:08:04 - ToPPY[2000000]: @jump
01/30/2024 17:08:07 - ToPPY[2000000]: @monster alarm 20
01/30/2024 17:08:08 - ToPPY[2000000]: @jump
01/30/2024 17:08:14 - ToPPY[2000000]: @monster alarm 20
01/30/2024 17:08:15 - ToPPY[2000000]: @jump
01/30/2024 17:08:17 - ToPPY[2000000]: @jump
01/30/2024 17:08:22 - ToPPY[2000000]: @monster alarm 20
01/30/2024 17:08:23 - ToPPY[2000000]: @jump
01/30/2024 17:08:25 - ToPPY[2000000]: @jump
01/30/2024 17:08:29 - ToPPY[2000000]: @monster alarm 20
01/30/2024 17:08:30 - ToPPY[2000000]: @jump
01/30/2024 17:09:38 - ToPPY[2000000]: @monster alarm 20
01/30/2024 17:09:43 - ToPPY[2000000]: @monster alarm 20
01/30/2024 17:09:45 - ToPPY[2000000]: @monster alarm 20
01/30/2024 17:09:48 - ToPPY[2000000]: @monster alarm 20
01/30/2024 17:09:51 - ToPPY[2000000]: @monster alarm 20
01/30/2024 17:18:58 - Dark_Fire[2000004]: @monster poporing 20
01/30/2024 17:19:03 - Dark_Fire[2000004]: @heal
01/30/2024 17:19:16 - Dark_Fire[2000004]: @refine 0 10
01/30/2024 17:21:03 - Dark_Fire[2000004]: @jobchange 2
01/30/2024 17:21:18 - Dark_Fire[2000004]: @skpoint 20
01/30/2024 17:21:43 - Dark_Fire[2000004]: @skpoint 5
01/30/2024 17:21:50 - Dark_Fire[2000004]: @skpoint 5
01/30/2024 17:24:06 - Dark_Fire[2000004]: @item glove 2
01/30/2024 17:24:14 - Dark_Fire[2000004]: @item crown
01/30/2024 17:25:00 - Dark_Fire[2000004]: @warp prontera
01/30/2024 17:25:08 - Dark_Fire[2000004]: @speed 5
01/30/2024 17:25:31 - Dark_Fire[2000004]: @warp mjolnir_05
01/30/2024 17:26:13 - Dark_Fire[2000004]: @speed 5
01/30/2024 17:26:24 - Dark_Fire[2000004]: @skpoint 5
01/30/2024 17:26:34 - Dark_Fire[2000004]: @skpoint 5
01/30/2024 17:27:09 - Dark_Fire[2000004]: @skpoint 5
01/30/2024 17:27:13 - Dark_Fire[2000004]: @skpoint -5
01/30/2024 17:27:14 - Dark_Fire[2000004]: @skpoint -5
01/30/2024 17:28:22 - Dark_Fire[2000004]: @speed 5
01/30/2024 17:28:47 - Dark_Fire[2000004]: @hide
01/30/2024 17:29:01 - Dark_Fire[2000004]: @monster agriope 50
01/30/2024 17:29:54 - Dark_Fire[2000004]: @monster argiope 50
01/30/2024 17:29:57 - Dark_Fire[2000004]: @monster argiope 50
01/30/2024 17:31:05 - Dark_Fire[2000004]: @monster argiope 50
01/30/2024 17:31:57 - Dark_Fire[2000004]: @monster argiope 50
01/30/2024 17:32:01 - Dark_Fire[2000004]: @monster argiope 50
01/30/2024 17:32:04 - Dark_Fire[2000004]: @jump
01/30/2024 17:32:07 - Dark_Fire[2000004]: @monster argiope 50
01/30/2024 17:32:09 - Dark_Fire[2000004]: @jump
01/30/2024 17:32:14 - Dark_Fire[2000004]: @hide
01/30/2024 17:34:57 - Dark_Fire[2000004]: @jlevel 5
01/30/2024 17:35:07 - Dark_Fire[2000004]: @jlevel 5
01/30/2024 17:36:52 - Dark_Fire[2000004]: @speed 5
01/30/2024 17:37:49 - Dark_Fire[2000004]: @heal
01/30/2024 17:40:22 - Dark_Fire[2000004]: @dex 50
01/30/2024 17:41:04 - Dark_Fire[2000004]: @int 100
01/30/2024 17:41:53 - Dark_Fire[2000004]: @item white_potion 100
01/30/2024 17:42:02 - Dark_Fire[2000004]: @item blue_potion 100
01/30/2024 17:43:45 - Dark_Fire[2000004]: @skpoint 10
01/30/2024 17:43:54 - Dark_Fire[2000004]: @skpoint 10
01/30/2024 17:45:00 - Dark_Fire[2000004]: @skpoint 10
01/30/2024 17:46:18 - Dark_Fire[2000004]: @item 601 100
01/30/2024 17:46:53 - Dark_Fire[2000004]: @item blue_potion 50
01/30/2024 17:47:09 - Dark_Fire[2000004]: @str 200
01/30/2024 17:47:13 - Dark_Fire[2000004]: @item blue_potion 50
01/30/2024 17:47:15 - Dark_Fire[2000004]: @item blue_potion 50
01/30/2024 17:47:22 - Dark_Fire[2000004]: @hide
01/30/2024 17:47:25 - Dark_Fire[2000004]: @monster argiope 500
01/30/2024 17:47:29 - Dark_Fire[2000004]: @jump
01/30/2024 17:47:31 - Dark_Fire[2000004]: @monster argiope 500
01/30/2024 17:47:33 - Dark_Fire[2000004]: @jump
01/30/2024 17:47:35 - Dark_Fire[2000004]: @monster argiope 500
01/30/2024 17:47:36 - Dark_Fire[2000004]: @jump
01/30/2024 17:47:56 - Dark_Fire[2000004]: @item 2607
01/30/2024 17:48:04 - Dark_Fire[2000004]: @item creamy_card
01/30/2024 17:48:29 - Dark_Fire[2000004]: @jump
01/30/2024 17:48:33 - Dark_Fire[2000004]: @monster argiope 500
01/30/2024 17:48:34 - Dark_Fire[2000004]: @jump
01/30/2024 17:48:36 - Dark_Fire[2000004]: @jump
01/30/2024 17:48:38 - Dark_Fire[2000004]: @jump
01/30/2024 17:48:39 - Dark_Fire[2000004]: @jump
01/30/2024 17:48:41 - Dark_Fire[2000004]: @jump
01/30/2024 17:49:57 - Dark_Fire[2000004]: @alive
01/30/2024 17:51:28 - Dark_Fire[2000004]: @jobchange 9
01/30/2024 17:54:47 - Dark_Fire[2000004]: @heal
01/30/2024 18:00:14 - Dark_Fire[2000004]: @item vitata_card
01/30/2024 18:00:20 - Dark_Fire[2000004]: @item clip
01/30/2024 18:10:08 - HooliGan-B@stard[2000005]: @str 200
01/30/2024 18:10:10 - HooliGan-B@stard[2000005]: @agi 200
01/30/2024 18:10:14 - HooliGan-B@stard[2000005]: @vit 50
01/30/2024 18:10:47 - HooliGan-B@stard[2000005]: @jobchange 6
01/30/2024 18:11:03 - HooliGan-B@stard[2000005]: @monster poporing 20
01/30/2024 18:11:29 - HooliGan-B@stard[2000005]: @skpoint 20
01/30/2024 18:12:19 - HooliGan-B@stard[2000005]: @monster poporing 20
01/30/2024 18:13:06 - HooliGan-B@stard[2000005]: @item clip
01/30/2024 18:13:09 - HooliGan-B@stard[2000005]: @item creamy_card
01/30/2024 18:13:34 - HooliGan-B@stard[2000005]: @item 2255
01/30/2024 18:13:35 - HooliGan-B@stard[2000005]: @item pipe
01/30/2024 18:14:00 - HooliGan-B@stard[2000005]: @produce damascus 4 3
01/30/2024 18:14:05 - HooliGan-B@stard[2000005]: @produce damascus 3 3
01/30/2024 18:14:18 - HooliGan-B@stard[2000005]: @refine 0 10
01/30/2024 18:14:31 - HooliGan-B@stard[2000005]: @jump mjolnir_05 135 71
01/30/2024 18:14:38 - HooliGan-B@stard[2000005]: @warp mjolnir_05 135 71
01/30/2024 18:14:48 - HooliGan-B@stard[2000005]: @warp prontera
01/30/2024 18:14:53 - HooliGan-B@stard[2000005]: @speed 5
01/30/2024 18:15:13 - HooliGan-B@stard[2000005]: @warp mjolnir_05 135 71
01/30/2024 18:16:20 - HooliGan-B@stard[2000005]: @skpoint -5
01/30/2024 18:16:45 - HooliGan-B@stard[2000005]: @monster argiope 5
01/30/2024 18:16:54 - HooliGan-B@stard[2000005]: @monster argiope 5
01/30/2024 18:17:00 - HooliGan-B@stard[2000005]: @hide
01/30/2024 18:17:16 - HooliGan-B@stard[2000005]: @jump 215 264
01/30/2024 18:17:21 - HooliGan-B@stard[2000005]: @monster argiope 5
01/30/2024 18:17:37 - HooliGan-B@stard[2000005]: @monster argiope 199 60
01/30/2024 18:17:47 - HooliGan-B@stard[2000005]: @jump 199 60
01/30/2024 18:17:55 - HooliGan-B@stard[2000005]: @jump 232 293
01/30/2024 18:21:05 - HooliGan-B@stard[2000005]: @jump 178 41
01/30/2024 18:21:17 - HooliGan-B@stard[2000005]: @jump 148 150
01/30/2024 18:21:30 - HooliGan-B@stard[2000005]: @monster argiope 3
01/30/2024 18:21:53 - HooliGan-B@stard[2000005]: @monster argiope 3
01/30/2024 18:39:01 - HooliGan-B@stard[2000005]: @jump 222 142
01/30/2024 18:39:07 - HooliGan-B@stard[2000005]: @monster argiope 3
01/30/2024 18:39:18 - HooliGan-B@stard[2000005]: @monster argiope 3
01/30/2024 18:39:21 - HooliGan-B@stard[2000005]: @monster argiope 3
01/30/2024 18:39:26 - HooliGan-B@stard[2000005]: @monster argiope 3
01/30/2024 18:39:34 - HooliGan-B@stard[2000005]: @monster argiope 3
01/30/2024 18:39:35 - HooliGan-B@stard[2000005]: @monster argiope 3
01/30/2024 18:39:37 - HooliGan-B@stard[2000005]: @monster argiope 3
01/30/2024 18:39:51 - HooliGan-B@stard[2000005]: @monster argiope 3
01/30/2024 18:40:24 - HooliGan-B@stard[2000005]: @recall Dark_Fire
01/30/2024 18:40:43 - HooliGan-B@stard[2000005]: @monster argiope 3
01/30/2024 18:40:45 - HooliGan-B@stard[2000005]: @monster argiope 3
01/30/2024 18:41:02 - HooliGan-B@stard[2000005]: @jump 288 68
01/30/2024 18:41:05 - HooliGan-B@stard[2000005]: @monster argiope 3
01/30/2024 18:41:23 - HooliGan-B@stard[2000005]: @monster argiope 3
01/30/2024 18:41:31 - HooliGan-B@stard[2000005]: @monster argiope 3
01/30/2024 18:41:32 - HooliGan-B@stard[2000005]: @monster argiope 3
01/30/2024 18:41:55 - HooliGan-B@stard[2000005]: @hide
01/30/2024 18:45:13 - Support_Our_Troops[2000006]: @str 100
01/30/2024 18:45:15 - Support_Our_Troops[2000006]: @agi 100
01/30/2024 18:45:46 - Support_Our_Troops[2000006]: @jobchange 4
01/30/2024 18:45:52 - Support_Our_Troops[2000006]: @skpoint 20
01/30/2024 18:45:58 - Support_Our_Troops[2000006]: @skpoint 20
01/30/2024 18:47:56 - Support_Our_Troops[2000006]: @warp prontera
01/30/2024 18:48:02 - Support_Our_Troops[2000006]: @jump
01/30/2024 18:48:03 - Support_Our_Troops[2000006]: @jump
01/30/2024 18:48:04 - Support_Our_Troops[2000006]: @jump
01/30/2024 18:48:09 - Support_Our_Troops[2000006]: @speed 5
01/30/2024 18:48:23 - Support_Our_Troops[2000006]: @int 100
01/30/2024 18:49:04 - Support_Our_Troops[2000006]: @produce chain 3 3
01/30/2024 18:49:11 - Support_Our_Troops[2000006]: @refine 0 10
01/30/2024 18:49:41 - Support_Our_Troops[2000006]: @skpoint 5
01/30/2024 18:50:18 - Support_Our_Troops[2000006]: @warp mjolnir_05
01/30/2024 18:50:31 - Support_Our_Troops[2000006]: @alive
01/30/2024 18:50:32 - Support_Our_Troops[2000006]: @jump
01/30/2024 18:50:33 - Support_Our_Troops[2000006]: @jump
01/30/2024 18:50:36 - Support_Our_Troops[2000006]: @jump
01/30/2024 18:50:41 - Support_Our_Troops[2000006]: @jump
01/30/2024 18:50:42 - Support_Our_Troops[2000006]: @jump
01/30/2024 18:50:43 - Support_Our_Troops[2000006]: @jump
01/30/2024 18:50:45 - Support_Our_Troops[2000006]: @jump
01/30/2024 18:50:54 - Support_Our_Troops[2000006]: @jump
01/30/2024 18:50:56 - Support_Our_Troops[2000006]: @jump
01/30/2024 18:50:57 - Support_Our_Troops[2000006]: @jump
01/30/2024 18:50:59 - Support_Our_Troops[2000006]: @jump
01/30/2024 18:51:20 - Support_Our_Troops[2000006]: @str 50
01/30/2024 18:51:22 - Support_Our_Troops[2000006]: @alive
01/30/2024 18:51:33 - Support_Our_Troops[2000006]: @agi 50
01/30/2024 18:51:36 - Support_Our_Troops[2000006]: @alive
01/30/2024 18:52:57 - Support_Our_Troops[2000006]: @item 656 100
01/30/2024 18:55:32 - Support_Our_Troops[2000006]: @produce chain 4 3
01/30/2024 18:55:39 - Support_Our_Troops[2000006]: @refine 0 10
01/30/2024 18:57:02 - DiRT_Nap[2000002]: @heal
01/30/2024 18:57:13 - DiRT_Nap[2000002]: @item silver_arrow 5000
01/30/2024 18:58:39 - DiRT_Nap[2000002]: @warp moc_pyrd03
01/30/2024 18:59:28 - DiRT_Nap[2000002]: @warp moc_pryd03
01/30/2024 19:00:06 - Support_Our_Troops[2000006]: @warp moc_pyrd03
01/30/2024 19:00:14 - Support_Our_Troops[2000006]: @warp moc_pryd03
01/30/2024 19:03:20 - Support_Our_Troops[2000006]: @int 50
01/30/2024 19:06:38 - Support_Our_Troops[2000006]: @item crown
01/30/2024 19:07:56 - Support_Our_Troops[2000006]: @item 2274
01/30/2024 19:08:21 - Support_Our_Troops[2000006]: @item 269
01/30/2024 19:08:24 - Support_Our_Troops[2000006]: @item 2269
01/30/2024 19:10:16 - Support_Our_Troops[2000006]: @skpoint 5
01/30/2024 19:12:24 - Support_Our_Troops[2000006]: @item blue_potion 50
01/30/2024 19:21:24 - Support_Our_Troops[2000006]: @speed 20
01/30/2024 19:21:50 - Support_Our_Troops[2000006]: @heal
01/30/2024 19:34:35 - Support_Our_Troops[2000006]: @skpoint -9
01/30/2024 19:34:53 - Support_Our_Troops[2000006]: @jobchange 8
01/30/2024 19:35:02 - Support_Our_Troops[2000006]: @heal
01/30/2024 19:35:43 - Support_Our_Troops[2000006]: @skpoint 10
01/30/2024 19:36:11 - Support_Our_Troops[2000006]: @skpoint 10
01/30/2024 19:36:34 - Support_Our_Troops[2000006]: @skpoint 10
01/30/2024 19:36:54 - Support_Our_Troops[2000006]: @skpoint 10
01/30/2024 19:37:40 - Support_Our_Troops[2000006]: @int 20
01/30/2024 19:37:43 - Support_Our_Troops[2000006]: @luk 20
01/30/2024 19:37:45 - Support_Our_Troops[2000006]: @agi 20
01/30/2024 19:37:55 - Support_Our_Troops[2000006]: @monster mummy 3
01/30/2024 19:39:59 - Support_Our_Troops[2000006]: @monster mummy 5
01/30/2024 19:40:09 - Support_Our_Troops[2000006]: @monster mummy 5
01/30/2024 19:43:50 - Support_Our_Troops[2000006]: @warp moc_pryd03
01/30/2024 19:44:47 - Support_Our_Troops[2000006]: @speed 5
01/30/2024 19:45:09 - Support_Our_Troops[2000006]: @speed 5
01/30/2024 19:45:33 - Support_Our_Troops[2000006]: @skpoint 1
01/30/2024 19:45:44 - Support_Our_Troops[2000006]: @skpoint 10
01/30/2024 19:45:51 - Support_Our_Troops[2000006]: @skpoint 10
01/30/2024 19:46:06 - Support_Our_Troops[2000006]: @skpoint 10
01/30/2024 19:46:19 - Support_Our_Troops[2000006]: @skpoint 10
01/30/2024 19:46:48 - Support_Our_Troops[2000006]: @monster mummy 5
01/30/2024 19:47:55 - Support_Our_Troops[2000006]: @monster Drainliar 5
01/30/2024 19:48:33 - Support_Our_Troops[2000006]: @item blue_potion 50
01/30/2024 19:48:50 - Support_Our_Troops[2000006]: @jump
01/30/2024 19:48:54 - Support_Our_Troops[2000006]: @jump
01/30/2024 19:50:22 - HooliGan-B@stard[2000005]: @skpoint -15
01/30/2024 19:50:54 - HooliGan-B@stard[2000005]: @jobchange 17
01/30/2024 19:50:57 - HooliGan-B@stard[2000005]: @heal
01/30/2024 19:51:29 - HooliGan-B@stard[2000005]: @warp iz_dun01
01/30/2024 19:51:38 - HooliGan-B@stard[2000005]: @monster thara_frog 10000
01/30/2024 19:51:43 - HooliGan-B@stard[2000005]: @monster marina 10000
01/30/2024 19:51:50 - HooliGan-B@stard[2000005]: @jump
01/30/2024 19:51:52 - HooliGan-B@stard[2000005]: @monster marina 10000
01/30/2024 19:51:53 - HooliGan-B@stard[2000005]: @monster thara_frog 10000
01/30/2024 19:51:55 - HooliGan-B@stard[2000005]: @jump
01/30/2024 19:51:57 - HooliGan-B@stard[2000005]: @monster thara_frog 10000
01/30/2024 19:52:00 - HooliGan-B@stard[2000005]: @jump
01/30/2024 19:52:02 - HooliGan-B@stard[2000005]: @monster thara_frog 10000
01/30/2024 19:52:03 - HooliGan-B@stard[2000005]: @jump
01/30/2024 19:52:04 - HooliGan-B@stard[2000005]: @monster thara_frog 10000
01/30/2024 19:52:16 - HooliGan-B@stard[2000005]: @monster marina 5000
01/30/2024 19:52:19 - HooliGan-B@stard[2000005]: @jump
01/30/2024 19:52:21 - HooliGan-B@stard[2000005]: @monster marina 5000
01/30/2024 19:52:24 - HooliGan-B@stard[2000005]: @monster thara_frog 10000
01/30/2024 19:52:25 - HooliGan-B@stard[2000005]: @jump
01/30/2024 19:52:28 - HooliGan-B@stard[2000005]: @monster thara_frog 10000
01/30/2024 19:52:32 - HooliGan-B@stard[2000005]: @monster marina 5000
01/30/2024 19:52:35 - HooliGan-B@stard[2000005]: @jump
01/30/2024 19:52:39 - HooliGan-B@stard[2000005]: @monster thara_frog 10000
01/30/2024 19:52:40 - HooliGan-B@stard[2000005]: @jump
01/30/2024 19:52:42 - HooliGan-B@stard[2000005]: @monster thara_frog 10000
01/30/2024 19:52:43 - HooliGan-B@stard[2000005]: @jump
01/30/2024 19:52:46 - HooliGan-B@stard[2000005]: @monster thara_frog 10000
01/30/2024 19:52:51 - HooliGan-B@stard[2000005]: @item white_potion 100
01/30/2024 19:53:16 - HooliGan-B@stard[2000005]: @item 656 20
01/30/2024 19:54:03 - HooliGan-B@stard[2000005]: @jump 202 250
01/30/2024 19:54:10 - HooliGan-B@stard[2000005]: @monster thara_frog 10000
01/30/2024 19:54:22 - HooliGan-B@stard[2000005]: @monster maria 500
01/30/2024 19:54:27 - HooliGan-B@stard[2000005]: @monster marina 500
01/30/2024 19:54:45 - HooliGan-B@stard[2000005]: @warp mjolnir_05 230 276
01/30/2024 19:55:38 - HooliGan-B@stard[2000005]: @monster argiope 5
01/30/2024 19:55:40 - HooliGan-B@stard[2000005]: @monster argiope 5
01/30/2024 19:55:41 - HooliGan-B@stard[2000005]: @monster argiope 5
01/30/2024 19:55:43 - HooliGan-B@stard[2000005]: @monster argiope 5
01/30/2024 19:55:45 - HooliGan-B@stard[2000005]: @monster argiope 5
01/30/2024 19:55:46 - HooliGan-B@stard[2000005]: @monster argiope 5
01/30/2024 19:55:47 - HooliGan-B@stard[2000005]: @monster argiope 5
01/30/2024 19:55:48 - HooliGan-B@stard[2000005]: @monster argiope 5
01/30/2024 19:55:50 - HooliGan-B@stard[2000005]: @monster argiope 5
01/30/2024 19:55:50 - HooliGan-B@stard[2000005]: @monster argiope 5
01/30/2024 19:55:53 - HooliGan-B@stard[2000005]: @jump
01/30/2024 19:56:04 - HooliGan-B@stard[2000005]: @item clip
01/30/2024 19:56:08 - HooliGan-B@stard[2000005]: @item vitata_card
01/30/2024 19:56:20 - HooliGan-B@stard[2000005]: @monster argiope 5
01/30/2024 19:56:23 - HooliGan-B@stard[2000005]: @monster argiope 5
01/30/2024 19:56:25 - HooliGan-B@stard[2000005]: @monster argiope 5
01/30/2024 19:56:27 - HooliGan-B@stard[2000005]: @monster argiope 5
01/30/2024 19:56:29 - HooliGan-B@stard[2000005]: @monster argiope 5
01/30/2024 19:56:31 - HooliGan-B@stard[2000005]: @monster argiope 5
01/30/2024 19:56:34 - HooliGan-B@stard[2000005]: @monster argiope 5
01/30/2024 19:56:37 - HooliGan-B@stard[2000005]: @monster argiope 5
01/30/2024 19:56:39 - HooliGan-B@stard[2000005]: @monster argiope 5
01/30/2024 19:56:41 - HooliGan-B@stard[2000005]: @monster argiope 5
01/30/2024 19:56:43 - HooliGan-B@stard[2000005]: @monster argiope 5
01/30/2024 19:56:45 - HooliGan-B@stard[2000005]: @monster argiope 5
01/30/2024 19:56:46 - HooliGan-B@stard[2000005]: @monster argiope 5
01/30/2024 19:56:48 - HooliGan-B@stard[2000005]: @monster argiope 5
01/30/2024 19:56:49 - HooliGan-B@stard[2000005]: @monster argiope 5
01/30/2024 19:56:53 - HooliGan-B@stard[2000005]: @monster argiope 50
01/30/2024 19:57:01 - HooliGan-B@stard[2000005]: @monster argiope 50
01/30/2024 19:57:03 - HooliGan-B@stard[2000005]: @jump
01/30/2024 19:57:06 - HooliGan-B@stard[2000005]: @monster argiope 50
01/30/2024 19:57:07 - HooliGan-B@stard[2000005]: @jump
01/30/2024 19:57:08 - HooliGan-B@stard[2000005]: @jump
01/30/2024 19:57:10 - HooliGan-B@stard[2000005]: @monster argiope 50
01/30/2024 19:57:11 - HooliGan-B@stard[2000005]: @jump
01/30/2024 19:57:12 - HooliGan-B@stard[2000005]: @monster argiope 50
01/30/2024 19:57:13 - HooliGan-B@stard[2000005]: @jump
01/30/2024 19:57:14 - HooliGan-B@stard[2000005]: @monster argiope 50
01/30/2024 19:57:15 - HooliGan-B@stard[2000005]: @jump
01/30/2024 19:59:34 - Support_Our_Troops[2000006]: @heal
01/30/2024 19:59:54 - Support_Our_Troops[2000006]: @skpoint 10
01/30/2024 20:00:05 - Support_Our_Troops[2000006]: @skpoint -9
01/30/2024 20:00:15 - Support_Our_Troops[2000006]: @heal
01/30/2024 20:00:24 - Support_Our_Troops[2000006]: @monster mummy 3
01/30/2024 20:02:52 - Support_Our_Troops[2000006]: @heal
01/30/2024 20:03:02 - Support_Our_Troops[2000006]: @monster mummy 5
01/30/2024 20:23:42 - Dark_Fire[2000004]: @heal
01/30/2024 20:23:49 - Dark_Fire[2000004]: @warp prontera
01/30/2024 20:23:54 - Dark_Fire[2000004]: @jump
01/30/2024 20:23:56 - Dark_Fire[2000004]: @jump
01/30/2024 20:23:58 - Dark_Fire[2000004]: @jump
01/30/2024 20:24:06 - Dark_Fire[2000004]: @speed 5
01/30/2024 20:26:58 - Dark_Fire[2000004]: @item white_potion 50
01/30/2024 20:27:06 - Dark_Fire[2000004]: @item blue_potion 100
01/30/2024 20:27:29 - Dark_Fire[2000004]: @item crown
01/30/2024 20:27:37 - Dark_Fire[2000004]: @item elven_ears
01/30/2024 20:28:08 - Dark_Fire[2000004]: @warp mjolnir_05
01/30/2024 20:29:05 - Dark_Fire[2000004]: @skpoint 20
01/30/2024 20:30:19 - Dark_Fire[2000004]: @skpoint 20
01/30/2024 20:30:49 - Dark_Fire[2000004]: @hide
01/30/2024 20:30:56 - Dark_Fire[2000004]: @monster argiope 50
01/30/2024 20:31:17 - Dark_Fire[2000004]: @monster argiope 50
01/30/2024 20:31:44 - Dark_Fire[2000004]: @monster argiope 50
01/30/2024 20:32:03 - Dark_Fire[2000004]: @monster argiope 50
01/30/2024 20:32:05 - Dark_Fire[2000004]: @monster argiope 50
01/30/2024 20:32:07 - Dark_Fire[2000004]: @monster argiope 50
01/30/2024 20:32:10 - Dark_Fire[2000004]: @monster argiope 50
01/30/2024 20:32:19 - Dark_Fire[2000004]: @monster argiope 50
01/30/2024 20:32:23 - Dark_Fire[2000004]: @monster argiope 50
01/30/2024 20:33:11 - Dark_Fire[2000004]: @monster argiope 50
01/30/2024 20:33:24 - Dark_Fire[2000004]: @monster argiope 50
01/30/2024 20:33:56 - Dark_Fire[2000004]: @hide
01/30/2024 20:37:08 - Dark_Fire[2000004]: @heal
01/30/2024 20:46:40 - Support_Our_Troops[2000006]: @item blue_potion 100
01/30/2024 20:46:43 - Support_Our_Troops[2000006]: @heal
01/30/2024 20:46:52 - Support_Our_Troops[2000006]: @jump
01/30/2024 20:46:56 - Support_Our_Troops[2000006]: @jump
01/30/2024 20:47:07 - Support_Our_Troops[2000006]: @jump
01/30/2024 20:47:11 - Support_Our_Troops[2000006]: @item blue_potion 100
01/30/2024 20:47:31 - Support_Our_Troops[2000006]: @jump
01/30/2024 20:47:35 - Support_Our_Troops[2000006]: @jump
01/30/2024 20:47:41 - Support_Our_Troops[2000006]: @jump
01/30/2024 20:47:44 - Support_Our_Troops[2000006]: @jump
01/30/2024 20:47:47 - Support_Our_Troops[2000006]: @jump
01/30/2024 20:47:51 - Support_Our_Troops[2000006]: @jump
01/30/2024 20:48:02 - Support_Our_Troops[2000006]: @jump
01/30/2024 20:48:05 - Support_Our_Troops[2000006]: @jump
01/30/2024 20:48:07 - Support_Our_Troops[2000006]: @jump
01/30/2024 20:48:10 - Support_Our_Troops[2000006]: @jump
01/30/2024 20:48:16 - Support_Our_Troops[2000006]: @vit 300
01/30/2024 20:48:21 - Support_Our_Troops[2000006]: @str 200
01/30/2024 20:48:26 - Support_Our_Troops[2000006]: @jump
01/30/2024 20:48:31 - Support_Our_Troops[2000006]: @heal
01/30/2024 20:48:41 - Support_Our_Troops[2000006]: @item white_potion 50
01/30/2024 20:48:49 - Support_Our_Troops[2000006]: @int 50
01/30/2024 20:48:53 - Support_Our_Troops[2000006]: @dex 50
01/30/2024 20:51:32 - Support_Our_Troops[2000006]: @skpoint -11
01/30/2024 20:52:10 - Support_Our_Troops[2000006]: @item elven_ears
01/30/2024 21:10:09 - DiRT_Nap[2000002]: @heal
01/30/2024 21:10:20 - DiRT_Nap[2000002]: @warp prontera
01/30/2024 21:10:26 - DiRT_Nap[2000002]: @jump
01/30/2024 21:10:28 - DiRT_Nap[2000002]: @jump
01/30/2024 21:10:29 - DiRT_Nap[2000002]: @jump
01/30/2024 21:10:30 - DiRT_Nap[2000002]: @jump
01/30/2024 21:10:31 - DiRT_Nap[2000002]: @jump
01/30/2024 21:10:32 - DiRT_Nap[2000002]: @jump
01/30/2024 21:11:43 - DiRT_Nap[2000002]: @item silver_arrow 5000
01/30/2024 21:11:59 - DiRT_Nap[2000002]: @item white_potion 100
01/30/2024 21:12:04 - DiRT_Nap[2000002]: @item blue_potion 100
01/30/2024 21:12:12 - DiRT_Nap[2000002]: @str 50
01/30/2024 21:13:03 - DiRT_Nap[2000002]: @warp gl_prison1
01/30/2024 21:15:23 - ToPPY[2000000]: @warp prontera
01/30/2024 21:16:13 - ToPPY[2000000]: @item 1163 3 3
01/30/2024 21:16:30 - ToPPY[2000000]: @produce 1163 3 3
01/30/2024 21:16:37 - ToPPY[2000000]: @refine 0 10
01/30/2024 21:16:53 - ToPPY[2000000]: @jump
01/30/2024 21:16:59 - ToPPY[2000000]: @jump
01/30/2024 21:17:01 - ToPPY[2000000]: @jump
01/30/2024 21:17:02 - ToPPY[2000000]: @jump
01/30/2024 21:17:03 - ToPPY[2000000]: @jump
01/30/2024 21:17:04 - ToPPY[2000000]: @jump
01/30/2024 21:18:58 - ToPPY[2000000]: @str 50
01/30/2024 21:19:01 - ToPPY[2000000]: @agi 50
01/30/2024 21:19:08 - ToPPY[2000000]: @heal
01/30/2024 21:19:22 - ToPPY[2000000]: @item berserk_potion 20
01/30/2024 21:20:00 - ToPPY[2000000]: @warp gl_cas02
01/30/2024 21:30:37 - Support_Our_Troops[2000006]: @speed 5
01/30/2024 21:31:24 - DiRT_Nap[2000002]: @heal
01/30/2024 21:31:35 - DiRT_Nap[2000002]: @item silver_arrow 1000
01/30/2024 21:31:43 - DiRT_Nap[2000002]: @heal
01/30/2024 21:32:19 - ToPPY[2000000]: @heal
01/30/2024 21:32:23 - ToPPY[2000000]: @speed 5
01/30/2024 21:32:28 - DiRT_Nap[2000002]: @speed 5
01/30/2024 21:32:37 - HooliGan-B@stard[2000005]: @heal
01/30/2024 21:32:39 - HooliGan-B@stard[2000005]: @speed 5
01/30/2024 21:32:46 - Dark_Fire[2000004]: @heal
01/30/2024 21:32:48 - Dark_Fire[2000004]: @speed 5
01/30/2024 21:33:00 - DiRT_Nap[2000002]: @speed 5
01/30/2024 21:33:04 - DiRT_Nap[2000002]: @heal
01/30/2024 21:33:12 - ToPPY[2000000]: @speed 5
01/30/2024 21:33:13 - ToPPY[2000000]: @heal
01/30/2024 21:33:25 - HooliGan-B@stard[2000005]: @speed 5
01/30/2024 21:33:35 - The_Killer[2000001]: @heal
01/30/2024 21:33:38 - The_Killer[2000001]: @speed 5
01/30/2024 21:34:10 - Dark_Fire[2000004]: @heal
01/30/2024 21:34:29 - Dark_Fire[2000004]: @item blue_potion 100
01/30/2024 21:34:36 - Dark_Fire[2000004]: @item white_potion 20
01/30/2024 21:34:43 - Dark_Fire[2000004]: @heal
01/30/2024 21:34:53 - Dark_Fire[2000004]: @speed 5
01/30/2024 21:35:35 - DiRT_Nap[2000002]: @item blue_potion 100
01/30/2024 21:35:39 - DiRT_Nap[2000002]: @heal
01/30/2024 21:36:34 - Dark_Fire[2000004]: @monster argiope 3
01/30/2024 21:36:39 - Dark_Fire[2000004]: @monster argiope 3
01/30/2024 21:36:41 - Dark_Fire[2000004]: @monster argiope 3
01/30/2024 21:36:46 - Dark_Fire[2000004]: @monster argiope 3
01/30/2024 21:36:49 - Dark_Fire[2000004]: @monster argiope 3
01/30/2024 21:36:53 - Dark_Fire[2000004]: @monster argiope 3
01/30/2024 21:36:54 - Dark_Fire[2000004]: @monster argiope 3
01/30/2024 21:36:58 - Dark_Fire[2000004]: @monster argiope 3
01/30/2024 21:37:03 - Dark_Fire[2000004]: @monster argiope 3
01/30/2024 21:37:05 - Dark_Fire[2000004]: @monster argiope 3
01/30/2024 21:37:07 - Dark_Fire[2000004]: @monster argiope 3
01/30/2024 21:37:10 - Dark_Fire[2000004]: @monster argiope 3
01/30/2024 21:37:11 - Dark_Fire[2000004]: @monster argiope 3
01/30/2024 21:38:09 - The_DeViL_HiMSelF[2000003]: @heal
01/30/2024 21:38:20 - The_DeViL_HiMSelF[2000003]: @monster thara_frog 10000
01/30/2024 21:38:31 - The_DeViL_HiMSelF[2000003]: @monster marina 10000
01/30/2024 21:38:57 - Support_Our_Troops[2000006]: @heal
01/30/2024 21:39:00 - Support_Our_Troops[2000006]: @speed 20
01/30/2024 21:41:17 - DiRT_Nap[2000002]: @heal
01/30/2024 21:41:46 - DiRT_Nap[2000002]: @heal
01/30/2024 21:42:21 - DiRT_Nap[2000002]: @monster prison_skeleton 2
01/30/2024 21:42:27 - DiRT_Nap[2000002]: @monster prison_skeleton 2
01/30/2024 21:42:28 - DiRT_Nap[2000002]: @monster prison_skeleton 2
01/30/2024 21:46:20 - DiRT_Nap[2000002]: @heal
01/30/2024 21:46:31 - DiRT_Nap[2000002]: @monster prison_skeleton 2
01/30/2024 21:46:32 - DiRT_Nap[2000002]: @monster prison_skeleton 2
01/30/2024 21:46:35 - DiRT_Nap[2000002]: @monster prison_skeleton 2
01/30/2024 21:46:46 - DiRT_Nap[2000002]: @monster prison_skeleton 2
01/30/2024 21:46:59 - DiRT_Nap[2000002]: @heal
01/30/2024 21:47:11 - DiRT_Nap[2000002]: @heal
01/30/2024 21:47:45 - DiRT_Nap[2000002]: @heal
01/30/2024 21:47:49 - DiRT_Nap[2000002]: @monster prison_skeleton 4
01/30/2024 21:48:05 - DiRT_Nap[2000002]: @monster prison_skeleton 4
01/30/2024 21:48:26 - DiRT_Nap[2000002]: @monster prison_skeleton 4
01/30/2024 21:48:48 - DiRT_Nap[2000002]: @heal
01/30/2024 21:48:55 - DiRT_Nap[2000002]: @item blue_potion 100
01/30/2024 21:49:02 - DiRT_Nap[2000002]: @item silver_arrow 1000
01/30/2024 22:03:34 - DiRT_Nap[2000002]: @monster zombie_prisoner 5
01/30/2024 22:03:48 - DiRT_Nap[2000002]: @heal
01/30/2024 22:03:53 - DiRT_Nap[2000002]: @monster zombie_prisoner 5
01/30/2024 22:03:55 - DiRT_Nap[2000002]: @monster zombie_prisoner 5
01/30/2024 22:03:57 - DiRT_Nap[2000002]: @heal
01/30/2024 22:04:04 - DiRT_Nap[2000002]: @heal
01/30/2024 22:04:16 - DiRT_Nap[2000002]: @item fly_wing 20
01/30/2024 22:04:43 - DiRT_Nap[2000002]: @item 601 50
01/30/2024 22:04:51 - DiRT_Nap[2000002]: @heal
01/30/2024 22:04:55 - DiRT_Nap[2000002]: @monster zombie_prisoner 5
01/30/2024 22:06:50 - Support_Our_Troops[2000006]: @heal
01/30/2024 22:07:00 - Support_Our_Troops[2000006]: @warp gl_prison1
01/30/2024 22:07:33 - Support_Our_Troops[2000006]: @monster zombie_prisoner 2
01/30/2024 22:08:18 - Support_Our_Troops[2000006]: @monster zombie_prisoner 2
01/30/2024 22:08:27 - Support_Our_Troops[2000006]: @monster skeleton_prisoner 2
01/30/2024 22:14:06 - Support_Our_Troops[2000006]: @warp gl_prison1
01/30/2024 22:14:18 - Support_Our_Troops[2000006]: @monster skeleton_prisoner 2
01/30/2024 22:14:20 - Support_Our_Troops[2000006]: @monster skeleton_prisoner 2
01/30/2024 22:16:21 - Support_Our_Troops[2000006]: @monster skeleton_prisoner 2
01/30/2024 22:16:26 - Support_Our_Troops[2000006]: @monster skel_prisoner 2
01/30/2024 22:16:32 - Support_Our_Troops[2000006]: @monster skel_prisoner 2
01/30/2024 22:16:33 - Support_Our_Troops[2000006]: @monster skel_prisoner 2
01/30/2024 22:16:34 - Support_Our_Troops[2000006]: @monster skel_prisoner 2
01/30/2024 22:16:44 - Support_Our_Troops[2000006]: @monster skel_prisoner 2
01/30/2024 22:16:45 - Support_Our_Troops[2000006]: @monster skel_prisoner 2
01/30/2024 22:16:46 - Support_Our_Troops[2000006]: @monster skel_prisoner 2
01/30/2024 22:16:51 - Support_Our_Troops[2000006]: @monster zombie_prisoner 2
01/30/2024 22:16:52 - Support_Our_Troops[2000006]: @monster zombie_prisoner 2
01/30/2024 22:16:53 - Support_Our_Troops[2000006]: @monster zombie_prisoner 2
01/30/2024 22:16:53 - Support_Our_Troops[2000006]: @monster zombie_prisoner 2
01/30/2024 22:16:57 - Support_Our_Troops[2000006]: @monster skel_prisoner 2
01/30/2024 22:17:27 - Support_Our_Troops[2000006]: @monster skel_prisoner 2
01/30/2024 22:17:28 - Support_Our_Troops[2000006]: @monster skel_prisoner 2
01/30/2024 22:17:40 - Support_Our_Troops[2000006]: @monster skel_prisoner 2
01/30/2024 22:17:40 - Support_Our_Troops[2000006]: @monster skel_prisoner 2
01/30/2024 22:17:41 - Support_Our_Troops[2000006]: @monster skel_prisoner 2
01/30/2024 22:17:43 - Support_Our_Troops[2000006]: @monster skel_prisoner 2
01/30/2024 22:17:48 - Support_Our_Troops[2000006]: @monster skel_prisoner 2
01/30/2024 22:17:49 - Support_Our_Troops[2000006]: @monster skel_prisoner 2
01/30/2024 22:17:52 - Support_Our_Troops[2000006]: @monster zombie_prisoner 2
01/30/2024 22:17:54 - Support_Our_Troops[2000006]: @monster zombie_prisoner 4
01/30/2024 22:18:11 - Support_Our_Troops[2000006]: @item blue_gemstone 100
01/30/2024 22:18:20 - Support_Our_Troops[2000006]: @monster zombie_prisoner 2
01/30/2024 22:18:23 - Support_Our_Troops[2000006]: @monster zombie_prisoner 2
01/30/2024 22:18:36 - Support_Our_Troops[2000006]: @monster zombie_prisoner 2
01/30/2024 22:18:37 - Support_Our_Troops[2000006]: @monster zombie_prisoner 2
01/30/2024 22:18:38 - Support_Our_Troops[2000006]: @monster zombie_prisoner 2
01/30/2024 22:18:38 - Support_Our_Troops[2000006]: @monster zombie_prisoner 2
01/30/2024 22:18:40 - Support_Our_Troops[2000006]: @monster zombie_prisoner 2
01/30/2024 22:18:43 - Support_Our_Troops[2000006]: @monster skel_prisoner 2
01/30/2024 22:18:44 - Support_Our_Troops[2000006]: @monster skel_prisoner 2
01/30/2024 22:18:45 - Support_Our_Troops[2000006]: @monster skel_prisoner 2
01/30/2024 22:18:46 - Support_Our_Troops[2000006]: @monster skel_prisoner 2
01/30/2024 22:18:48 - Support_Our_Troops[2000006]: @monster skel_prisoner 2
01/30/2024 22:18:50 - Support_Our_Troops[2000006]: @monster zombie_prisoner 2
01/30/2024 22:18:59 - Support_Our_Troops[2000006]: @monster zombie_prisoner 2
01/30/2024 22:18:59 - Support_Our_Troops[2000006]: @monster zombie_prisoner 2
01/30/2024 22:19:04 - Support_Our_Troops[2000006]: @item blue_gemstone 100
01/30/2024 22:19:05 - Support_Our_Troops[2000006]: @monster zombie_prisoner 2
01/30/2024 22:19:06 - Support_Our_Troops[2000006]: @monster zombie_prisoner 2
01/30/2024 22:19:14 - Support_Our_Troops[2000006]: @heal
01/30/2024 22:19:25 - Support_Our_Troops[2000006]: @monster zombie_prisoner 2
01/30/2024 22:19:26 - Support_Our_Troops[2000006]: @monster zombie_prisoner 2
01/30/2024 22:19:29 - Support_Our_Troops[2000006]: @monster skel_prisoner 2
01/30/2024 22:19:31 - Support_Our_Troops[2000006]: @monster skel_prisoner 2
01/30/2024 22:19:31 - Support_Our_Troops[2000006]: @monster skel_prisoner 2
01/30/2024 22:19:33 - Support_Our_Troops[2000006]: @monster zombie_prisoner 2
01/30/2024 22:21:05 - Support_Our_Troops[2000006]: @monster skel_prisoner 2
01/30/2024 22:21:11 - Support_Our_Troops[2000006]: @monster skel_prisoner 2
01/30/2024 22:21:13 - Support_Our_Troops[2000006]: @monster skel_prisoner 2
01/30/2024 22:21:15 - Support_Our_Troops[2000006]: @monster skel_prisoner 2
01/30/2024 22:21:17 - Support_Our_Troops[2000006]: @monster zombie_prisoner 2
01/30/2024 22:21:18 - Support_Our_Troops[2000006]: @monster zombie_prisoner 2
01/30/2024 22:21:34 - Support_Our_Troops[2000006]: @monster zombie_prisoner 2
01/30/2024 22:21:45 - Support_Our_Troops[2000006]: @heal
01/30/2024 22:21:48 - Support_Our_Troops[2000006]: @monster zombie_prisoner 2
01/30/2024 22:21:53 - Support_Our_Troops[2000006]: @item blue_gemstone 100
01/30/2024 22:26:36 - Dark_Fire[2000004]: @warp prontera
01/30/2024 22:26:41 - Dark_Fire[2000004]: @speed 5
01/30/2024 22:29:37 - Dark_Fire[2000004]: @warp gl_cas02
01/30/2024 22:30:40 - Dark_Fire[2000004]: @heal
01/30/2024 22:31:01 - Dark_Fire[2000004]: @warp gl_prison1
01/30/2024 22:33:13 - Dark_Fire[2000004]: @heal
01/30/2024 22:33:47 - Dark_Fire[2000004]: @int 100
01/30/2024 22:33:56 - Dark_Fire[2000004]: @speed 5
01/30/2024 22:34:30 - Dark_Fire[2000004]: @monster zombie_prisoner 1
01/30/2024 22:35:11 - Dark_Fire[2000004]: @heal
01/30/2024 22:35:28 - Dark_Fire[2000004]: @alive
01/30/2024 22:35:58 - Dark_Fire[2000004]: @heal
01/30/2024 22:36:04 - Dark_Fire[2000004]: @heal
01/30/2024 22:36:08 - Dark_Fire[2000004]: @alive
01/30/2024 22:36:19 - Dark_Fire[2000004]: @vit 200
01/30/2024 22:36:21 - Dark_Fire[2000004]: @heal
01/30/2024 22:36:38 - Dark_Fire[2000004]: @jump
01/30/2024 22:36:40 - Dark_Fire[2000004]: @jump
01/30/2024 22:36:41 - Dark_Fire[2000004]: @jump
01/30/2024 22:36:43 - Dark_Fire[2000004]: @jump
01/30/2024 22:36:44 - Dark_Fire[2000004]: @jump
01/30/2024 22:36:45 - Dark_Fire[2000004]: @jump
01/30/2024 22:36:46 - Dark_Fire[2000004]: @jump
01/30/2024 22:36:47 - Dark_Fire[2000004]: @jump
01/30/2024 22:36:48 - Dark_Fire[2000004]: @jump
01/30/2024 22:36:49 - Dark_Fire[2000004]: @jump
01/30/2024 22:36:50 - Dark_Fire[2000004]: @jump
01/30/2024 22:36:51 - Dark_Fire[2000004]: @jump
01/30/2024 22:36:53 - Dark_Fire[2000004]: @jump
01/30/2024 22:36:54 - Dark_Fire[2000004]: @jump
01/30/2024 22:36:55 - Dark_Fire[2000004]: @jump
01/30/2024 22:36:55 - Dark_Fire[2000004]: @jump
01/30/2024 22:36:56 - Dark_Fire[2000004]: @jump
01/30/2024 22:36:57 - Dark_Fire[2000004]: @jump
01/30/2024 22:36:58 - Dark_Fire[2000004]: @jump
01/30/2024 22:36:59 - Dark_Fire[2000004]: @jump
01/30/2024 22:37:00 - Dark_Fire[2000004]: @jump
01/30/2024 22:37:02 - Dark_Fire[2000004]: @jump
01/30/2024 22:37:43 - Dark_Fire[2000004]: @jump
01/30/2024 22:37:45 - Dark_Fire[2000004]: @jump
01/30/2024 22:37:46 - Dark_Fire[2000004]: @jump
01/30/2024 22:37:47 - Dark_Fire[2000004]: @jump
01/30/2024 22:37:48 - Dark_Fire[2000004]: @jump
01/30/2024 22:37:48 - Dark_Fire[2000004]: @jump
01/30/2024 22:37:49 - Dark_Fire[2000004]: @jump
01/30/2024 22:37:50 - Dark_Fire[2000004]: @jump
01/30/2024 22:37:51 - Dark_Fire[2000004]: @jump
01/30/2024 22:37:52 - Dark_Fire[2000004]: @jump
01/30/2024 22:37:53 - Dark_Fire[2000004]: @jump
01/30/2024 22:37:54 - Dark_Fire[2000004]: @jump
01/30/2024 22:37:55 - Dark_Fire[2000004]: @jump
01/30/2024 22:37:56 - Dark_Fire[2000004]: @jump
01/30/2024 22:38:02 - Dark_Fire[2000004]: @speed 5
01/30/2024 22:39:16 - Support_Our_Troops[2000006]: @warp gl_prison
01/30/2024 22:41:20 - Support_Our_Troops[2000006]: @heal
01/30/2024 22:42:32 - Dark_Fire[2000004]: @monster zombie_prisoner 2
01/30/2024 22:42:38 - Dark_Fire[2000004]: @monster zombie_prisoner 2
01/30/2024 22:42:56 - Dark_Fire[2000004]: @monster zombie_prisoner 2
01/30/2024 22:42:59 - Dark_Fire[2000004]: @monster zombie_prisoner 2
01/30/2024 22:43:46 - Dark_Fire[2000004]: @monster zombie_prisoner 2
01/30/2024 22:43:49 - Dark_Fire[2000004]: @monster zombie_prisoner 2
01/30/2024 22:43:55 - Dark_Fire[2000004]: @heal
01/30/2024 22:44:02 - Dark_Fire[2000004]: @speed 5
01/30/2024 23:00:37 - Support_Our_Troops[2000006]: @jump
01/30/2024 23:00:44 - Support_Our_Troops[2000006]: @item blue_gemstone 100
01/30/2024 23:00:54 - Support_Our_Troops[2000006]: @speed 2
01/30/2024 23:01:09 - Support_Our_Troops[2000006]: @jump
01/30/2024 23:01:10 - Support_Our_Troops[2000006]: @jump
01/30/2024 23:01:11 - Support_Our_Troops[2000006]: @jump
01/30/2024 23:01:13 - Support_Our_Troops[2000006]: @jump
01/30/2024 23:01:15 - Support_Our_Troops[2000006]: @jump
01/30/2024 23:01:17 - Support_Our_Troops[2000006]: @jump
01/30/2024 23:01:22 - Support_Our_Troops[2000006]: @jump 151 28
01/30/2024 23:01:30 - Support_Our_Troops[2000006]: @jump 72 22
01/30/2024 23:04:17 - Support_Our_Troops[2000006]: @speed 5
01/30/2024 23:05:17 - HooliGan-B@stard[2000005]: @speed 5
01/30/2024 23:05:21 - HooliGan-B@stard[2000005]: @heal
01/30/2024 23:05:55 - Support_Our_Troops[2000006]: @item blue_gemstone 100
01/30/2024 23:06:50 - DiRT_Nap[2000002]: @item silver_arrow 3000
01/30/2024 23:08:06 - DiRT_Nap[2000002]: @warp gl_prison
01/30/2024 23:10:46 - ToPPY[2000000]: @str 10
01/30/2024 23:10:56 - ToPPY[2000000]: @dex 100
01/30/2024 23:11:23 - Support_Our_Troops[2000006]: @speed 5
01/30/2024 23:11:51 - DiRT_Nap[2000002]: @speed 5
01/30/2024 23:11:56 - The_Killer[2000001]: @speed 5
01/30/2024 23:12:07 - Dark_Fire[2000004]: @speed 5
01/30/2024 23:12:15 - Dark_Fire[2000004]: @heal
01/30/2024 23:14:01 - Dark_Fire[2000004]: @speed 5
01/30/2024 23:14:05 - Dark_Fire[2000004]: @heal
01/30/2024 23:38:06 - DiRT_Nap[2000002]: @heal
01/30/2024 23:38:18 - DiRT_Nap[2000002]: @warp gl_prison
01/30/2024 23:39:20 - DiRT_Nap[2000002]: @item silver_arrow 10000
01/30/2024 23:39:37 - DiRT_Nap[2000002]: @alive
01/30/2024 23:39:44 - DiRT_Nap[2000002]: @jump
01/30/2024 23:39:56 - DiRT_Nap[2000002]: @item white_potion 200
01/30/2024 23:40:03 - DiRT_Nap[2000002]: @item blue_potion 200
01/31/2024 00:08:07 - DiRT_Nap[2000002]: @item silver_arrow 10000
01/31/2024 00:08:12 - DiRT_Nap[2000002]: @heal
01/31/2024 00:08:17 - DiRT_Nap[2000002]: @speed 5
01/31/2024 00:08:49 - Dark_Fire[2000004]: @heal
01/31/2024 00:09:19 - HooliGan-B@stard[2000005]: @heal
01/31/2024 00:09:21 - HooliGan-B@stard[2000005]: @speed 5
01/31/2024 00:09:24 - ToPPY[2000000]: @heal
01/31/2024 00:09:27 - ToPPY[2000000]: @speed 5
01/31/2024 00:10:38 - ToPPY[2000000]: @warp  gl_cas02
01/31/2024 00:10:48 - ToPPY[2000000]: @heal
01/31/2024 00:10:56 - ToPPY[2000000]: @speed 5
01/31/2024 00:11:10 - Support_Our_Troops[2000006]: @heal
01/31/2024 00:11:20 - Support_Our_Troops[2000006]: @item blue_gemstone 100
01/31/2024 00:11:29 - Dark_Fire[2000004]: @heal
01/31/2024 00:11:39 - Dark_Fire[2000004]: @item blue_potion 20
01/31/2024 00:11:58 - Dark_Fire[2000004]: @item white_potion 20
01/31/2024 00:12:39 - The_Killer[2000001]: @monster thara_frog 2000
01/31/2024 00:13:07 - The_Killer[2000001]: @monster marse 20000
01/31/2024 00:13:36 - The_Killer[2000001]: @monster marc 10000
01/31/2024 00:13:51 - The_Killer[2000001]: @heal
01/31/2024 00:14:04 - The_Killer[2000001]: @warp iz_dun02
01/31/2024 00:14:13 - The_Killer[2000001]: @warp iz_dun01
01/31/2024 00:14:31 - The_Killer[2000001]: @monster phen 10000
01/31/2024 00:14:35 - The_Killer[2000001]: @jump
01/31/2024 00:14:38 - The_Killer[2000001]: @monster phen 10000
01/31/2024 00:14:39 - The_Killer[2000001]: @monster phen 10000
01/31/2024 00:14:46 - The_Killer[2000001]: @monster thara_frog 10000
01/31/2024 00:14:51 - The_Killer[2000001]: @monster thara_frog 10000
01/31/2024 00:14:53 - The_Killer[2000001]: @monster phen 10000
01/31/2024 00:15:11 - HooliGan-B@stard[2000005]: @monster agriope 10
01/31/2024 00:15:15 - HooliGan-B@stard[2000005]: @monster agriope 10000
01/31/2024 00:15:17 - HooliGan-B@stard[2000005]: @jump
01/31/2024 00:15:19 - HooliGan-B@stard[2000005]: @monster agriope 10000
01/31/2024 00:15:20 - HooliGan-B@stard[2000005]: @jump
01/31/2024 00:15:21 - HooliGan-B@stard[2000005]: @monster agriope 10000
01/31/2024 00:15:22 - HooliGan-B@stard[2000005]: @jump
01/31/2024 00:15:23 - HooliGan-B@stard[2000005]: @monster agriope 10000
01/31/2024 00:15:23 - HooliGan-B@stard[2000005]: @jump
01/31/2024 00:15:24 - HooliGan-B@stard[2000005]: @monster agriope 10000
01/31/2024 00:15:25 - HooliGan-B@stard[2000005]: @jump
01/31/2024 00:15:26 - HooliGan-B@stard[2000005]: @monster agriope 10000
01/31/2024 00:15:27 - HooliGan-B@stard[2000005]: @jump
01/31/2024 00:15:54 - DiRT_Nap[2000002]: @heal
01/31/2024 00:16:00 - DiRT_Nap[2000002]: @warp gl_prison
01/31/2024 00:16:31 - DiRT_Nap[2000002]: @item blue_potion 100
01/31/2024 00:16:46 - DiRT_Nap[2000002]: @heal
01/31/2024 00:16:50 - DiRT_Nap[2000002]: @speed 5
01/31/2024 00:17:23 - DiRT_Nap[2000002]: @item creamy_card
01/31/2024 00:17:30 - DiRT_Nap[2000002]: @item clip
01/31/2024 00:19:49 - DiRT_Nap[2000002]: @heal
01/31/2024 00:19:52 - DiRT_Nap[2000002]: @speed 5
01/31/2024 00:20:06 - Support_Our_Troops[2000006]: @speed 5
01/31/2024 00:20:30 - Support_Our_Troops[2000006]: @item blue_gemstone 100
01/31/2024 00:22:23 - HooliGan-B@stard[2000005]: @vit 100
01/31/2024 00:22:33 - HooliGan-B@stard[2000005]: @str 50
01/31/2024 00:22:53 - HooliGan-B@stard[2000005]: @monster agriope 10000
01/31/2024 00:22:55 - HooliGan-B@stard[2000005]: @jump
01/31/2024 00:22:59 - HooliGan-B@stard[2000005]: @monster agriope 10000
01/31/2024 00:23:00 - HooliGan-B@stard[2000005]: @jump
01/31/2024 00:23:38 - ToPPY[2000000]: @heal
01/31/2024 00:23:40 - ToPPY[2000000]: @speed 5
01/31/2024 00:23:43 - ToPPY[2000000]: @warp  gl_cas02
01/31/2024 00:23:46 - ToPPY[2000000]: @speed 5
01/31/2024 00:24:06 - ToPPY[2000000]: @item clip
01/31/2024 00:24:11 - ToPPY[2000000]: @item creamy_card
01/31/2024 00:26:02 - ToPPY[2000000]: @storeall
01/31/2024 00:26:11 - ToPPY[2000000]: @warp prontera
01/31/2024 00:26:17 - ToPPY[2000000]: @speed 5
01/31/2024 00:26:25 - ToPPY[2000000]: @jump
01/31/2024 00:26:28 - ToPPY[2000000]: @jump
01/31/2024 00:26:30 - ToPPY[2000000]: @jump
01/31/2024 00:26:31 - ToPPY[2000000]: @jump
01/31/2024 00:26:32 - ToPPY[2000000]: @jump
01/31/2024 00:26:33 - ToPPY[2000000]: @jump
01/31/2024 00:26:34 - ToPPY[2000000]: @jump
01/31/2024 00:26:35 - ToPPY[2000000]: @jump
01/31/2024 00:26:36 - ToPPY[2000000]: @jump
01/31/2024 00:26:37 - ToPPY[2000000]: @jump
01/31/2024 00:26:37 - ToPPY[2000000]: @jump
01/31/2024 00:26:38 - ToPPY[2000000]: @jump
01/31/2024 00:26:39 - ToPPY[2000000]: @jump
01/31/2024 00:26:40 - ToPPY[2000000]: @jump
01/31/2024 00:27:56 - ToPPY[2000000]: @item berserk_potion 20
01/31/2024 00:29:07 - ToPPY[2000000]: @item creamy_card
01/31/2024 00:29:10 - ToPPY[2000000]: @item clip
01/31/2024 00:29:25 - ToPPY[2000000]: @item white_potion 100
01/31/2024 00:29:30 - ToPPY[2000000]: @item blue_potion 30
01/31/2024 00:29:32 - ToPPY[2000000]: @item blue_potion 30
01/31/2024 00:29:45 - ToPPY[2000000]: @warp gl_cas02
01/31/2024 00:30:09 - Support_Our_Troops[2000006]: @heal
01/31/2024 00:30:17 - Dark_Fire[2000004]: @heal
01/31/2024 00:31:03 - Support_Our_Troops[2000006]: @item blue_gemstone 100
01/31/2024 00:31:04 - Support_Our_Troops[2000006]: @item blue_gemstone 100
01/31/2024 00:31:28 - Support_Our_Troops[2000006]: @item blue_gemstone 100
01/31/2024 00:37:29 - DiRT_Nap[2000002]: @item 10000
01/31/2024 00:37:32 - DiRT_Nap[2000002]: @heal
01/31/2024 00:37:53 - DiRT_Nap[2000002]: @item blue_potion 100
01/31/2024 00:38:21 - Support_Our_Troops[2000006]: @item blue_gemstone 50
01/31/2024 00:38:54 - ToPPY[2000000]: @heal
01/31/2024 00:39:17 - ToPPY[2000000]: @item blue_potion 100
01/31/2024 00:39:31 - ToPPY[2000000]: @speed 5
01/31/2024 00:52:49 - DiRT_Nap[2000002]: @heal
01/31/2024 00:52:53 - DiRT_Nap[2000002]: @item blue_potion 100
01/31/2024 00:53:02 - DiRT_Nap[2000002]: @speed 5
01/31/2024 00:53:28 - DiRT_Nap[2000002]: @item silver_arrow 2000
01/31/2024 00:54:37 - DiRT_Nap[2000002]: @item clip
01/31/2024 00:54:41 - DiRT_Nap[2000002]: @item vitata_card
01/31/2024 00:54:58 - DiRT_Nap[2000002]: @agi 100
01/31/2024 00:55:03 - DiRT_Nap[2000002]: @dex 100
01/31/2024 00:55:08 - DiRT_Nap[2000002]: @vit 50
01/31/2024 00:55:10 - DiRT_Nap[2000002]: @str 50
01/31/2024 00:55:18 - DiRT_Nap[2000002]: @heal
01/31/2024 00:55:33 - DiRT_Nap[2000002]: @warp gl_prison
01/31/2024 00:56:45 - Support_Our_Troops[2000006]: @heal
01/31/2024 00:56:48 - Support_Our_Troops[2000006]: @speed 5
01/31/2024 00:57:16 - Dark_Fire[2000004]: @heal
01/31/2024 00:57:20 - Dark_Fire[2000004]: @speed 5
01/31/2024 00:57:50 - Dark_Fire[2000004]: @item white_potion 10
01/31/2024 01:04:20 - Support_Our_Troops[2000006]: @item blue_gemstone 100
01/31/2024 01:04:22 - Support_Our_Troops[2000006]: @item blue_gemstone 100
01/31/2024 01:04:24 - Support_Our_Troops[2000006]: @item blue_gemstone 100
01/31/2024 01:07:49 - Support_Our_Troops[2000006]: @speed 5
01/31/2024 01:07:53 - HooliGan-B@stard[2000005]: @speed 5
01/31/2024 01:07:57 - The_Killer[2000001]: @speed 5
01/31/2024 01:08:01 - DiRT_Nap[2000002]: @speed 5
01/31/2024 01:08:07 - Support_Our_Troops[2000006]: @heal
01/31/2024 01:08:15 - Dark_Fire[2000004]: @heal
01/31/2024 01:18:03 - Dark_Fire[2000004]: @speed 5
01/31/2024 01:18:06 - Support_Our_Troops[2000006]: @speed 5
01/31/2024 01:18:10 - DiRT_Nap[2000002]: @speed 5
01/31/2024 01:18:28 - DiRT_Nap[2000002]: @item silver_arrow 10000
01/31/2024 01:18:40 - DiRT_Nap[2000002]: @heal
01/31/2024 01:18:43 - Dark_Fire[2000004]: @heal
01/31/2024 01:18:46 - Support_Our_Troops[2000006]: @heal
01/31/2024 01:18:49 - HooliGan-B@stard[2000005]: @heal
01/31/2024 01:18:51 - HooliGan-B@stard[2000005]: @speed 5
01/31/2024 01:18:59 - The_Killer[2000001]: @heal
01/31/2024 01:19:02 - The_Killer[2000001]: @speed 5
01/31/2024 01:19:13 - ToPPY[2000000]: @heal
01/31/2024 01:19:17 - ToPPY[2000000]: @speed 5
01/31/2024 01:20:01 - Support_Our_Troops[2000006]: @item blue_gemstone 300
01/31/2024 01:22:25 - The_DeViL_HiMSelF[2000003]: @zeny 500000
01/31/2024 01:24:13 - Support_Our_Troops[2000006]: @speed 5
01/31/2024 01:26:02 - ToPPY[2000000]: @speed 5
01/31/2024 01:30:07 - DiRT_Nap[2000002]: @item silver_arrow 5000
01/31/2024 01:44:51 - DiRT_Nap[2000002]: @item silver_arrow 5000
01/31/2024 01:45:49 - Support_Our_Troops[2000006]: @item blue_gemstone 300
01/31/2024 01:45:52 - Support_Our_Troops[2000006]: @speed 5
01/31/2024 08:21:28 - DiRT_Nap[2000002]: @item silver_arrow 30000
01/31/2024 08:23:03 - ToPPY[2000000]: @heal
01/31/2024 08:23:20 - The_Killer[2000001]: @heal
01/31/2024 08:23:28 - Dark_Fire[2000004]: @heal
01/31/2024 08:32:31 - ToPPY[2000000]: @heal
01/31/2024 08:33:16 - ToPPY[2000000]: @speed 5
01/31/2024 08:33:45 - ToPPY[2000000]: @warp gl_cas02
01/31/2024 08:34:05 - ToPPY[2000000]: @item white_potion 50
01/31/2024 08:34:11 - ToPPY[2000000]: @item white_potion 50
01/31/2024 08:34:31 - ToPPY[2000000]: @item White_Potion 50
01/31/2024 08:34:37 - ToPPY[2000000]: @item White_Potion 5
01/31/2024 08:34:58 - ToPPY[2000000]: @item white_potion 5
01/31/2024 08:35:08 - ToPPY[2000000]: @heal
01/31/2024 08:35:38 - Dark_Fire[2000004]: @speed 5
01/31/2024 08:35:41 - Dark_Fire[2000004]: @heal
01/31/2024 08:35:52 - DiRT_Nap[2000002]: @heal
01/31/2024 08:37:08 - DiRT_Nap[2000002]: @heal
01/31/2024 08:37:28 - DiRT_Nap[2000002]: @item silver_arrow 5000
01/31/2024 08:37:48 - ToPPY[2000000]: @heal
01/31/2024 08:38:05 - ToPPY[2000000]: @heal
01/31/2024 08:38:10 - ToPPY[2000000]: @heal
01/31/2024 08:38:12 - ToPPY[2000000]: @heal
01/31/2024 08:38:15 - ToPPY[2000000]: @heal
01/31/2024 08:38:19 - ToPPY[2000000]: @heal
01/31/2024 08:38:23 - ToPPY[2000000]: @heal
01/31/2024 08:38:26 - ToPPY[2000000]: @heal
01/31/2024 08:38:28 - ToPPY[2000000]: @heal
01/31/2024 08:38:31 - ToPPY[2000000]: @heal
01/31/2024 08:38:33 - ToPPY[2000000]: @heal
01/31/2024 08:38:35 - ToPPY[2000000]: @heal
01/31/2024 08:38:38 - ToPPY[2000000]: @heal
01/31/2024 08:38:41 - ToPPY[2000000]: @heal
01/31/2024 08:38:44 - ToPPY[2000000]: @heal
01/31/2024 08:38:47 - ToPPY[2000000]: @heal
01/31/2024 08:38:49 - ToPPY[2000000]: @heal
01/31/2024 08:38:53 - ToPPY[2000000]: @speed 5
01/31/2024 08:39:15 - HooliGan-B@stard[2000005]: @speed 5
01/31/2024 08:39:31 - Support_Our_Troops[2000006]: @heal
01/31/2024 08:39:45 - Dark_Fire[2000004]: @heal
01/31/2024 08:39:49 - Dark_Fire[2000004]: @speed 5
01/31/2024 08:39:53 - ToPPY[2000000]: @heal
01/31/2024 08:40:37 - ToPPY[2000000]: @heal
01/31/2024 08:42:13 - DiRT_Nap[2000002]: @heal
01/31/2024 08:52:31 - DiRT_Nap[2000002]: @heal
01/31/2024 08:52:42 - ToPPY[2000000]: @heal
01/31/2024 08:52:57 - Support_Our_Troops[2000006]: @heal
01/31/2024 08:53:05 - Support_Our_Troops[2000006]: @warp gl_prison
01/31/2024 08:53:29 - DiRT_Nap[2000002]: @heal
01/31/2024 08:53:44 - Dark_Fire[2000004]: @speed 5
01/31/2024 08:53:47 - Support_Our_Troops[2000006]: @speed 5
01/31/2024 08:53:56 - DiRT_Nap[2000002]: @speed 5
01/31/2024 08:54:09 - The_DeViL_HiMSelF[2000003]: @speed 5
01/31/2024 08:54:24 - The_DeViL_HiMSelF[2000003]: @monster marina 10000
01/31/2024 08:54:31 - The_DeViL_HiMSelF[2000003]: @monster thara_frog 10000
01/31/2024 08:55:06 - Support_Our_Troops[2000006]: @heal
01/31/2024 08:55:12 - DiRT_Nap[2000002]: @heal
01/31/2024 08:58:31 - The_Killer[2000001]: @heal
01/31/2024 08:58:46 - The_Killer[2000001]: @monster phen 10000
01/31/2024 08:58:56 - The_Killer[2000001]: @monster phen 10000
01/31/2024 08:59:05 - The_DeViL_HiMSelF[2000003]: @monster phen 10000
01/31/2024 09:01:20 - Support_Our_Troops[2000006]: @speed 5
01/31/2024 09:01:25 - DiRT_Nap[2000002]: @speed 5
01/31/2024 09:01:29 - Dark_Fire[2000004]: @speed 5
01/31/2024 09:08:41 - Support_Our_Troops[2000006]: @heal
01/31/2024 09:09:15 - DiRT_Nap[2000002]: @heal
01/31/2024 09:10:32 - Support_Our_Troops[2000006]: @heal
01/31/2024 09:10:34 - Support_Our_Troops[2000006]: @heal
01/31/2024 09:10:41 - The_DeViL_HiMSelF[2000003]: @monster phen 10000
01/31/2024 09:10:45 - The_Killer[2000001]: @monster phen 10000
01/31/2024 09:10:55 - DiRT_Nap[2000002]: @heal
01/31/2024 09:12:31 - Support_Our_Troops[2000006]: @heal
01/31/2024 09:13:30 - Support_Our_Troops[2000006]: @heal
01/31/2024 09:13:39 - DiRT_Nap[2000002]: @heal
01/31/2024 09:13:42 - DiRT_Nap[2000002]: @heal
01/31/2024 09:14:29 - ToPPY[2000000]: @warp prontera
01/31/2024 09:14:42 - ToPPY[2000000]: @jump
01/31/2024 09:14:43 - ToPPY[2000000]: @jump
01/31/2024 09:17:44 - BUrN_THem_@LL[2000000]: @warp prontera
01/31/2024 09:17:48 - BUrN_THem_@LL[2000000]: @agi 200
01/31/2024 09:17:51 - BUrN_THem_@LL[2000000]: @str 200
01/31/2024 09:18:07 - BUrN_THem_@LL[2000000]: @jobchange 1
01/31/2024 09:18:12 - BUrN_THem_@LL[2000000]: @vit 100
01/31/2024 09:19:20 - BUrN_THem_@LL[2000000]: @produce 1159 4 3
01/31/2024 09:19:32 - BUrN_THem_@LL[2000000]: @speed 20
01/31/2024 09:19:55 - BUrN_THem_@LL[2000000]: @zeny 50000
01/31/2024 09:20:45 - BUrN_THem_@LL[2000000]: @item 2229
01/31/2024 09:20:53 - BUrN_THem_@LL[2000000]: @item iron_cane
01/31/2024 09:21:18 - BUrN_THem_@LL[2000000]: @monster marina 5
01/31/2024 09:21:42 - BUrN_THem_@LL[2000000]: @monster phen
01/31/2024 09:21:45 - BUrN_THem_@LL[2000000]: @monster phen
01/31/2024 09:21:46 - BUrN_THem_@LL[2000000]: @monster phen
01/31/2024 09:21:46 - BUrN_THem_@LL[2000000]: @monster phen
01/31/2024 09:22:20 - BUrN_THem_@LL[2000000]: @monster marse
01/31/2024 09:22:25 - BUrN_THem_@LL[2000000]: @monster marse
01/31/2024 09:22:27 - BUrN_THem_@LL[2000000]: @monster marse
01/31/2024 09:22:30 - BUrN_THem_@LL[2000000]: @monster phen
01/31/2024 09:22:36 - BUrN_THem_@LL[2000000]: @monster phen 100
01/31/2024 09:23:45 - BUrN_THem_@LL[2000000]: @monster sword_fish
01/31/2024 09:23:51 - BUrN_THem_@LL[2000000]: @monster sword_fish 5
01/31/2024 09:24:38 - BUrN_THem_@LL[2000000]: @skpoint 15
01/31/2024 09:25:13 - BUrN_THem_@LL[2000000]: @monster sword_fish 5
01/31/2024 09:25:26 - BUrN_THem_@LL[2000000]: @monster sword_fish 5
01/31/2024 09:25:59 - BUrN_THem_@LL[2000000]: @monster sword_fish 10
01/31/2024 09:26:08 - BUrN_THem_@LL[2000000]: @monster sword_fish 10
01/31/2024 09:26:20 - BUrN_THem_@LL[2000000]: @monster sword_fish 10
01/31/2024 09:26:31 - BUrN_THem_@LL[2000000]: @monster sword_fish 10
01/31/2024 09:26:52 - BUrN_THem_@LL[2000000]: @skpoint 5
01/31/2024 09:26:58 - BUrN_THem_@LL[2000000]: @skpoint 5
01/31/2024 09:27:02 - BUrN_THem_@LL[2000000]: @skpoint -5
01/31/2024 09:27:03 - BUrN_THem_@LL[2000000]: @skpoint -5
01/31/2024 09:27:06 - BUrN_THem_@LL[2000000]: @monster sword_fish 10
01/31/2024 09:27:18 - BUrN_THem_@LL[2000000]: @monster sword_fish 10
01/31/2024 09:28:36 - BUrN_THem_@LL[2000000]: @monster sword_fish 10
01/31/2024 09:28:47 - BUrN_THem_@LL[2000000]: @monster sword_fish 10
01/31/2024 09:29:10 - The_Killer[2000001]: @monster sword_fish 5
01/31/2024 09:29:23 - The_DeViL_HiMSelF[2000003]: @monster sword_fish 5
01/31/2024 09:29:28 - The_Killer[2000001]: @monster sword_fish 5
01/31/2024 09:29:29 - The_DeViL_HiMSelF[2000003]: @monster sword_fish 5
01/31/2024 09:30:02 - The_DeViL_HiMSelF[2000003]: @monster sword_fish 5
01/31/2024 09:30:21 - BUrN_THem_@LL[2000000]: @monster sword_fish 10
01/31/2024 09:30:45 - BUrN_THem_@LL[2000000]: @skpoint 1
01/31/2024 09:31:19 - BUrN_THem_@LL[2000000]: @jobchange 14
01/31/2024 09:31:25 - BUrN_THem_@LL[2000000]: @skpoint 10
01/31/2024 09:31:43 - BUrN_THem_@LL[2000000]: @skpoint 10
01/31/2024 09:31:54 - BUrN_THem_@LL[2000000]: @skpoint 10
01/31/2024 09:32:02 - BUrN_THem_@LL[2000000]: @skpoint 10
01/31/2024 09:33:40 - BUrN_THem_@LL[2000000]: @produce 1465 4 3
01/31/2024 09:34:05 - BUrN_THem_@LL[2000000]: @item 656 20
01/31/2024 09:34:16 - BUrN_THem_@LL[2000000]: @refine 0 10
01/31/2024 09:34:29 - BUrN_THem_@LL[2000000]: @monster sword_fish 10
01/31/2024 09:34:53 - BUrN_THem_@LL[2000000]: @monster sword_fish 10
01/31/2024 09:35:06 - BUrN_THem_@LL[2000000]: @monster sword_fish 10
01/31/2024 09:35:15 - BUrN_THem_@LL[2000000]: @item bone_helm
01/31/2024 09:35:22 - BUrN_THem_@LL[2000000]: @refine 0 10
01/31/2024 09:35:26 - BUrN_THem_@LL[2000000]: @item fin_helm
01/31/2024 09:36:26 - BUrN_THem_@LL[2000000]: @int 150
01/31/2024 09:36:31 - BUrN_THem_@LL[2000000]: @dex 50
01/31/2024 09:36:43 - BUrN_THem_@LL[2000000]: @vit 30
01/31/2024 09:36:49 - BUrN_THem_@LL[2000000]: @heal
01/31/2024 09:37:08 - BUrN_THem_@LL[2000000]: @skpoint 10
01/31/2024 09:37:19 - BUrN_THem_@LL[2000000]: @skpoint 10
01/31/2024 09:37:26 - BUrN_THem_@LL[2000000]: @skpoint 10
01/31/2024 09:40:53 - BUrN_THem_@LL[2000000]: @warp iz_dun01
01/31/2024 10:06:56 - BUrN_THem_@LL[2000000]: @monster sword_fish 10
01/31/2024 10:07:07 - BUrN_THem_@LL[2000000]: @monster phen 1000
01/31/2024 10:07:19 - The_Killer[2000001]: @monster sword_fish 10
01/31/2024 10:07:29 - The_DeViL_HiMSelF[2000003]: @monster sword_fish 10
01/31/2024 10:07:35 - The_DeViL_HiMSelF[2000003]: @monster phen 10000
01/31/2024 10:07:46 - The_Killer[2000001]: @monster phen 10000
01/31/2024 10:08:04 - The_DeViL_HiMSelF[2000003]: @monster sword_fish 10
01/31/2024 10:08:08 - BUrN_THem_@LL[2000000]: @monster sword_fish 10
01/31/2024 10:08:22 - The_DeViL_HiMSelF[2000003]: @monster sword_fish 10
01/31/2024 10:08:27 - The_Killer[2000001]: @monster sword_fish 10
01/31/2024 10:10:16 - BUrN_THem_@LL[2000000]: @monster sword_fish 10
01/31/2024 10:10:22 - The_Killer[2000001]: @monster sword_fish 10
01/31/2024 10:10:28 - The_DeViL_HiMSelF[2000003]: @monster sword_fish 10
01/31/2024 10:10:34 - The_DeViL_HiMSelF[2000003]: @monster sword_fish 10
01/31/2024 10:10:36 - The_Killer[2000001]: @monster sword_fish 10
01/31/2024 10:10:39 - BUrN_THem_@LL[2000000]: @monster sword_fish 10
01/31/2024 10:11:16 - BUrN_THem_@LL[2000000]: @heal
01/31/2024 10:11:24 - BUrN_THem_@LL[2000000]: @warp iz_du01
01/31/2024 10:11:36 - BUrN_THem_@LL[2000000]: @warp iz_dun01
01/31/2024 10:17:20 - BUrN_THem_@LL[2000000]: @heal
01/31/2024 10:17:25 - BUrN_THem_@LL[2000000]: @monster sword_fish 10
01/31/2024 10:17:31 - The_Killer[2000001]: @monster sword_fish 10
01/31/2024 10:17:44 - Dark_Fire[2000004]: @heal
01/31/2024 10:17:59 - Dark_Fire[2000004]: @warp gl_prison
01/31/2024 10:19:58 - BUrN_THem_@LL[2000000]: @monster sword_fish 10
01/31/2024 10:20:15 - The_Killer[2000001]: @monster sword_fish 10
01/31/2024 10:20:22 - BUrN_THem_@LL[2000000]: @heal
01/31/2024 10:20:25 - BUrN_THem_@LL[2000000]: @speed 5
01/31/2024 10:20:28 - The_Killer[2000001]: @heal
01/31/2024 10:20:30 - The_Killer[2000001]: @speed 5
01/31/2024 10:21:29 - HooliGan-B@stard[2000005]: @monster Argiope 5
01/31/2024 10:21:34 - HooliGan-B@stard[2000005]: @monster Argiope 5
01/31/2024 10:21:44 - HooliGan-B@stard[2000005]: @monster Argiope 5
01/31/2024 10:21:51 - The_Killer[2000001]: @monster sword_fish 10
01/31/2024 10:21:59 - BUrN_THem_@LL[2000000]: @monster sword_fish 10
01/31/2024 10:22:11 - BUrN_THem_@LL[2000000]: @heal
01/31/2024 10:22:26 - The_DeViL_HiMSelF[2000003]: @monster sword_fish 10
01/31/2024 10:22:59 - The_DeViL_HiMSelF[2000003]: @monster sword_fish 10
01/31/2024 10:23:15 - HooliGan-B@stard[2000005]: @monster Argiope 5
01/31/2024 10:23:27 - The_DeViL_HiMSelF[2000003]: @monster phen 10000
01/31/2024 10:23:39 - The_Killer[2000001]: @monster Thara_Frog 10000
01/31/2024 10:23:49 - BUrN_THem_@LL[2000000]: @monster Thara_Frog 10000
01/31/2024 10:23:55 - The_Killer[2000001]: @monster sword_fish 10
01/31/2024 10:24:00 - BUrN_THem_@LL[2000000]: @monster sword_fish 10
01/31/2024 10:24:04 - The_DeViL_HiMSelF[2000003]: @monster sword_fish 10
01/31/2024 10:24:29 - HooliGan-B@stard[2000005]: @monster Argiope 10
01/31/2024 10:24:35 - HooliGan-B@stard[2000005]: @monster Argiope 10
01/31/2024 10:24:40 - HooliGan-B@stard[2000005]: @monster Argiope 10
01/31/2024 10:24:41 - HooliGan-B@stard[2000005]: @monster Argiope 10
01/31/2024 10:24:51 - HooliGan-B@stard[2000005]: @monster Argiope 10
01/31/2024 10:25:01 - The_DeViL_HiMSelF[2000003]: @monster sword_fish 10
01/31/2024 10:25:04 - BUrN_THem_@LL[2000000]: @monster sword_fish 10
01/31/2024 10:25:06 - The_Killer[2000001]: @monster sword_fish 10
01/31/2024 10:25:15 - BUrN_THem_@LL[2000000]: @heal
01/31/2024 10:25:28 - BUrN_THem_@LL[2000000]: @warp iz_dun01
01/31/2024 10:25:38 - BUrN_THem_@LL[2000000]: @monster sword_fish 10
01/31/2024 10:25:57 - BUrN_THem_@LL[2000000]: @heal
01/31/2024 10:26:12 - BUrN_THem_@LL[2000000]: @monster sword_fish 10
01/31/2024 10:26:14 - BUrN_THem_@LL[2000000]: @heal
01/31/2024 10:26:22 - BUrN_THem_@LL[2000000]: @heal
01/31/2024 10:26:33 - The_Killer[2000001]: @monster sword_fish 10
01/31/2024 10:26:34 - The_Killer[2000001]: @monster sword_fish 10
01/31/2024 10:26:37 - The_DeViL_HiMSelF[2000003]: @monster sword_fish 10
01/31/2024 10:26:37 - The_DeViL_HiMSelF[2000003]: @monster sword_fish 10
01/31/2024 10:26:41 - The_Killer[2000001]: @heal
01/31/2024 10:26:45 - The_DeViL_HiMSelF[2000003]: @heal
01/31/2024 10:28:42 - The_DeViL_HiMSelF[2000003]: @heal
01/31/2024 10:28:57 - The_DeViL_HiMSelF[2000003]: @vit 100
01/31/2024 10:29:04 - The_DeViL_HiMSelF[2000003]: @str 100
01/31/2024 10:29:08 - The_DeViL_HiMSelF[2000003]: @heal
01/31/2024 10:29:29 - The_DeViL_HiMSelF[2000003]: @warp iz_dun01
01/31/2024 10:29:34 - The_DeViL_HiMSelF[2000003]: @hide
01/31/2024 10:29:39 - The_DeViL_HiMSelF[2000003]: @monster sword_fish 1000
01/31/2024 10:29:52 - The_DeViL_HiMSelF[2000003]: @monster phen 10000
01/31/2024 10:29:54 - The_DeViL_HiMSelF[2000003]: @jump
01/31/2024 10:29:57 - The_DeViL_HiMSelF[2000003]: @monster phen 10000
01/31/2024 10:30:01 - The_DeViL_HiMSelF[2000003]: @monster sword_fish 1000
01/31/2024 10:30:03 - The_DeViL_HiMSelF[2000003]: @jump
01/31/2024 10:30:05 - The_DeViL_HiMSelF[2000003]: @monster phen 10000
01/31/2024 10:30:06 - The_DeViL_HiMSelF[2000003]: @jump
01/31/2024 10:30:10 - The_DeViL_HiMSelF[2000003]: @monster phen 10000
01/31/2024 10:30:15 - The_DeViL_HiMSelF[2000003]: @monster sword_fish 1000
01/31/2024 10:30:24 - The_DeViL_HiMSelF[2000003]: @jump
01/31/2024 10:30:27 - The_DeViL_HiMSelF[2000003]: @monster phen 10000
01/31/2024 10:30:36 - The_DeViL_HiMSelF[2000003]: @monster Thara_frog 10000
01/31/2024 10:30:55 - The_DeViL_HiMSelF[2000003]: @monster sword_fish 20
01/31/2024 10:31:02 - The_DeViL_HiMSelF[2000003]: @monster sword_fish 20
01/31/2024 10:31:50 - The_DeViL_HiMSelF[2000003]: @monster sword_fish 20
01/31/2024 10:31:52 - The_DeViL_HiMSelF[2000003]: @monster Thara_frog 10000
01/31/2024 10:31:56 - The_DeViL_HiMSelF[2000003]: @monster phen 10000
01/31/2024 10:32:11 - BUrN_THem_@LL[2000000]: @heal
01/31/2024 10:32:16 - The_DeViL_HiMSelF[2000003]: @monster phen 10000
01/31/2024 10:32:18 - The_DeViL_HiMSelF[2000003]: @monster phen 10000
01/31/2024 10:32:19 - The_DeViL_HiMSelF[2000003]: @monster phen 10000
01/31/2024 10:32:23 - The_DeViL_HiMSelF[2000003]: @monster Thara_frog 10000
01/31/2024 10:32:30 - The_DeViL_HiMSelF[2000003]: @hide
01/31/2024 10:32:57 - HooliGan-B@stard[2000005]: @monster Argiope 10
01/31/2024 10:33:10 - HooliGan-B@stard[2000005]: @monster Argiope 10
01/31/2024 10:33:21 - The_Killer[2000001]: @heal
01/31/2024 10:41:57 - BUrN_THem_@LL[2000000]: @monster sword_fish 10
01/31/2024 10:42:11 - The_DeViL_HiMSelF[2000003]: @monster sword_fish 10
01/31/2024 10:42:16 - HooliGan-B@stard[2000005]: @monster Argiope 10
01/31/2024 10:42:19 - The_Killer[2000001]: @monster sword_fish 10
01/31/2024 10:42:20 - The_Killer[2000001]: @heal
01/31/2024 10:42:25 - The_DeViL_HiMSelF[2000003]: @heal
01/31/2024 10:42:29 - BUrN_THem_@LL[2000000]: @heal
01/31/2024 10:44:06 - The_Killer[2000001]: @heal
01/31/2024 10:44:29 - The_Killer[2000001]: @heal
01/31/2024 10:44:42 - The_Killer[2000001]: @warp iz_dun01
01/31/2024 10:46:11 - The_Killer[2000001]: @heal
01/31/2024 10:50:00 - The_Killer[2000001]: @monster sword_fish 10
01/31/2024 10:50:34 - HooliGan-B@stard[2000005]: @monster Argiope 10
01/31/2024 10:50:42 - HooliGan-B@stard[2000005]: @monster Argiope 10
01/31/2024 10:52:21 - The_Killer[2000001]: @speed 2
01/31/2024 10:55:38 - The_Killer[2000001]: @item white_potion 200
01/31/2024 10:55:54 - The_Killer[2000001]: @zeny 500000
01/31/2024 10:56:36 - The_Killer[2000001]: @item 2624 2
01/31/2024 10:56:41 - The_Killer[2000001]: @item creamy_card
01/31/2024 10:56:49 - The_Killer[2000001]: @item vitata_card
01/31/2024 10:57:01 - The_Killer[2000001]: @vit 100
01/31/2024 10:57:03 - The_Killer[2000001]: @str 100
01/31/2024 10:57:31 - The_Killer[2000001]: @skpoint -3
01/31/2024 10:57:51 - The_Killer[2000001]: @item 656 20
01/31/2024 10:58:05 - The_Killer[2000001]: @warp iz_dun01
01/31/2024 10:58:12 - The_Killer[2000001]: @jump
01/31/2024 10:58:13 - The_Killer[2000001]: @jump
01/31/2024 10:58:15 - The_Killer[2000001]: @jump
01/31/2024 10:58:17 - The_Killer[2000001]: @jump
01/31/2024 10:58:18 - The_Killer[2000001]: @jump
01/31/2024 10:58:20 - The_Killer[2000001]: @jump
01/31/2024 11:01:46 - HooliGan-B@stard[2000005]: @monster Argiope 10
01/31/2024 11:02:28 - HooliGan-B@stard[2000005]: @monster Argiope 10
01/31/2024 11:02:39 - The_Killer[2000001]: @speed 5
01/31/2024 11:02:43 - HooliGan-B@stard[2000005]: @speed 5
01/31/2024 11:02:47 - BUrN_THem_@LL[2000000]: @speed 5
01/31/2024 11:14:53 - BUrN_THem_@LL[2000000]: @speed 5
01/31/2024 11:14:56 - BUrN_THem_@LL[2000000]: @heal
01/31/2024 11:15:01 - BUrN_THem_@LL[2000000]: @monster sword_fish 10
01/31/2024 13:42:03 - The_DeViL_HiMSelF[2000003]: @monster sword_fish 10
01/31/2024 13:42:10 - BUrN_THem_@LL[2000000]: @monster sword_fish 10
01/31/2024 13:42:16 - HooliGan-B@stard[2000005]: @monster Argiope 10
01/31/2024 13:42:40 - The_Killer[2000001]: @monster sword_fish 10
01/31/2024 13:42:46 - HooliGan-B@stard[2000005]: @monster Argiope 10
01/31/2024 13:45:04 - Support_Our_Troops[2000006]: @jump
01/31/2024 13:45:24 - Support_Our_Troops[2000006]: @zeny 1000000
01/31/2024 13:47:09 - Support_Our_Troops[2000006]: @item 1530 3 3
01/31/2024 13:47:31 - Support_Our_Troops[2000006]: @produce 1530 3 3
01/31/2024 13:47:39 - Support_Our_Troops[2000006]: @produce 1523 3 3
01/31/2024 13:48:12 - Support_Our_Troops[2000006]: @item raydric_card
01/31/2024 13:48:37 - Support_Our_Troops[2000006]: @item 4133
01/31/2024 13:49:03 - Support_Our_Troops[2000006]: @item 2504
01/31/2024 13:49:30 - Support_Our_Troops[2000006]: @item 2104
01/31/2024 13:49:36 - Support_Our_Troops[2000006]: @item thara_frog
01/31/2024 13:49:40 - Support_Our_Troops[2000006]: @item thara_frog_card
01/31/2024 13:50:42 - Support_Our_Troops[2000006]: @item 2404
01/31/2024 13:50:46 - Support_Our_Troops[2000006]: @item sohee_caed
01/31/2024 13:50:48 - Support_Our_Troops[2000006]: @item sohee_card
01/31/2024 13:51:34 - Support_Our_Troops[2000006]: @item 2326
01/31/2024 13:51:44 - Support_Our_Troops[2000006]: @item ghostling_card
01/31/2024 13:52:31 - Support_Our_Troops[2000006]: @item 4047
01/31/2024 13:52:49 - Support_Our_Troops[2000006]: @item pipe
01/31/2024 13:54:08 - Support_Our_Troops[2000006]: @item 5044
01/31/2024 13:56:09 - Support_Our_Troops[2000006]: @item 2849 2
01/31/2024 13:56:28 - Support_Our_Troops[2000006]: @item 2837
01/31/2024 14:00:10 - Support_Our_Troops[2000006]: @item 2626 2
01/31/2024 14:00:23 - Support_Our_Troops[2000006]: @item kobold_card 2
01/31/2024 14:00:43 - Support_Our_Troops[2000006]: @item 0 10
01/31/2024 14:00:48 - Support_Our_Troops[2000006]: @refine 0 10
01/31/2024 14:01:20 - Support_Our_Troops[2000006]: @warp gl_prison
01/31/2024 14:01:32 - Support_Our_Troops[2000006]: @item blue_gemstone 200
01/31/2024 14:03:55 - Dark_Fire[2000004]: @heal
01/31/2024 14:04:03 - Dark_Fire[2000004]: @item white_potion 50
01/31/2024 14:04:09 - Dark_Fire[2000004]: @item blue_potion 30
01/31/2024 14:05:21 - Dark_Fire[2000004]: @item 2504
01/31/2024 14:05:42 - Dark_Fire[2000004]: @item 4133
01/31/2024 14:07:07 - Dark_Fire[2000004]: @item 2310
01/31/2024 14:07:34 - Dark_Fire[2000004]: @item 2102
01/31/2024 14:07:43 - Dark_Fire[2000004]: @item thara_frog_card
01/31/2024 14:08:18 - Dark_Fire[2000004]: @item 615
01/31/2024 14:08:36 - Dark_Fire[2000004]: @item 1615
01/31/2024 14:09:11 - Dark_Fire[2000004]: @item 4047
01/31/2024 14:09:53 - Dark_Fire[2000004]: @item 2421
01/31/2024 14:10:17 - Dark_Fire[2000004]: @item 2404
01/31/2024 14:10:25 - Dark_Fire[2000004]: @item sohee_caed
01/31/2024 14:10:27 - Dark_Fire[2000004]: @item sohee_card
01/31/2024 14:10:36 - Dark_Fire[2000004]: @refine 0 10
01/31/2024 14:10:48 - Dark_Fire[2000004]: @item pipe
01/31/2024 14:11:16 - Dark_Fire[2000004]: @warp gl_prison
01/31/2024 14:12:01 - Support_Our_Troops[2000006]: @heal
01/31/2024 14:12:09 - Support_Our_Troops[2000006]: @heal
01/31/2024 14:15:43 - BUrN_THem_@LL[2000000]: @warp prontera
01/31/2024 14:15:54 - BUrN_THem_@LL[2000000]: @jump
01/31/2024 14:15:56 - BUrN_THem_@LL[2000000]: @jump
01/31/2024 14:15:57 - BUrN_THem_@LL[2000000]: @jump
01/31/2024 14:15:59 - BUrN_THem_@LL[2000000]: @jump
01/31/2024 14:16:00 - BUrN_THem_@LL[2000000]: @jump
01/31/2024 14:16:06 - BUrN_THem_@LL[2000000]: @speed 5
01/31/2024 14:17:13 - BUrN_THem_@LL[2000000]: @item 2406
01/31/2024 14:17:27 - BUrN_THem_@LL[2000000]: @item 2506
01/31/2024 14:17:42 - BUrN_THem_@LL[2000000]: @item clip
01/31/2024 14:17:45 - BUrN_THem_@LL[2000000]: @item creamy_card
01/31/2024 14:18:35 - BUrN_THem_@LL[2000000]: @item 2615
01/31/2024 14:19:09 - BUrN_THem_@LL[2000000]: @item 4133
01/31/2024 14:20:08 - BUrN_THem_@LL[2000000]: @item 2317
01/31/2024 14:26:38 - BUrN_THem_@LL[2000000]: @item 4054
01/31/2024 14:27:33 - BUrN_THem_@LL[2000000]: @item verit_card
01/31/2024 14:27:51 - BUrN_THem_@LL[2000000]: @refine 0 10
01/31/2024 14:28:29 - BUrN_THem_@LL[2000000]: @item blue_potion 50
01/31/2024 14:28:35 - BUrN_THem_@LL[2000000]: @item white_potion 50
01/31/2024 14:29:05 - BUrN_THem_@LL[2000000]: @skpoint 15
01/31/2024 14:29:53 - BUrN_THem_@LL[2000000]: @skpoint -2
01/31/2024 14:30:12 - BUrN_THem_@LL[2000000]: @warp gl_prison
01/31/2024 14:31:10 - BUrN_THem_@LL[2000000]: @speed 5
01/31/2024 14:32:04 - BUrN_THem_@LL[2000000]: @produce halberd 3 3
01/31/2024 14:32:17 - BUrN_THem_@LL[2000000]: @refine 0 10
01/31/2024 14:32:26 - BUrN_THem_@LL[2000000]: @speed 5
01/31/2024 14:37:44 - BUrN_THem_@LL[2000000]: @heal
01/31/2024 14:37:47 - BUrN_THem_@LL[2000000]: @speed 5
01/31/2024 14:38:24 - Support_Our_Troops[2000006]: @heal
01/31/2024 14:38:26 - Support_Our_Troops[2000006]: @speed 5
01/31/2024 14:38:39 - Support_Our_Troops[2000006]: @item blue_gemstone 50
01/31/2024 14:38:46 - Support_Our_Troops[2000006]: @item blue_gemstone 50
01/31/2024 14:38:55 - Support_Our_Troops[2000006]: @item blue_gemstone 50
01/31/2024 14:38:57 - Support_Our_Troops[2000006]: @item blue_gemstone 50
01/31/2024 14:42:42 - Support_Our_Troops[2000006]: @item blue_potion 20
01/31/2024 14:42:50 - Support_Our_Troops[2000006]: @item blue_potion 20
01/31/2024 14:42:53 - Support_Our_Troops[2000006]: @heal
01/31/2024 14:44:02 - Support_Our_Troops[2000006]: @item blue_potion 20
01/31/2024 14:44:03 - Support_Our_Troops[2000006]: @item blue_potion 20
01/31/2024 14:44:16 - Support_Our_Troops[2000006]: @jump
01/31/2024 14:44:20 - Support_Our_Troops[2000006]: @jump
01/31/2024 14:44:28 - Support_Our_Troops[2000006]: @jump
01/31/2024 14:44:33 - Support_Our_Troops[2000006]: @jump
01/31/2024 14:44:37 - Support_Our_Troops[2000006]: @jump
01/31/2024 14:45:33 - The_DeViL_HiMSelF[2000003]: @monster sword_fish 10
01/31/2024 14:45:43 - The_Killer[2000001]: @monster sword_fish 10
01/31/2024 14:46:09 - The_DeViL_HiMSelF[2000003]: @monster sword_fish 10
01/31/2024 14:46:12 - The_Killer[2000001]: @monster sword_fish 10
01/31/2024 14:48:07 - Support_Our_Troops[2000006]: @heal
01/31/2024 14:51:36 - The_DeViL_HiMSelF[2000003]: @warp prontera
01/31/2024 14:51:40 - The_DeViL_HiMSelF[2000003]: @jump
01/31/2024 14:51:42 - The_DeViL_HiMSelF[2000003]: @jump
01/31/2024 14:52:54 - The_DeViL_HiMSelF[2000003]: @item 656 20
01/31/2024 14:53:00 - The_DeViL_HiMSelF[2000003]: @warp iz_dun01
01/31/2024 14:53:07 - The_DeViL_HiMSelF[2000003]: @monster phen 10000
01/31/2024 14:53:14 - The_DeViL_HiMSelF[2000003]: @monster thara_frog 10000
01/31/2024 14:53:15 - The_DeViL_HiMSelF[2000003]: @monster phen 10000
01/31/2024 14:53:16 - The_DeViL_HiMSelF[2000003]: @monster phen 10000
01/31/2024 14:53:17 - The_DeViL_HiMSelF[2000003]: @monster phen 10000
01/31/2024 14:53:17 - The_DeViL_HiMSelF[2000003]: @monster phen 10000
01/31/2024 14:53:19 - The_DeViL_HiMSelF[2000003]: @monster thara_frog 10000
01/31/2024 14:53:21 - The_DeViL_HiMSelF[2000003]: @monster thara_frog 10000
01/31/2024 14:53:26 - The_DeViL_HiMSelF[2000003]: @monster thara_frog 10000
01/31/2024 14:53:32 - The_DeViL_HiMSelF[2000003]: @monster marina 5000
01/31/2024 14:57:09 - The_Killer[2000001]: @item elven_earsss
01/31/2024 14:57:10 - The_Killer[2000001]: @item elven_earss
01/31/2024 14:57:12 - The_Killer[2000001]: @item elven_ears
01/31/2024 14:57:20 - The_Killer[2000001]: @heal
01/31/2024 14:57:26 - The_Killer[2000001]: @jump iz_dun01
01/31/2024 14:57:31 - The_Killer[2000001]: @warp iz_dun01
01/31/2024 14:57:41 - The_Killer[2000001]: @monster phen 10000
01/31/2024 14:57:53 - The_Killer[2000001]: @monster Thara_frog 10000
01/31/2024 14:57:55 - The_Killer[2000001]: @monster Thara_frog 10000
01/31/2024 14:57:56 - The_Killer[2000001]: @monster phen 10000
01/31/2024 14:57:56 - The_Killer[2000001]: @monster phen 10000
01/31/2024 14:58:48 - Support_Our_Troops[2000006]: @item blue_gemstone 200
01/31/2024 16:24:31 - Support_Our_Troops[2000006]: @heal
01/31/2024 16:25:10 - Support_Our_Troops[2000006]: @warp gl_prison
01/31/2024 16:33:50 - Support_Our_Troops[2000006]: @jump
01/31/2024 16:33:56 - Support_Our_Troops[2000006]: @item blue_gemstone 50
01/31/2024 16:38:07 - Support_Our_Troops[2000006]: @jump
01/31/2024 16:38:12 - Support_Our_Troops[2000006]: @jump
01/31/2024 16:38:55 - Dark_Fire[2000004]: @heal
01/31/2024 16:39:05 - Dark_Fire[2000004]: @speed 5
01/31/2024 16:45:42 - Support_Our_Troops[2000006]: @jump
01/31/2024 16:45:48 - Support_Our_Troops[2000006]: @jump
01/31/2024 16:46:02 - Support_Our_Troops[2000006]: @heal
01/31/2024 16:46:09 - Support_Our_Troops[2000006]: @item blue_gemstone 200
01/31/2024 16:46:26 - Dark_Fire[2000004]: @heal
01/31/2024 16:46:33 - Dark_Fire[2000004]: @speed 5
01/31/2024 16:46:44 - BUrN_THem_@LL[2000000]: @heal
01/31/2024 16:46:47 - BUrN_THem_@LL[2000000]: @speed 5
01/31/2024 16:46:54 - BUrN_THem_@LL[2000000]: @warp gl_prison
01/31/2024 16:49:57 - Support_Our_Troops[2000006]: @heal
01/31/2024 16:52:29 - Dark_Fire[2000004]: @heal
01/31/2024 17:03:24 - Dark_Fire[2000004]: @heal
01/31/2024 17:10:07 - Dark_Fire[2000004]: @heal
01/31/2024 17:12:57 - BUrN_THem_@LL[2000000]: @item white_potion 100
01/31/2024 17:13:01 - BUrN_THem_@LL[2000000]: @item blue_potion 100
01/31/2024 17:13:18 - BUrN_THem_@LL[2000000]: @warp gl_prison
01/31/2024 17:14:14 - Dark_Fire[2000004]: @item blue_potion 10
01/31/2024 17:20:16 - Support_Our_Troops[2000006]: @questskill 156
01/31/2024 17:20:35 - Support_Our_Troops[2000006]: @questskill 1014
01/31/2024 17:20:51 - Support_Our_Troops[2000006]: @skpoint -2
01/31/2024 17:20:57 - Support_Our_Troops[2000006]: @heal
01/31/2024 17:21:16 - Support_Our_Troops[2000006]: @item blue_potion 50
01/31/2024 17:21:32 - Support_Our_Troops[2000006]: @warp gl_prison
01/31/2024 17:22:53 - Support_Our_Troops[2000006]: @item 1525
01/31/2024 17:23:37 - Support_Our_Troops[2000006]: @produce 1525 3 3
01/31/2024 17:23:50 - Support_Our_Troops[2000006]: @refine 0 10
01/31/2024 17:26:39 - Dark_Fire[2000004]: @item white_potion 100
01/31/2024 17:27:02 - Dark_Fire[2000004]: @warp gl_prison
01/31/2024 17:27:26 - Dark_Fire[2000004]: @str 1000
01/31/2024 17:27:41 - Dark_Fire[2000004]: @item white_potion 100
01/31/2024 17:27:47 - Dark_Fire[2000004]: @item blue_potion 100
01/31/2024 17:29:02 - HooliGan-B@stard[2000005]: @warp prontera
01/31/2024 17:29:05 - HooliGan-B@stard[2000005]: @jump
01/31/2024 17:29:07 - HooliGan-B@stard[2000005]: @jump
01/31/2024 17:29:08 - HooliGan-B@stard[2000005]: @jump
01/31/2024 17:29:09 - HooliGan-B@stard[2000005]: @jump
01/31/2024 17:29:25 - HooliGan-B@stard[2000005]: @zeny 1000000
01/31/2024 17:30:40 - HooliGan-B@stard[2000005]: @item berserk_potion 15
01/31/2024 17:31:04 - HooliGan-B@stard[2000005]: @item elven_ears
01/31/2024 17:32:14 - HooliGan-B@stard[2000005]: @skpoint 20
01/31/2024 17:32:32 - HooliGan-B@stard[2000005]: @skpoint 20
01/31/2024 17:33:03 - HooliGan-B@stard[2000005]: @skpoint 20
01/31/2024 17:33:30 - HooliGan-B@stard[2000005]: @skpoint 5
01/31/2024 17:40:07 - HooliGan-B@stard[2000005]: @warp mjolnir_05
01/31/2024 17:40:14 - HooliGan-B@stard[2000005]: @hide
01/31/2024 17:40:19 - HooliGan-B@stard[2000005]: @monster mantis 100
01/31/2024 17:40:26 - HooliGan-B@stard[2000005]: @speed 5
01/31/2024 17:40:40 - HooliGan-B@stard[2000005]: @monster argos 100
01/31/2024 17:40:55 - HooliGan-B@stard[2000005]: @monster agriope 100
01/31/2024 17:41:01 - HooliGan-B@stard[2000005]: @monster argiope 100
01/31/2024 17:41:05 - HooliGan-B@stard[2000005]: @monster argiope 100
01/31/2024 17:41:10 - HooliGan-B@stard[2000005]: @monster argiope 100
01/31/2024 17:41:13 - HooliGan-B@stard[2000005]: @monster argiope 100
01/31/2024 17:41:14 - HooliGan-B@stard[2000005]: @monster argiope 100
01/31/2024 17:41:29 - HooliGan-B@stard[2000005]: @monster argiope 100
01/31/2024 17:41:32 - HooliGan-B@stard[2000005]: @monster argiope 100
01/31/2024 17:41:35 - HooliGan-B@stard[2000005]: @monster argiope 100
01/31/2024 17:41:37 - HooliGan-B@stard[2000005]: @monster argiope 100
01/31/2024 17:41:39 - HooliGan-B@stard[2000005]: @monster argiope 100
01/31/2024 17:41:43 - HooliGan-B@stard[2000005]: @monster argiope 100
01/31/2024 17:41:46 - HooliGan-B@stard[2000005]: @monster argiope 100
01/31/2024 17:41:49 - HooliGan-B@stard[2000005]: @monster argiope 100
01/31/2024 17:42:00 - HooliGan-B@stard[2000005]: @monster argiope 100
01/31/2024 17:42:02 - HooliGan-B@stard[2000005]: @monster argiope 100
01/31/2024 17:42:12 - HooliGan-B@stard[2000005]: @monster argiope 100
01/31/2024 17:42:42 - HooliGan-B@stard[2000005]: @hide
01/31/2024 17:43:45 - Support_Our_Troops[2000006]: @item blue_gemstone 1000
01/31/2024 17:44:24 - BUrN_THem_@LL[2000000]: @speed 5
01/31/2024 17:45:20 - HooliGan-B@stard[2000005]: @heal
01/31/2024 17:47:54 - HooliGan-B@stard[2000005]: @speed 5
01/31/2024 17:48:06 - HooliGan-B@stard[2000005]: @heal
01/31/2024 17:48:23 - HooliGan-B@stard[2000005]: @warp mjolnir_05
01/31/2024 17:48:29 - HooliGan-B@stard[2000005]: @jump
01/31/2024 17:48:31 - HooliGan-B@stard[2000005]: @jump
01/31/2024 17:48:36 - HooliGan-B@stard[2000005]: @jump
01/31/2024 17:48:37 - HooliGan-B@stard[2000005]: @jump
01/31/2024 17:48:39 - HooliGan-B@stard[2000005]: @jump
01/31/2024 17:48:53 - HooliGan-B@stard[2000005]: @heal
01/31/2024 17:49:04 - HooliGan-B@stard[2000005]: @item whie_potion 100
01/31/2024 17:49:10 - HooliGan-B@stard[2000005]: @item blue_potion 100
01/31/2024 17:49:22 - HooliGan-B@stard[2000005]: @item white_potion 100
01/31/2024 17:50:03 - HooliGan-B@stard[2000005]: @heal
01/31/2024 17:50:08 - HooliGan-B@stard[2000005]: @speed 5
01/31/2024 17:50:12 - HooliGan-B@stard[2000005]: @heal
01/31/2024 17:50:13 - HooliGan-B@stard[2000005]: @heal
01/31/2024 17:50:21 - HooliGan-B@stard[2000005]: @heal
01/31/2024 17:50:57 - DiRT_Nap[2000002]: @speed 5
01/31/2024 17:51:38 - DiRT_Nap[2000002]: @str 200
01/31/2024 17:51:44 - DiRT_Nap[2000002]: @item silver_arrow 20000
01/31/2024 17:51:50 - DiRT_Nap[2000002]: @item silver_arrow 6000
01/31/2024 17:52:09 - DiRT_Nap[2000002]: @item blue_potion 100
01/31/2024 17:52:19 - DiRT_Nap[2000002]: @hide
01/31/2024 17:52:38 - DiRT_Nap[2000002]: @warp mjolnir_05 106 297
01/31/2024 17:52:53 - DiRT_Nap[2000002]: @warp mjolnir_05 290 141
01/31/2024 17:53:04 - DiRT_Nap[2000002]: @warp mjolnir_05 340 99
01/31/2024 17:53:59 - HooliGan-B@stard[2000005]: @heal
01/31/2024 17:54:06 - HooliGan-B@stard[2000005]: @warp mjolnir_05
01/31/2024 17:54:25 - DiRT_Nap[2000002]: @jump 260 307
01/31/2024 17:54:36 - DiRT_Nap[2000002]: @jump 168 58
01/31/2024 17:54:43 - DiRT_Nap[2000002]: @jump 236 274
01/31/2024 17:54:49 - DiRT_Nap[2000002]: @jump 211 112
01/31/2024 17:54:56 - DiRT_Nap[2000002]: @jump 96 303
01/31/2024 17:55:14 - DiRT_Nap[2000002]: @jump 146 279
01/31/2024 17:55:22 - HooliGan-B@stard[2000005]: @heal
01/31/2024 17:55:43 - DiRT_Nap[2000002]: @jump 141 210
01/31/2024 17:55:49 - HooliGan-B@stard[2000005]: @heal
01/31/2024 17:56:54 - DiRT_Nap[2000002]: @jump 145 314
01/31/2024 17:57:59 - DiRT_Nap[2000002]: @jump 146 315
01/31/2024 17:58:38 - HooliGan-B@stard[2000005]: @item white_potion 50
01/31/2024 17:58:51 - DiRT_Nap[2000002]: @jump 194 253
01/31/2024 17:58:57 - DiRT_Nap[2000002]: @jump 345 72
01/31/2024 17:59:33 - DiRT_Nap[2000002]: @jump 43 342
01/31/2024 18:05:22 - Dark_Fire[2000004]: @warp gl_prison
01/31/2024 18:05:28 - Dark_Fire[2000004]: @heal
01/31/2024 18:08:27 - DiRT_Nap[2000002]: @jump 43 34 2
01/31/2024 18:08:49 - HooliGan-B@stard[2000005]: @heal
01/31/2024 18:08:56 - HooliGan-B@stard[2000005]: @warp mjolnir_
01/31/2024 18:09:15 - DiRT_Nap[2000002]: @jump   
01/31/2024 18:09:45 - DiRT_Nap[2000002]: @jump 146 315
01/31/2024 18:09:54 - DiRT_Nap[2000002]: @jump   
01/31/2024 18:10:18 - DiRT_Nap[2000002]: @jump  
01/31/2024 18:10:33 - DiRT_Nap[2000002]: @jump  
01/31/2024 18:10:52 - DiRT_Nap[2000002]: @jump  
01/31/2024 18:11:03 - DiRT_Nap[2000002]: @jump  83 265
01/31/2024 18:11:18 - DiRT_Nap[2000002]: @speed 5
01/31/2024 18:11:35 - DiRT_Nap[2000002]: @jump  177 329
01/31/2024 18:11:43 - DiRT_Nap[2000002]: @jump  79 281
01/31/2024 18:13:36 - The_Killer[2000001]: @monster phen 1000
01/31/2024 18:13:42 - The_Killer[2000001]: @monster sword_fish 5
01/31/2024 18:13:44 - The_Killer[2000001]: @monster sword_fish 5
01/31/2024 18:13:59 - The_DeViL_HiMSelF[2000003]: @monster sword_fish 5
01/31/2024 18:14:03 - The_DeViL_HiMSelF[2000003]: @monster sword_fish 5
01/31/2024 18:14:08 - The_Killer[2000001]: @monster sword_fish 5
01/31/2024 18:14:10 - The_DeViL_HiMSelF[2000003]: @monster sword_fish 5
01/31/2024 18:15:07 - The_Killer[2000001]: @monster sword_fish 5
01/31/2024 18:15:09 - The_DeViL_HiMSelF[2000003]: @monster sword_fish 5
01/31/2024 18:21:09 - DiRT_Nap[2000002]: @warp gl_prison
01/31/2024 18:21:19 - DiRT_Nap[2000002]: @hide
01/31/2024 18:21:58 - DiRT_Nap[2000002]: @speed 5
01/31/2024 18:22:07 - Support_Our_Troops[2000006]: @speed 5
01/31/2024 18:22:11 - The_DeViL_HiMSelF[2000003]: @speed 5
01/31/2024 18:22:22 - BUrN_THem_@LL[2000000]: @speed 5
01/31/2024 18:22:44 - BUrN_THem_@LL[2000000]: @warp gl_prison
01/31/2024 18:23:26 - The_DeViL_HiMSelF[2000003]: @speed 5
01/31/2024 18:23:36 - The_Killer[2000001]: @speed 5
01/31/2024 18:23:56 - Dark_Fire[2000004]: @speed 5
01/31/2024 18:23:58 - Dark_Fire[2000004]: @heal
01/31/2024 18:24:08 - DiRT_Nap[2000002]: @heal
01/31/2024 18:24:11 - BUrN_THem_@LL[2000000]: @heal
01/31/2024 18:24:15 - The_DeViL_HiMSelF[2000003]: @heal
01/31/2024 18:24:21 - Support_Our_Troops[2000006]: @heal
01/31/2024 19:01:08 - Support_Our_Troops[2000006]: @jump prontera
01/31/2024 19:01:13 - Support_Our_Troops[2000006]: @warp prontera
01/31/2024 19:01:19 - Support_Our_Troops[2000006]: @speed 5
01/31/2024 19:02:07 - HooliGan-B@stard[2000005]: @heal
01/31/2024 19:02:13 - HooliGan-B@stard[2000005]: @warp mjolnir_05
01/31/2024 19:02:26 - HooliGan-B@stard[2000005]: @item white_potion 100
01/31/2024 19:02:35 - HooliGan-B@stard[2000005]: @item berserk_potion 10
01/31/2024 19:03:03 - Support_Our_Troops[2000006]: @item blue_potion 100
01/31/2024 19:03:43 - Support_Our_Troops[2000006]: @hide
01/31/2024 19:03:53 - Support_Our_Troops[2000006]: @warp mjolnir_05 88 130
01/31/2024 19:04:04 - Support_Our_Troops[2000006]: @jump 277 299
01/31/2024 19:04:23 - Support_Our_Troops[2000006]: @jump 94 189
01/31/2024 19:04:37 - Support_Our_Troops[2000006]: @jump 270 181
01/31/2024 19:05:11 - Support_Our_Troops[2000006]: @jump 288 90
01/31/2024 19:06:00 - Support_Our_Troops[2000006]: @jump 101 337
01/31/2024 19:08:29 - HooliGan-B@stard[2000005]: @heal
01/31/2024 19:08:33 - HooliGan-B@stard[2000005]: @heal
01/31/2024 19:08:57 - Support_Our_Troops[2000006]: @jump 227 275
01/31/2024 19:09:10 - Support_Our_Troops[2000006]: @jump 138 206
01/31/2024 19:09:18 - Support_Our_Troops[2000006]: @jump 278 319
01/31/2024 19:09:29 - Support_Our_Troops[2000006]: @jump 271 168
01/31/2024 19:09:39 - Support_Our_Troops[2000006]: @jump 184 139
01/31/2024 19:09:53 - Support_Our_Troops[2000006]: @jump 185 172
01/31/2024 19:10:06 - HooliGan-B@stard[2000005]: @item blue_potion 50
01/31/2024 19:11:33 - Support_Our_Troops[2000006]: @jump 250 58
01/31/2024 19:11:50 - Support_Our_Troops[2000006]: @jump 255 140
01/31/2024 19:11:58 - Support_Our_Troops[2000006]: @jump 214 323
01/31/2024 19:12:26 - Support_Our_Troops[2000006]: @jump 342 104
01/31/2024 19:12:32 - Support_Our_Troops[2000006]: @jump 305 231
01/31/2024 19:12:48 - Support_Our_Troops[2000006]: @jump 318 262
01/31/2024 19:13:09 - HooliGan-B@stard[2000005]: @heal
01/31/2024 19:13:13 - HooliGan-B@stard[2000005]: @heal
01/31/2024 19:17:07 - Support_Our_Troops[2000006]: @jump 306 316
01/31/2024 19:19:35 - HooliGan-B@stard[2000005]: @speed 5
01/31/2024 19:21:45 - HooliGan-B@stard[2000005]: @warp prontera
01/31/2024 19:21:49 - HooliGan-B@stard[2000005]: @jump
01/31/2024 19:23:45 - HooliGan-B@stard[2000005]: @item blue_potion 50
01/31/2024 19:23:52 - HooliGan-B@stard[2000005]: @item white_potion 50
01/31/2024 19:23:57 - HooliGan-B@stard[2000005]: @str 50
01/31/2024 19:24:01 - HooliGan-B@stard[2000005]: @agi 50
01/31/2024 19:24:05 - HooliGan-B@stard[2000005]: @dex 50
01/31/2024 19:24:08 - HooliGan-B@stard[2000005]: @vit 100
01/31/2024 19:24:10 - HooliGan-B@stard[2000005]: @heal
01/31/2024 19:24:18 - HooliGan-B@stard[2000005]: @warp mjolnir_05
01/31/2024 19:24:33 - HooliGan-B@stard[2000005]: @speed 5
01/31/2024 19:24:39 - HooliGan-B@stard[2000005]: @heal
01/31/2024 19:24:41 - HooliGan-B@stard[2000005]: @heal
01/31/2024 19:24:43 - HooliGan-B@stard[2000005]: @heal
01/31/2024 19:24:44 - HooliGan-B@stard[2000005]: @heal
01/31/2024 19:24:45 - HooliGan-B@stard[2000005]: @heal
01/31/2024 19:24:47 - HooliGan-B@stard[2000005]: @heal
01/31/2024 19:24:48 - HooliGan-B@stard[2000005]: @heal
01/31/2024 19:24:51 - HooliGan-B@stard[2000005]: @heal
01/31/2024 19:24:53 - HooliGan-B@stard[2000005]: @heal
01/31/2024 19:24:55 - HooliGan-B@stard[2000005]: @heal
01/31/2024 19:24:56 - HooliGan-B@stard[2000005]: @heal
01/31/2024 19:24:58 - HooliGan-B@stard[2000005]: @heal
01/31/2024 19:24:59 - HooliGan-B@stard[2000005]: @heal
01/31/2024 19:25:00 - HooliGan-B@stard[2000005]: @heal
01/31/2024 19:25:02 - HooliGan-B@stard[2000005]: @heal
01/31/2024 19:25:06 - HooliGan-B@stard[2000005]: @heal
01/31/2024 19:25:07 - HooliGan-B@stard[2000005]: @heal
01/31/2024 19:25:09 - HooliGan-B@stard[2000005]: @heal
01/31/2024 19:25:10 - HooliGan-B@stard[2000005]: @heal
01/31/2024 19:27:46 - HooliGan-B@stard[2000005]: @heal
01/31/2024 19:31:48 - DiRT_Nap[2000002]: @heal
01/31/2024 19:32:23 - DiRT_Nap[2000002]: @item blue_potion 100
01/31/2024 19:34:12 - BUrN_THem_@LL[2000000]: @heal
01/31/2024 19:35:21 - BUrN_THem_@LL[2000000]: @warp gl_prison
01/31/2024 19:35:30 - Support_Our_Troops[2000006]: @warp gl_prison
01/31/2024 19:35:38 - Support_Our_Troops[2000006]: @jump 21 125
01/31/2024 19:36:26 - Support_Our_Troops[2000006]: @jump
01/31/2024 19:36:28 - Support_Our_Troops[2000006]: @jump
01/31/2024 19:36:29 - Support_Our_Troops[2000006]: @jump
01/31/2024 19:36:30 - Support_Our_Troops[2000006]: @jump
01/31/2024 19:36:31 - Support_Our_Troops[2000006]: @jump
01/31/2024 19:37:28 - Support_Our_Troops[2000006]: @hide
01/31/2024 19:37:32 - Support_Our_Troops[2000006]: @speed 5
01/31/2024 19:37:37 - Support_Our_Troops[2000006]: @jump
01/31/2024 19:37:39 - Support_Our_Troops[2000006]: @jump
01/31/2024 19:37:41 - Support_Our_Troops[2000006]: @jump
01/31/2024 19:37:41 - Support_Our_Troops[2000006]: @jump
01/31/2024 19:37:42 - Support_Our_Troops[2000006]: @jump
01/31/2024 19:37:43 - Support_Our_Troops[2000006]: @jump
01/31/2024 19:37:44 - Support_Our_Troops[2000006]: @jump
01/31/2024 19:38:37 - Support_Our_Troops[2000006]: @jump
01/31/2024 19:38:38 - Support_Our_Troops[2000006]: @jump
01/31/2024 19:38:39 - Support_Our_Troops[2000006]: @jump
01/31/2024 19:38:40 - Support_Our_Troops[2000006]: @jump
01/31/2024 19:38:41 - Support_Our_Troops[2000006]: @jump
01/31/2024 19:38:45 - Support_Our_Troops[2000006]: @jump
01/31/2024 19:38:53 - Support_Our_Troops[2000006]: @jump 92 109
01/31/2024 19:39:00 - Support_Our_Troops[2000006]: @jump  48 118
01/31/2024 19:39:56 - Support_Our_Troops[2000006]: @jump
01/31/2024 19:39:58 - Support_Our_Troops[2000006]: @jump
01/31/2024 19:39:59 - Support_Our_Troops[2000006]: @jump
01/31/2024 19:40:00 - Support_Our_Troops[2000006]: @jump
01/31/2024 19:40:01 - Support_Our_Troops[2000006]: @jump
01/31/2024 19:40:19 - Support_Our_Troops[2000006]: @jump
01/31/2024 19:40:20 - Support_Our_Troops[2000006]: @jump
01/31/2024 19:40:21 - Support_Our_Troops[2000006]: @jump
01/31/2024 19:40:22 - Support_Our_Troops[2000006]: @jump
01/31/2024 19:40:24 - Support_Our_Troops[2000006]: @jump
01/31/2024 19:42:07 - Support_Our_Troops[2000006]: @jump
01/31/2024 19:42:31 - Support_Our_Troops[2000006]: @jump
01/31/2024 19:42:32 - Support_Our_Troops[2000006]: @jump
01/31/2024 19:42:38 - Support_Our_Troops[2000006]: @jump
01/31/2024 19:42:39 - Support_Our_Troops[2000006]: @jump
01/31/2024 19:44:08 - Support_Our_Troops[2000006]: @speed 5
01/31/2024 19:44:17 - Support_Our_Troops[2000006]: @speed 1
01/31/2024 19:44:34 - Support_Our_Troops[2000006]: @luk 200
01/31/2024 19:44:39 - Support_Our_Troops[2000006]: @speed 2
01/31/2024 19:45:05 - Support_Our_Troops[2000006]: @str 200
01/31/2024 19:49:19 - BUrN_THem_@LL[2000000]: @item blue_potion 100
01/31/2024 19:49:36 - BUrN_THem_@LL[2000000]: @str 200
01/31/2024 19:49:47 - BUrN_THem_@LL[2000000]: @item blue_potion 200
01/31/2024 19:51:06 - The_Killer[2000001]: @monster sword_fish 5
01/31/2024 19:51:14 - The_DeViL_HiMSelF[2000003]: @heal
01/31/2024 19:51:16 - The_DeViL_HiMSelF[2000003]: @monster sword_fish 5
01/31/2024 19:51:20 - The_DeViL_HiMSelF[2000003]: @monster sword_fish 5
01/31/2024 19:51:23 - The_Killer[2000001]: @monster sword_fish 5
01/31/2024 19:51:33 - The_Killer[2000001]: @monster sword_fish 5
01/31/2024 19:51:36 - The_DeViL_HiMSelF[2000003]: @monster sword_fish 5
01/31/2024 19:51:39 - The_DeViL_HiMSelF[2000003]: @monster sword_fish 5
01/31/2024 19:51:45 - The_DeViL_HiMSelF[2000003]: @monster sword_fish 5
01/31/2024 19:51:47 - The_Killer[2000001]: @monster sword_fish 5
01/31/2024 20:20:39 - Dark_Fire[2000004]: @speed 5
01/31/2024 20:21:45 - Dark_Fire[2000004]: @jump
01/31/2024 20:22:16 - Dark_Fire[2000004]: @jump
01/31/2024 20:22:36 - Dark_Fire[2000004]: @jump
01/31/2024 20:22:37 - Dark_Fire[2000004]: @jump
01/31/2024 20:22:38 - Dark_Fire[2000004]: @jump
01/31/2024 20:22:39 - Dark_Fire[2000004]: @jump
01/31/2024 20:22:41 - Dark_Fire[2000004]: @jump
01/31/2024 20:22:42 - Dark_Fire[2000004]: @jump
01/31/2024 20:22:43 - Dark_Fire[2000004]: @jump
01/31/2024 20:22:49 - Dark_Fire[2000004]: @jump
01/31/2024 20:22:50 - Dark_Fire[2000004]: @jump
01/31/2024 20:22:51 - Dark_Fire[2000004]: @jump
01/31/2024 20:22:52 - Dark_Fire[2000004]: @jump
01/31/2024 20:22:53 - Dark_Fire[2000004]: @jump
01/31/2024 20:22:53 - Dark_Fire[2000004]: @jump
01/31/2024 20:22:54 - Dark_Fire[2000004]: @jump
01/31/2024 20:22:55 - Dark_Fire[2000004]: @jump
01/31/2024 20:22:56 - Dark_Fire[2000004]: @jump
01/31/2024 20:22:57 - Dark_Fire[2000004]: @jump
01/31/2024 20:22:58 - Dark_Fire[2000004]: @jump
01/31/2024 20:22:59 - Dark_Fire[2000004]: @jump
01/31/2024 20:24:37 - Dark_Fire[2000004]: @hide
01/31/2024 20:24:52 - Dark_Fire[2000004]: @monster ghostring
01/31/2024 20:24:56 - Dark_Fire[2000004]: @monster ghostring
01/31/2024 20:25:01 - Dark_Fire[2000004]: @monster ghostring
01/31/2024 20:25:09 - Dark_Fire[2000004]: @jump gl_prison
01/31/2024 20:25:17 - Dark_Fire[2000004]: @warp gl_prison
01/31/2024 20:25:26 - Dark_Fire[2000004]: @monster ghostring
01/31/2024 20:25:40 - Dark_Fire[2000004]: @hide
01/31/2024 20:25:41 - Dark_Fire[2000004]: @hide
01/31/2024 20:25:53 - Dark_Fire[2000004]: @monster ghostring 5
01/31/2024 20:26:24 - Dark_Fire[2000004]: @monster ghostring 5
01/31/2024 20:26:25 - Dark_Fire[2000004]: @monster ghostring 5
01/31/2024 20:26:26 - Dark_Fire[2000004]: @monster ghostring 5
01/31/2024 20:27:12 - Dark_Fire[2000004]: @monster ghostring
01/31/2024 20:27:16 - Dark_Fire[2000004]: @monster ghostring
01/31/2024 20:27:24 - Dark_Fire[2000004]: @monster ghostring
01/31/2024 20:28:06 - Dark_Fire[2000004]: @monster ghostring
01/31/2024 20:28:15 - Dark_Fire[2000004]: @monster ghostring
01/31/2024 20:28:51 - DiRT_Nap[2000002]: @heal
01/31/2024 20:28:55 - DiRT_Nap[2000002]: @warp gl_prison
01/31/2024 20:29:09 - DiRT_Nap[2000002]: @item blue_potion 10
01/31/2024 20:29:41 - BUrN_THem_@LL[2000000]: @heal
01/31/2024 20:30:04 - Dark_Fire[2000004]: @monster ghostring
01/31/2024 20:30:16 - Dark_Fire[2000004]: @monster ghostring
01/31/2024 20:30:22 - Dark_Fire[2000004]: @monster ghostring
01/31/2024 20:30:29 - Dark_Fire[2000004]: @monster ghostring
01/31/2024 20:30:39 - Dark_Fire[2000004]: @monster ghostring
01/31/2024 20:31:06 - Dark_Fire[2000004]: @monster ghostring
01/31/2024 20:31:13 - BUrN_THem_@LL[2000000]: @heal
01/31/2024 20:31:16 - Support_Our_Troops[2000006]: @heal
01/31/2024 20:31:21 - HooliGan-B@stard[2000005]: @heal
01/31/2024 20:31:24 - The_Killer[2000001]: @heal
01/31/2024 20:31:29 - DiRT_Nap[2000002]: @heal
01/31/2024 20:31:56 - Dark_Fire[2000004]: @monster ghostring
01/31/2024 20:32:21 - BUrN_THem_@LL[2000000]: @heal
01/31/2024 20:34:33 - BUrN_THem_@LL[2000000]: @heal
01/31/2024 20:34:37 - BUrN_THem_@LL[2000000]: @heal
01/31/2024 20:34:42 - BUrN_THem_@LL[2000000]: @heal
01/31/2024 20:34:43 - BUrN_THem_@LL[2000000]: @heal
01/31/2024 20:34:44 - BUrN_THem_@LL[2000000]: @heal
01/31/2024 20:35:17 - BUrN_THem_@LL[2000000]: @heal
01/31/2024 20:35:29 - BUrN_THem_@LL[2000000]: @heal
01/31/2024 20:35:43 - Dark_Fire[2000004]: @jump
01/31/2024 21:13:38 - DiRT_Nap[2000002]: @heal
01/31/2024 21:13:46 - Support_Our_Troops[2000006]: @heal
01/31/2024 21:13:51 - BUrN_THem_@LL[2000000]: @heal
01/31/2024 21:14:23 - Dark_Fire[2000004]: @warp gl_cas02
01/31/2024 21:14:51 - Dark_Fire[2000004]: @hide
01/31/2024 21:15:41 - Dark_Fire[2000004]: @jump
01/31/2024 21:16:39 - Dark_Fire[2000004]: @hide
01/31/2024 21:16:49 - Dark_Fire[2000004]: @monster kinght_of_abyss
01/31/2024 21:17:09 - Dark_Fire[2000004]: @monster 1219 1
01/31/2024 21:17:17 - Dark_Fire[2000004]: @warp gl_prison
01/31/2024 21:17:39 - Dark_Fire[2000004]: @monster 1219 1
01/31/2024 21:18:10 - Dark_Fire[2000004]: @jump
01/31/2024 21:18:12 - Dark_Fire[2000004]: @jump
01/31/2024 21:18:14 - Dark_Fire[2000004]: @monster 1219 1
01/31/2024 21:18:20 - Dark_Fire[2000004]: @monster 1219 1
01/31/2024 21:18:30 - Dark_Fire[2000004]: @monster 1219 1
01/31/2024 21:18:47 - Dark_Fire[2000004]: @monster 1219 1
01/31/2024 21:18:58 - DiRT_Nap[2000002]: @heal
01/31/2024 21:19:10 - Dark_Fire[2000004]: @monster 1219 1
01/31/2024 21:19:18 - DiRT_Nap[2000002]: @heal
01/31/2024 21:19:51 - Dark_Fire[2000004]: @monster 1219 1
01/31/2024 21:20:06 - Dark_Fire[2000004]: @monster 1219 1
01/31/2024 21:20:13 - BUrN_THem_@LL[2000000]: @heal
01/31/2024 21:20:17 - Dark_Fire[2000004]: @monster 1219 1
01/31/2024 21:20:23 - BUrN_THem_@LL[2000000]: @heal
01/31/2024 21:20:25 - BUrN_THem_@LL[2000000]: @heal
01/31/2024 21:20:27 - Dark_Fire[2000004]: @monster 1219 1
01/31/2024 21:20:40 - BUrN_THem_@LL[2000000]: @heal
01/31/2024 21:21:10 - DiRT_Nap[2000002]: @heal
01/31/2024 21:21:23 - Dark_Fire[2000004]: @monster 1219 1
01/31/2024 21:21:32 - DiRT_Nap[2000002]: @heal
01/31/2024 21:21:37 - DiRT_Nap[2000002]: @heal
01/31/2024 21:21:39 - DiRT_Nap[2000002]: @heal
01/31/2024 21:21:46 - Dark_Fire[2000004]: @monster 1219 1
01/31/2024 21:22:36 - Dark_Fire[2000004]: @jump
01/31/2024 21:22:38 - Dark_Fire[2000004]: @jump
01/31/2024 21:22:39 - Dark_Fire[2000004]: @jump
01/31/2024 21:22:40 - Dark_Fire[2000004]: @jump
01/31/2024 21:22:41 - Dark_Fire[2000004]: @jump
01/31/2024 21:22:42 - Dark_Fire[2000004]: @jump
01/31/2024 21:22:43 - Dark_Fire[2000004]: @jump
01/31/2024 21:22:44 - Dark_Fire[2000004]: @jump
01/31/2024 21:22:45 - Dark_Fire[2000004]: @jump
01/31/2024 21:22:46 - Dark_Fire[2000004]: @jump
01/31/2024 21:22:47 - Dark_Fire[2000004]: @jump
01/31/2024 21:22:48 - Dark_Fire[2000004]: @jump
01/31/2024 21:22:50 - Dark_Fire[2000004]: @jump
01/31/2024 21:22:51 - Dark_Fire[2000004]: @jump
01/31/2024 21:22:52 - Dark_Fire[2000004]: @jump
01/31/2024 21:23:04 - BUrN_THem_@LL[2000000]: @heal
01/31/2024 21:23:10 - Dark_Fire[2000004]: @monster 1219 1
01/31/2024 21:23:14 - BUrN_THem_@LL[2000000]: @heal
01/31/2024 21:23:20 - Dark_Fire[2000004]: @monster 1219 1
01/31/2024 21:23:23 - BUrN_THem_@LL[2000000]: @heal
01/31/2024 21:23:28 - DiRT_Nap[2000002]: @heal
01/31/2024 21:23:29 - BUrN_THem_@LL[2000000]: @heal
01/31/2024 21:23:35 - Dark_Fire[2000004]: @monster 1219 1
01/31/2024 21:23:41 - Dark_Fire[2000004]: @monster 1219 1
01/31/2024 21:23:44 - BUrN_THem_@LL[2000000]: @heal
01/31/2024 21:23:48 - BUrN_THem_@LL[2000000]: @heal
01/31/2024 21:23:52 - Dark_Fire[2000004]: @monster 1219 1
01/31/2024 21:24:07 - Dark_Fire[2000004]: @monster 1219 5
01/31/2024 21:24:10 - BUrN_THem_@LL[2000000]: @heal
01/31/2024 21:24:11 - BUrN_THem_@LL[2000000]: @heal
01/31/2024 21:24:12 - BUrN_THem_@LL[2000000]: @heal
01/31/2024 21:24:13 - BUrN_THem_@LL[2000000]: @heal
01/31/2024 21:24:13 - BUrN_THem_@LL[2000000]: @heal
01/31/2024 21:24:14 - BUrN_THem_@LL[2000000]: @heal
01/31/2024 21:25:03 - BUrN_THem_@LL[2000000]: @heal
01/31/2024 21:25:19 - Dark_Fire[2000004]: @monster 1219 5
01/31/2024 21:25:47 - Dark_Fire[2000004]: @monster 1219 10
01/31/2024 21:25:59 - Dark_Fire[2000004]: @monster 1219 10
01/31/2024 21:26:11 - Dark_Fire[2000004]: @monster 1219 10
01/31/2024 21:26:21 - Dark_Fire[2000004]: @monster 1219 10
01/31/2024 21:26:42 - Dark_Fire[2000004]: @monster 1219 10
01/31/2024 21:26:52 - Dark_Fire[2000004]: @monster 1219 10
01/31/2024 21:27:09 - Dark_Fire[2000004]: @monster khailitzburg 10
01/31/2024 21:27:22 - Dark_Fire[2000004]: @monster khalitzburg 10
01/31/2024 21:27:31 - DiRT_Nap[2000002]: @heal
01/31/2024 21:27:36 - DiRT_Nap[2000002]: @warp gl_prison
01/31/2024 21:27:47 - Dark_Fire[2000004]: @monster khalitzburg 10
01/31/2024 21:28:01 - Dark_Fire[2000004]: @monster khalitzburg 10
01/31/2024 21:28:06 - Dark_Fire[2000004]: @monster khalitzburg 10
01/31/2024 21:28:39 - Dark_Fire[2000004]: @monster khalitzburg 10
01/31/2024 21:29:11 - Dark_Fire[2000004]: @monster khalitzburg 10
01/31/2024 21:29:24 - Dark_Fire[2000004]: @monster khalitzburg 10
01/31/2024 21:29:49 - BUrN_THem_@LL[2000000]: @heal
01/31/2024 21:29:53 - DiRT_Nap[2000002]: @heal
01/31/2024 21:30:12 - Support_Our_Troops[2000006]: @heal
01/31/2024 21:30:21 - Support_Our_Troops[2000006]: @item blue_gemstone 100
01/31/2024 21:30:28 - Dark_Fire[2000004]: @monster khalitzburg 10
01/31/2024 21:30:33 - BUrN_THem_@LL[2000000]: @heal
01/31/2024 21:30:35 - BUrN_THem_@LL[2000000]: @heal
01/31/2024 21:30:37 - BUrN_THem_@LL[2000000]: @heal
01/31/2024 21:30:41 - BUrN_THem_@LL[2000000]: @heal
01/31/2024 21:30:49 - BUrN_THem_@LL[2000000]: @heal
01/31/2024 21:30:54 - Dark_Fire[2000004]: @monster khalitzburg 10
01/31/2024 21:30:59 - BUrN_THem_@LL[2000000]: @heal
01/31/2024 21:31:05 - DiRT_Nap[2000002]: @heal
01/31/2024 21:31:07 - Support_Our_Troops[2000006]: @item blue_gemstone 100
01/31/2024 21:31:16 - BUrN_THem_@LL[2000000]: @heal
01/31/2024 21:31:22 - Dark_Fire[2000004]: @monster khalitzburg 10
01/31/2024 21:31:25 - BUrN_THem_@LL[2000000]: @heal
01/31/2024 21:31:26 - BUrN_THem_@LL[2000000]: @heal
01/31/2024 21:31:27 - BUrN_THem_@LL[2000000]: @heal
01/31/2024 21:31:28 - BUrN_THem_@LL[2000000]: @heal
01/31/2024 21:31:30 - BUrN_THem_@LL[2000000]: @heal
01/31/2024 21:31:34 - Dark_Fire[2000004]: @monster khalitzburg 10
01/31/2024 21:31:43 - BUrN_THem_@LL[2000000]: @heal
01/31/2024 21:31:44 - BUrN_THem_@LL[2000000]: @heal
01/31/2024 21:32:38 - Dark_Fire[2000004]: @warp prontera
01/31/2024 21:32:49 - Dark_Fire[2000004]: @hide
01/31/2024 21:54:43 - Dark_Fire[2000004]: @warp gl_prison
01/31/2024 21:56:17 - Dark_Fire[2000004]: @speed 5
01/31/2024 21:56:20 - Dark_Fire[2000004]: @heal
01/31/2024 21:57:06 - BUrN_THem_@LL[2000000]: @heal
01/31/2024 21:57:27 - BUrN_THem_@LL[2000000]: @hide
01/31/2024 21:58:00 - BUrN_THem_@LL[2000000]: @monster 1438 20
01/31/2024 21:58:05 - BUrN_THem_@LL[2000000]: @jump
01/31/2024 21:58:06 - BUrN_THem_@LL[2000000]: @monster 1438 20
01/31/2024 21:58:13 - BUrN_THem_@LL[2000000]: @jump
01/31/2024 21:58:14 - BUrN_THem_@LL[2000000]: @jump
01/31/2024 21:58:15 - BUrN_THem_@LL[2000000]: @jump
01/31/2024 21:58:16 - BUrN_THem_@LL[2000000]: @jump
01/31/2024 21:58:17 - BUrN_THem_@LL[2000000]: @jump
01/31/2024 21:58:18 - BUrN_THem_@LL[2000000]: @jump
01/31/2024 21:58:21 - BUrN_THem_@LL[2000000]: @monster 1438 20
01/31/2024 21:58:23 - BUrN_THem_@LL[2000000]: @jump
01/31/2024 21:58:24 - BUrN_THem_@LL[2000000]: @jump
01/31/2024 21:58:25 - BUrN_THem_@LL[2000000]: @jump
01/31/2024 21:58:27 - BUrN_THem_@LL[2000000]: @jump
01/31/2024 21:58:28 - BUrN_THem_@LL[2000000]: @jump
01/31/2024 21:58:29 - BUrN_THem_@LL[2000000]: @jump
01/31/2024 21:58:36 - BUrN_THem_@LL[2000000]: @warp morroc
01/31/2024 21:58:41 - BUrN_THem_@LL[2000000]: @warp moroc
01/31/2024 21:59:08 - BUrN_THem_@LL[2000000]: @speed 2
01/31/2024 21:59:18 - BUrN_THem_@LL[2000000]: @jump
01/31/2024 22:00:09 - BUrN_THem_@LL[2000000]: @hide
01/31/2024 22:00:51 - BUrN_THem_@LL[2000000]: @warp prontera
01/31/2024 22:02:13 - BUrN_THem_@LL[2000000]: @item white_potion 100
01/31/2024 22:02:20 - BUrN_THem_@LL[2000000]: @warp gl_prison
01/31/2024 22:02:35 - ToPPY[2000000]: @warp payon
01/31/2024 22:04:38 - DiRT_Nap[2000002]: @warp geffen
01/31/2024 22:04:45 - DiRT_Nap[2000002]: @speed 5
01/31/2024 22:05:56 - DiRT_Nap[2000002]: @item white_potion 100
01/31/2024 22:06:01 - DiRT_Nap[2000002]: @item blue_potion 100
01/31/2024 22:06:10 - DiRT_Nap[2000002]: @item silver_arrow 10000
01/31/2024 22:06:12 - DiRT_Nap[2000002]: @heal
01/31/2024 22:06:58 - DiRT_Nap[2000002]: @jobchange 11
01/31/2024 22:07:05 - DiRT_Nap[2000002]: @skpoint 30
01/31/2024 22:10:12 - DiRT_Nap[2000002]: @skpoint 10
01/31/2024 22:15:08 - DiRT_Nap[2000002]: @option 6
01/31/2024 22:15:31 - DiRT_Nap[2000002]: @option 16
01/31/2024 22:17:02 - DiRT_Nap[2000002]: @warp pay_fild10
01/31/2024 22:17:06 - DiRT_Nap[2000002]: @jump
01/31/2024 22:17:09 - DiRT_Nap[2000002]: @speed 5
01/31/2024 22:18:22 - DiRT_Nap[2000002]: @warp payon
01/31/2024 22:21:42 - DiRT_Nap[2000002]: @jobchange 11 16
01/31/2024 22:25:54 - DiRT_Nap[2000002]: @warp prontera
01/31/2024 22:27:39 - DiRT_Nap[2000002]: @jump 54 240
01/31/2024 22:35:36 - DiRT_Nap[2000002]: @option   
01/31/2024 22:35:41 - DiRT_Nap[2000002]: @option  0 0 16
01/31/2024 22:35:57 - DiRT_Nap[2000002]: @warp gl_prison
01/31/2024 22:38:24 - The_Killer[2000001]: @str 100
01/31/2024 22:38:31 - The_Killer[2000001]: @vit 100
01/31/2024 22:38:34 - The_Killer[2000001]: @agi 100
01/31/2024 22:38:38 - The_Killer[2000001]: @heal
01/31/2024 22:38:47 - The_Killer[2000001]: @monster phen 10000
01/31/2024 22:38:49 - The_Killer[2000001]: @monster phen 10000
01/31/2024 22:38:49 - The_Killer[2000001]: @monster phen 10000
01/31/2024 22:38:49 - The_Killer[2000001]: @monster phen 10000
01/31/2024 22:38:50 - The_Killer[2000001]: @monster phen 10000
01/31/2024 22:38:50 - The_Killer[2000001]: @monster phen 10000
01/31/2024 22:39:15 - The_DeViL_HiMSelF[2000003]: @monster phen 10000
01/31/2024 22:40:44 - The_DeViL_HiMSelF[2000003]: @monster phen 1000
01/31/2024 22:40:52 - The_DeViL_HiMSelF[2000003]: @str 100
01/31/2024 22:40:55 - The_DeViL_HiMSelF[2000003]: @vit 100
01/31/2024 22:40:57 - The_DeViL_HiMSelF[2000003]: @agi 10
01/31/2024 22:41:17 - The_DeViL_HiMSelF[2000003]: @skillall
01/31/2024 22:41:26 - The_DeViL_HiMSelF[2000003]: @heal
01/31/2024 22:41:32 - The_DeViL_HiMSelF[2000003]: @skpoint -100
01/31/2024 22:41:53 - The_DeViL_HiMSelF[2000003]: @item clip
01/31/2024 22:41:57 - The_DeViL_HiMSelF[2000003]: @item creamy_card
01/31/2024 22:41:59 - The_DeViL_HiMSelF[2000003]: @item clip
01/31/2024 22:42:03 - The_DeViL_HiMSelF[2000003]: @item vitata_card
01/31/2024 22:43:54 - Support_Our_Troops[2000006]: @item spiky_band
01/31/2024 22:45:16 - Support_Our_Troops[2000006]: @heal
01/31/2024 22:46:04 - Support_Our_Troops[2000006]: @item blue_potion 50
01/31/2024 22:46:22 - Support_Our_Troops[2000006]: @item 2258
01/31/2024 22:46:49 - Support_Our_Troops[2000006]: @refine 0 10
01/31/2024 22:55:14 - HooliGan-B@stard[2000005]: @warp xmas_dun02
01/31/2024 22:56:39 - HooliGan-B@stard[2000005]: @warp gl_cas02
01/31/2024 22:56:51 - HooliGan-B@stard[2000005]: @heal
01/31/2024 22:56:54 - HooliGan-B@stard[2000005]: @jump
01/31/2024 22:56:57 - HooliGan-B@stard[2000005]: @jump
01/31/2024 22:57:01 - HooliGan-B@stard[2000005]: @warp gl_cas01
01/31/2024 22:57:54 - HooliGan-B@stard[2000005]: @heal
01/31/2024 22:58:19 - HooliGan-B@stard[2000005]: @item white_potion 200
01/31/2024 22:58:21 - HooliGan-B@stard[2000005]: @heal
01/31/2024 22:58:31 - HooliGan-B@stard[2000005]: @dex 300
01/31/2024 22:59:22 - Support_Our_Troops[2000006]: @heal
01/31/2024 22:59:26 - The_DeViL_HiMSelF[2000003]: @heal
01/31/2024 22:59:35 - Support_Our_Troops[2000006]: @heal
01/31/2024 22:59:47 - BUrN_THem_@LL[2000000]: @heal
01/31/2024 23:01:14 - The_Killer[2000001]: @monster sword_fish 10
01/31/2024 23:01:26 - The_DeViL_HiMSelF[2000003]: @monster sword_fish 10
01/31/2024 23:01:36 - The_DeViL_HiMSelF[2000003]: @monster sword_fish 10
01/31/2024 23:01:37 - The_Killer[2000001]: @monster sword_fish 10
01/31/2024 23:02:06 - Support_Our_Troops[2000006]: @heal
01/31/2024 23:02:28 - BUrN_THem_@LL[2000000]: @heal
01/31/2024 23:03:26 - The_DeViL_HiMSelF[2000003]: @monster merman
01/31/2024 23:03:29 - The_DeViL_HiMSelF[2000003]: @monster merman
01/31/2024 23:03:35 - The_Killer[2000001]: @monster merman
01/31/2024 23:03:37 - The_Killer[2000001]: @monster merman
01/31/2024 23:03:38 - The_DeViL_HiMSelF[2000003]: @monster merman
01/31/2024 23:03:39 - The_Killer[2000001]: @monster merman
01/31/2024 23:03:40 - The_DeViL_HiMSelF[2000003]: @monster merman
01/31/2024 23:03:41 - The_Killer[2000001]: @monster merman
01/31/2024 23:03:42 - The_DeViL_HiMSelF[2000003]: @monster merman
01/31/2024 23:03:43 - The_Killer[2000001]: @monster merman
01/31/2024 23:03:43 - The_DeViL_HiMSelF[2000003]: @monster merman
01/31/2024 23:03:44 - The_Killer[2000001]: @monster merman
01/31/2024 23:04:21 - The_Killer[2000001]: @monster Deviace
01/31/2024 23:04:32 - The_DeViL_HiMSelF[2000003]: @monster Deviace
01/31/2024 23:04:35 - The_DeViL_HiMSelF[2000003]: @monster Deviace
01/31/2024 23:04:35 - The_DeViL_HiMSelF[2000003]: @monster Deviace
01/31/2024 23:04:36 - The_Killer[2000001]: @monster Deviace
01/31/2024 23:04:37 - The_Killer[2000001]: @monster Deviace
01/31/2024 23:04:44 - The_Killer[2000001]: @monster Deviace
01/31/2024 23:04:45 - The_Killer[2000001]: @monster merman
01/31/2024 23:04:46 - The_Killer[2000001]: @monster merman
01/31/2024 23:04:48 - The_DeViL_HiMSelF[2000003]: @monster Deviace
01/31/2024 23:04:48 - The_DeViL_HiMSelF[2000003]: @monster Deviace
01/31/2024 23:04:51 - The_DeViL_HiMSelF[2000003]: @monster merman
01/31/2024 23:04:52 - The_DeViL_HiMSelF[2000003]: @monster merman
01/31/2024 23:05:05 - BUrN_THem_@LL[2000000]: @heal
01/31/2024 23:05:21 - Dark_Fire[2000004]: @heal
01/31/2024 23:05:28 - HooliGan-B@stard[2000005]: @heal
01/31/2024 23:05:36 - HooliGan-B@stard[2000005]: @speed 5
01/31/2024 23:06:32 - The_DeViL_HiMSelF[2000003]: @monster Obeaune 10
01/31/2024 23:06:50 - The_Killer[2000001]: @monster Obeaune 20
01/31/2024 23:06:56 - The_DeViL_HiMSelF[2000003]: @monster Obeaune 20
01/31/2024 23:07:00 - The_DeViL_HiMSelF[2000003]: @monster merman 5
01/31/2024 23:07:04 - The_Killer[2000001]: @monster merman 5
01/31/2024 23:07:13 - The_DeViL_HiMSelF[2000003]: @monster merman 5
01/31/2024 23:07:16 - The_Killer[2000001]: @monster merman 5
01/31/2024 23:07:17 - The_Killer[2000001]: @monster Obeaune 20
01/31/2024 23:07:19 - The_DeViL_HiMSelF[2000003]: @monster Obeaune 20
01/31/2024 23:07:20 - The_DeViL_HiMSelF[2000003]: @monster merman 5
01/31/2024 23:07:44 - The_DeViL_HiMSelF[2000003]: @monster merman 5
01/31/2024 23:07:45 - The_DeViL_HiMSelF[2000003]: @monster merman 5
01/31/2024 23:07:46 - The_Killer[2000001]: @monster merman 5
01/31/2024 23:07:47 - The_Killer[2000001]: @monster merman 5
01/31/2024 23:08:04 - BUrN_THem_@LL[2000000]: @heal
01/31/2024 23:08:09 - BUrN_THem_@LL[2000000]: @monster ghostring
01/31/2024 23:08:11 - BUrN_THem_@LL[2000000]: @monster ghostring
01/31/2024 23:08:15 - BUrN_THem_@LL[2000000]: @heal
01/31/2024 23:08:18 - BUrN_THem_@LL[2000000]: @heal
01/31/2024 23:08:19 - BUrN_THem_@LL[2000000]: @monster ghostring
01/31/2024 23:08:21 - BUrN_THem_@LL[2000000]: @heal
01/31/2024 23:08:22 - BUrN_THem_@LL[2000000]: @heal
01/31/2024 23:08:38 - BUrN_THem_@LL[2000000]: @heal
01/31/2024 23:08:39 - BUrN_THem_@LL[2000000]: @monster ghostring
01/31/2024 23:08:46 - Dark_Fire[2000004]: @heal
01/31/2024 23:08:52 - Dark_Fire[2000004]: @monster ghostring
01/31/2024 23:08:54 - Dark_Fire[2000004]: @monster ghostring
01/31/2024 23:08:55 - Dark_Fire[2000004]: @heal
01/31/2024 23:08:58 - Dark_Fire[2000004]: @monster ghostring
01/31/2024 23:08:59 - Dark_Fire[2000004]: @heal
01/31/2024 23:09:01 - Dark_Fire[2000004]: @heal
01/31/2024 23:09:05 - Dark_Fire[2000004]: @heal
01/31/2024 23:09:16 - DiRT_Nap[2000002]: @heal
01/31/2024 23:09:20 - DiRT_Nap[2000002]: @monster ghosring
01/31/2024 23:09:25 - DiRT_Nap[2000002]: @monster ghostring
01/31/2024 23:09:27 - DiRT_Nap[2000002]: @monster ghostring
01/31/2024 23:09:29 - DiRT_Nap[2000002]: @heal
01/31/2024 23:09:37 - DiRT_Nap[2000002]: @heal
01/31/2024 23:09:40 - Dark_Fire[2000004]: @heal
01/31/2024 23:09:45 - Support_Our_Troops[2000006]: @heal
01/31/2024 23:09:50 - Dark_Fire[2000004]: @monster ghostring
01/31/2024 23:09:51 - Dark_Fire[2000004]: @monster ghostring
01/31/2024 23:09:52 - Dark_Fire[2000004]: @heal
01/31/2024 23:09:53 - Dark_Fire[2000004]: @heal
01/31/2024 23:10:05 - BUrN_THem_@LL[2000000]: @monster ghostring
01/31/2024 23:10:06 - BUrN_THem_@LL[2000000]: @heal
01/31/2024 23:10:06 - BUrN_THem_@LL[2000000]: @heal
01/31/2024 23:10:09 - BUrN_THem_@LL[2000000]: @monster ghostring
01/31/2024 23:10:10 - BUrN_THem_@LL[2000000]: @heal
01/31/2024 23:10:11 - BUrN_THem_@LL[2000000]: @heal
01/31/2024 23:10:13 - BUrN_THem_@LL[2000000]: @heal
01/31/2024 23:10:17 - BUrN_THem_@LL[2000000]: @heal
01/31/2024 23:10:22 - BUrN_THem_@LL[2000000]: @heal
01/31/2024 23:10:24 - BUrN_THem_@LL[2000000]: @heal
01/31/2024 23:10:43 - Dark_Fire[2000004]: @heal
01/31/2024 23:10:44 - Dark_Fire[2000004]: @monster ghostring
01/31/2024 23:10:46 - Dark_Fire[2000004]: @heal
01/31/2024 23:10:57 - Dark_Fire[2000004]: @monster ghostring
01/31/2024 23:10:58 - Dark_Fire[2000004]: @heal
01/31/2024 23:10:59 - Dark_Fire[2000004]: @heal
01/31/2024 23:11:00 - Dark_Fire[2000004]: @heal
01/31/2024 23:11:02 - Dark_Fire[2000004]: @heal
01/31/2024 23:11:05 - Dark_Fire[2000004]: @monster ghostring
01/31/2024 23:11:06 - Dark_Fire[2000004]: @heal
01/31/2024 23:11:19 - Dark_Fire[2000004]: @heal
01/31/2024 23:11:26 - DiRT_Nap[2000002]: @heal
01/31/2024 23:11:27 - DiRT_Nap[2000002]: @monster ghostring
01/31/2024 23:11:30 - Dark_Fire[2000004]: @heal
01/31/2024 23:11:31 - Dark_Fire[2000004]: @monster ghostring
01/31/2024 23:11:36 - Dark_Fire[2000004]: @heal
01/31/2024 23:11:51 - Support_Our_Troops[2000006]: @heal
01/31/2024 23:12:50 - The_Killer[2000001]: @monster ghostring
01/31/2024 23:13:10 - The_DeViL_HiMSelF[2000003]: @monster ghostring
01/31/2024 23:13:23 - The_Killer[2000001]: @monster ghostring
01/31/2024 23:13:26 - The_DeViL_HiMSelF[2000003]: @monster ghostring
01/31/2024 23:13:35 - The_Killer[2000001]: @heal
01/31/2024 23:13:41 - The_DeViL_HiMSelF[2000003]: @heal
01/31/2024 23:13:42 - The_DeViL_HiMSelF[2000003]: @monster ghostring
01/31/2024 23:13:45 - The_Killer[2000001]: @monster ghostring
01/31/2024 23:14:55 - Dark_Fire[2000004]: @heal
01/31/2024 23:15:46 - Dark_Fire[2000004]: @monster ghostring
01/31/2024 23:15:47 - Dark_Fire[2000004]: @monster ghostring
01/31/2024 23:15:48 - Dark_Fire[2000004]: @heal
01/31/2024 23:15:50 - Dark_Fire[2000004]: @heal
01/31/2024 23:15:54 - Dark_Fire[2000004]: @monster ghostring
01/31/2024 23:15:55 - Dark_Fire[2000004]: @heal
01/31/2024 23:16:04 - DiRT_Nap[2000002]: @monster ghostring
01/31/2024 23:16:04 - DiRT_Nap[2000002]: @monster ghostring
01/31/2024 23:16:05 - DiRT_Nap[2000002]: @heal
01/31/2024 23:16:09 - DiRT_Nap[2000002]: @heal
01/31/2024 23:16:12 - Dark_Fire[2000004]: @heal
01/31/2024 23:16:25 - BUrN_THem_@LL[2000000]: @heal
01/31/2024 23:16:27 - BUrN_THem_@LL[2000000]: @monster ghostring
01/31/2024 23:16:29 - BUrN_THem_@LL[2000000]: @heal
01/31/2024 23:16:30 - BUrN_THem_@LL[2000000]: @heal
01/31/2024 23:16:31 - BUrN_THem_@LL[2000000]: @monster ghostring
01/31/2024 23:16:32 - BUrN_THem_@LL[2000000]: @heal
01/31/2024 23:16:32 - BUrN_THem_@LL[2000000]: @heal
01/31/2024 23:16:36 - BUrN_THem_@LL[2000000]: @heal
01/31/2024 23:16:38 - BUrN_THem_@LL[2000000]: @heal
01/31/2024 23:16:45 - DiRT_Nap[2000002]: @heal
01/31/2024 23:16:47 - DiRT_Nap[2000002]: @monster ghostring
01/31/2024 23:16:47 - DiRT_Nap[2000002]: @monster ghostring
01/31/2024 23:16:48 - DiRT_Nap[2000002]: @heal
01/31/2024 23:16:51 - Dark_Fire[2000004]: @heal
01/31/2024 23:16:52 - Dark_Fire[2000004]: @monster ghostring
01/31/2024 23:16:53 - Dark_Fire[2000004]: @monster ghostring
01/31/2024 23:16:53 - Dark_Fire[2000004]: @heal
01/31/2024 23:16:56 - DiRT_Nap[2000002]: @heal
01/31/2024 23:16:58 - DiRT_Nap[2000002]: @heal
01/31/2024 23:16:59 - DiRT_Nap[2000002]: @heal
01/31/2024 23:17:04 - DiRT_Nap[2000002]: @heal
01/31/2024 23:17:08 - Dark_Fire[2000004]: @heal
01/31/2024 23:17:10 - Dark_Fire[2000004]: @monster ghostring
01/31/2024 23:17:14 - Dark_Fire[2000004]: @monster ghostring
01/31/2024 23:17:17 - DiRT_Nap[2000002]: @heal
01/31/2024 23:17:18 - DiRT_Nap[2000002]: @monster ghostring
01/31/2024 23:17:21 - Dark_Fire[2000004]: @heal
01/31/2024 23:17:22 - Dark_Fire[2000004]: @monster ghostring
01/31/2024 23:17:25 - DiRT_Nap[2000002]: @heal
01/31/2024 23:17:36 - DiRT_Nap[2000002]: @heal
01/31/2024 23:17:37 - Dark_Fire[2000004]: @monster ghostring
01/31/2024 23:17:38 - Dark_Fire[2000004]: @heal
01/31/2024 23:17:40 - DiRT_Nap[2000002]: @monster ghostring
01/31/2024 23:17:41 - DiRT_Nap[2000002]: @heal
01/31/2024 23:17:42 - Dark_Fire[2000004]: @monster ghostring
01/31/2024 23:17:43 - Dark_Fire[2000004]: @monster ghostring
01/31/2024 23:17:44 - Dark_Fire[2000004]: @monster ghostring
01/31/2024 23:17:45 - Dark_Fire[2000004]: @heal
01/31/2024 23:17:46 - DiRT_Nap[2000002]: @monster ghostring
01/31/2024 23:17:47 - DiRT_Nap[2000002]: @monster ghostring
01/31/2024 23:17:48 - DiRT_Nap[2000002]: @heal
01/31/2024 23:17:49 - DiRT_Nap[2000002]: @heal
01/31/2024 23:17:51 - BUrN_THem_@LL[2000000]: @monster ghostring
01/31/2024 23:17:51 - BUrN_THem_@LL[2000000]: @monster ghostring
01/31/2024 23:17:52 - BUrN_THem_@LL[2000000]: @heal
01/31/2024 23:17:53 - BUrN_THem_@LL[2000000]: @heal
01/31/2024 23:17:54 - BUrN_THem_@LL[2000000]: @heal
01/31/2024 23:17:55 - BUrN_THem_@LL[2000000]: @heal
01/31/2024 23:17:57 - DiRT_Nap[2000002]: @heal
01/31/2024 23:17:57 - Dark_Fire[2000004]: @heal
01/31/2024 23:17:59 - DiRT_Nap[2000002]: @heal
01/31/2024 23:18:00 - Dark_Fire[2000004]: @heal
01/31/2024 23:18:01 - DiRT_Nap[2000002]: @heal
01/31/2024 23:18:02 - BUrN_THem_@LL[2000000]: @heal
01/31/2024 23:18:06 - BUrN_THem_@LL[2000000]: @heal
01/31/2024 23:18:07 - DiRT_Nap[2000002]: @heal
01/31/2024 23:18:08 - Dark_Fire[2000004]: @heal
01/31/2024 23:18:11 - Dark_Fire[2000004]: @monster ghostring
01/31/2024 23:18:12 - DiRT_Nap[2000002]: @monster ghostring
01/31/2024 23:18:14 - BUrN_THem_@LL[2000000]: @monster ghostring
01/31/2024 23:18:14 - BUrN_THem_@LL[2000000]: @heal
01/31/2024 23:18:16 - DiRT_Nap[2000002]: @heal
01/31/2024 23:18:17 - Dark_Fire[2000004]: @heal
01/31/2024 23:18:19 - BUrN_THem_@LL[2000000]: @heal
01/31/2024 23:18:21 - DiRT_Nap[2000002]: @heal
01/31/2024 23:18:22 - Dark_Fire[2000004]: @heal
01/31/2024 23:18:50 - DiRT_Nap[2000002]: @monster Khalitzburg 10
01/31/2024 23:18:59 - BUrN_THem_@LL[2000000]: @monster Khalitzburg 10
01/31/2024 23:19:06 - Support_Our_Troops[2000006]: @monster Khalitzburg 10
01/31/2024 23:19:07 - Support_Our_Troops[2000006]: @heal
01/31/2024 23:19:08 - BUrN_THem_@LL[2000000]: @heal
01/31/2024 23:19:10 - DiRT_Nap[2000002]: @heal
01/31/2024 23:19:12 - DiRT_Nap[2000002]: @monster Khalitzburg 10
01/31/2024 23:19:13 - Support_Our_Troops[2000006]: @monster Khalitzburg 10
01/31/2024 23:19:14 - Support_Our_Troops[2000006]: @heal
01/31/2024 23:19:16 - BUrN_THem_@LL[2000000]: @monster Khalitzburg 10
01/31/2024 23:19:17 - BUrN_THem_@LL[2000000]: @monster Khalitzburg 10
01/31/2024 23:19:17 - BUrN_THem_@LL[2000000]: @heal
01/31/2024 23:19:19 - DiRT_Nap[2000002]: @heal
01/31/2024 23:19:21 - Support_Our_Troops[2000006]: @heal
01/31/2024 23:19:23 - BUrN_THem_@LL[2000000]: @heal
01/31/2024 23:19:24 - DiRT_Nap[2000002]: @heal
01/31/2024 23:19:26 - Support_Our_Troops[2000006]: @heal
01/31/2024 23:19:32 - The_DeViL_HiMSelF[2000003]: @monster ghostring
01/31/2024 23:19:33 - The_DeViL_HiMSelF[2000003]: @heal
01/31/2024 23:19:36 - The_DeViL_HiMSelF[2000003]: @heal
01/31/2024 23:19:40 - BUrN_THem_@LL[2000000]: @heal
01/31/2024 23:19:53 - DiRT_Nap[2000002]: @heal
01/31/2024 23:19:53 - DiRT_Nap[2000002]: @heal
01/31/2024 23:19:55 - Support_Our_Troops[2000006]: @heal
01/31/2024 23:20:08 - Dark_Fire[2000004]: @heal
01/31/2024 23:20:13 - Dark_Fire[2000004]: @monster Khalitzburg 10
01/31/2024 23:20:15 - Dark_Fire[2000004]: @heal
01/31/2024 23:20:16 - Dark_Fire[2000004]: @heal
01/31/2024 23:20:17 - Dark_Fire[2000004]: @heal
01/31/2024 23:20:20 - Dark_Fire[2000004]: @heal
01/31/2024 23:20:23 - Dark_Fire[2000004]: @heal
01/31/2024 23:20:26 - Dark_Fire[2000004]: @monster Khalitzburg 10
01/31/2024 23:20:27 - Dark_Fire[2000004]: @heal
01/31/2024 23:20:29 - Dark_Fire[2000004]: @heal
01/31/2024 23:20:30 - Dark_Fire[2000004]: @heal
01/31/2024 23:20:31 - Dark_Fire[2000004]: @heal
01/31/2024 23:20:32 - Dark_Fire[2000004]: @heal
01/31/2024 23:20:33 - Dark_Fire[2000004]: @heal
01/31/2024 23:20:34 - Dark_Fire[2000004]: @heal
01/31/2024 23:20:36 - Dark_Fire[2000004]: @heal
01/31/2024 23:20:38 - DiRT_Nap[2000002]: @heal
01/31/2024 23:20:43 - BUrN_THem_@LL[2000000]: @heal
01/31/2024 23:20:48 - Dark_Fire[2000004]: @heal
01/31/2024 23:20:57 - Dark_Fire[2000004]: @monster Khalitzburg 10
01/31/2024 23:20:58 - Dark_Fire[2000004]: @heal
01/31/2024 23:21:00 - Dark_Fire[2000004]: @heal
01/31/2024 23:21:01 - Dark_Fire[2000004]: @heal
01/31/2024 23:21:08 - Dark_Fire[2000004]: @monster Khalitzburg 10
01/31/2024 23:21:10 - Dark_Fire[2000004]: @heal
01/31/2024 23:21:15 - Dark_Fire[2000004]: @heal
01/31/2024 23:21:17 - Dark_Fire[2000004]: @heal
01/31/2024 23:21:23 - Dark_Fire[2000004]: @heal
01/31/2024 23:21:29 - Dark_Fire[2000004]: @monster ghostring
01/31/2024 23:21:30 - Dark_Fire[2000004]: @heal
01/31/2024 23:21:31 - Dark_Fire[2000004]: @heal
01/31/2024 23:21:35 - Dark_Fire[2000004]: @monster Khalitzburg 10
01/31/2024 23:21:36 - Dark_Fire[2000004]: @heal
01/31/2024 23:21:39 - Dark_Fire[2000004]: @heal
01/31/2024 23:21:44 - Dark_Fire[2000004]: @monster ghostring
01/31/2024 23:21:45 - Dark_Fire[2000004]: @heal
01/31/2024 23:21:46 - Dark_Fire[2000004]: @heal
01/31/2024 23:21:49 - BUrN_THem_@LL[2000000]: @monster Khalitzburg 10
01/31/2024 23:21:50 - BUrN_THem_@LL[2000000]: @heal
01/31/2024 23:21:52 - BUrN_THem_@LL[2000000]: @heal
01/31/2024 23:21:55 - DiRT_Nap[2000002]: @monster Khalitzburg 10
01/31/2024 23:21:56 - DiRT_Nap[2000002]: @heal
01/31/2024 23:21:59 - DiRT_Nap[2000002]: @heal
01/31/2024 23:22:03 - Dark_Fire[2000004]: @heal
01/31/2024 23:22:08 - Dark_Fire[2000004]: @monster ghostring
01/31/2024 23:22:11 - Dark_Fire[2000004]: @heal
01/31/2024 23:22:17 - Dark_Fire[2000004]: @monster ghostring
01/31/2024 23:22:18 - Dark_Fire[2000004]: @heal
01/31/2024 23:22:22 - Dark_Fire[2000004]: @monster Khalitzburg 10
01/31/2024 23:22:25 - Dark_Fire[2000004]: @heal
01/31/2024 23:22:26 - Dark_Fire[2000004]: @heal
01/31/2024 23:22:31 - Dark_Fire[2000004]: @monster Khalitzburg 10
01/31/2024 23:22:33 - Dark_Fire[2000004]: @monster ghostring
01/31/2024 23:22:35 - Dark_Fire[2000004]: @heal
01/31/2024 23:22:37 - Dark_Fire[2000004]: @heal
01/31/2024 23:22:41 - Dark_Fire[2000004]: @heal
01/31/2024 23:22:50 - Dark_Fire[2000004]: @heal
01/31/2024 23:22:55 - BUrN_THem_@LL[2000000]: @heal
01/31/2024 23:22:58 - DiRT_Nap[2000002]: @heal
01/31/2024 23:23:10 - Support_Our_Troops[2000006]: @monster Khalitzburg 10
01/31/2024 23:23:11 - Support_Our_Troops[2000006]: @monster Khalitzburg 10
01/31/2024 23:23:12 - Support_Our_Troops[2000006]: @heal
01/31/2024 23:23:13 - Support_Our_Troops[2000006]: @heal
01/31/2024 23:23:14 - Support_Our_Troops[2000006]: @heal
01/31/2024 23:23:16 - Support_Our_Troops[2000006]: @heal
01/31/2024 23:23:19 - Support_Our_Troops[2000006]: @heal
01/31/2024 23:23:23 - Support_Our_Troops[2000006]: @monster Khalitzburg 10
01/31/2024 23:23:24 - Support_Our_Troops[2000006]: @monster Khalitzburg 10
01/31/2024 23:23:25 - Support_Our_Troops[2000006]: @heal
01/31/2024 23:23:27 - Support_Our_Troops[2000006]: @heal
01/31/2024 23:23:28 - Support_Our_Troops[2000006]: @heal
01/31/2024 23:23:30 - Support_Our_Troops[2000006]: @monster Khalitzburg 10
01/31/2024 23:23:30 - Support_Our_Troops[2000006]: @heal
01/31/2024 23:23:32 - Support_Our_Troops[2000006]: @heal
01/31/2024 23:25:19 - DiRT_Nap[2000002]: @monster Khalitzburg 10
01/31/2024 23:25:20 - DiRT_Nap[2000002]: @monster Khalitzburg 10
01/31/2024 23:25:32 - HooliGan-B@stard[2000005]: @heal
01/31/2024 23:25:37 - Dark_Fire[2000004]: @monster ghostring
01/31/2024 23:25:39 - Dark_Fire[2000004]: @monster Khalitzburg 10
01/31/2024 23:25:46 - BUrN_THem_@LL[2000000]: @monster Khalitzburg 10
01/31/2024 23:25:47 - BUrN_THem_@LL[2000000]: @monster Khalitzburg 10
01/31/2024 23:25:53 - BUrN_THem_@LL[2000000]: @heal
01/31/2024 23:25:56 - BUrN_THem_@LL[2000000]: @monster Khalitzburg 10
01/31/2024 23:25:57 - BUrN_THem_@LL[2000000]: @heal
01/31/2024 23:26:00 - BUrN_THem_@LL[2000000]: @heal
01/31/2024 23:26:12 - DiRT_Nap[2000002]: @monster Khalitzburg 10
01/31/2024 23:26:13 - DiRT_Nap[2000002]: @monster Khalitzburg 10
01/31/2024 23:26:16 - DiRT_Nap[2000002]: @heal
01/31/2024 23:26:31 - Support_Our_Troops[2000006]: @heal
01/31/2024 23:26:35 - Support_Our_Troops[2000006]: @monster Khalitzburg 10
01/31/2024 23:26:36 - Support_Our_Troops[2000006]: @monster Khalitzburg 10
01/31/2024 23:26:39 - Dark_Fire[2000004]: @monster Khalitzburg 10
01/31/2024 23:26:39 - Dark_Fire[2000004]: @monster Khalitzburg 10
01/31/2024 23:26:42 - Dark_Fire[2000004]: @monster ghostring
01/31/2024 23:26:42 - Dark_Fire[2000004]: @monster ghostring
01/31/2024 23:26:50 - Support_Our_Troops[2000006]: @monster Khalitzburg 10
01/31/2024 23:26:52 - Support_Our_Troops[2000006]: @heal
01/31/2024 23:26:58 - Support_Our_Troops[2000006]: @monster Khalitzburg 10
01/31/2024 23:27:04 - Support_Our_Troops[2000006]: @monster Khalitzburg 10
01/31/2024 23:27:09 - BUrN_THem_@LL[2000000]: @monster Khalitzburg 10
01/31/2024 23:27:10 - BUrN_THem_@LL[2000000]: @monster Khalitzburg 10
01/31/2024 23:27:13 - BUrN_THem_@LL[2000000]: @monster Khalitzburg 10
01/31/2024 23:27:13 - BUrN_THem_@LL[2000000]: @monster Khalitzburg 10
01/31/2024 23:27:14 - BUrN_THem_@LL[2000000]: @heal
01/31/2024 23:27:20 - BUrN_THem_@LL[2000000]: @heal
01/31/2024 23:27:22 - BUrN_THem_@LL[2000000]: @monster Khalitzburg 10
01/31/2024 23:27:30 - BUrN_THem_@LL[2000000]: @monster Khalitzburg 10
01/31/2024 23:27:32 - BUrN_THem_@LL[2000000]: @heal
01/31/2024 23:27:32 - BUrN_THem_@LL[2000000]: @heal
01/31/2024 23:27:36 - BUrN_THem_@LL[2000000]: @heal
01/31/2024 23:27:39 - BUrN_THem_@LL[2000000]: @heal
01/31/2024 23:27:43 - DiRT_Nap[2000002]: @heal
01/31/2024 23:27:43 - DiRT_Nap[2000002]: @monster Khalitzburg 10
01/31/2024 23:27:55 - Support_Our_Troops[2000006]: @warp gl_prison
01/31/2024 23:27:58 - Support_Our_Troops[2000006]: @heal
01/31/2024 23:28:03 - Support_Our_Troops[2000006]: @heal
01/31/2024 23:28:08 - Support_Our_Troops[2000006]: @heal
01/31/2024 23:28:13 - Dark_Fire[2000004]: @monster ghostring
01/31/2024 23:28:13 - Dark_Fire[2000004]: @monster ghostring
01/31/2024 23:28:15 - Dark_Fire[2000004]: @heal
01/31/2024 23:28:26 - BUrN_THem_@LL[2000000]: @heal
01/31/2024 23:28:28 - BUrN_THem_@LL[2000000]: @monster Khalitzburg 10
01/31/2024 23:28:29 - BUrN_THem_@LL[2000000]: @monster Khalitzburg 10
01/31/2024 23:28:30 - BUrN_THem_@LL[2000000]: @heal
01/31/2024 23:28:31 - BUrN_THem_@LL[2000000]: @heal
01/31/2024 23:28:35 - DiRT_Nap[2000002]: @heal
01/31/2024 23:28:37 - DiRT_Nap[2000002]: @heal
01/31/2024 23:28:41 - BUrN_THem_@LL[2000000]: @heal
01/31/2024 23:28:43 - BUrN_THem_@LL[2000000]: @heal
01/31/2024 23:28:46 - DiRT_Nap[2000002]: @heal
01/31/2024 23:28:49 - Support_Our_Troops[2000006]: @heal
01/31/2024 23:28:52 - Dark_Fire[2000004]: @heal
01/31/2024 23:29:05 - BUrN_THem_@LL[2000000]: @heal
01/31/2024 23:29:19 - DiRT_Nap[2000002]: @monster Khalitzburg 10
01/31/2024 23:29:20 - DiRT_Nap[2000002]: @monster Khalitzburg 10
01/31/2024 23:29:24 - DiRT_Nap[2000002]: @heal
01/31/2024 23:29:27 - BUrN_THem_@LL[2000000]: @heal
01/31/2024 23:29:30 - BUrN_THem_@LL[2000000]: @monster Khalitzburg 10
01/31/2024 23:29:33 - BUrN_THem_@LL[2000000]: @heal
01/31/2024 23:29:41 - Support_Our_Troops[2000006]: @monster Khalitzburg 10
01/31/2024 23:29:42 - Support_Our_Troops[2000006]: @monster Khalitzburg 10
01/31/2024 23:29:43 - Support_Our_Troops[2000006]: @heal
01/31/2024 23:29:44 - Support_Our_Troops[2000006]: @heal
01/31/2024 23:29:47 - Support_Our_Troops[2000006]: @heal
01/31/2024 23:29:49 - Support_Our_Troops[2000006]: @heal
01/31/2024 23:29:51 - Support_Our_Troops[2000006]: @heal
01/31/2024 23:29:53 - Support_Our_Troops[2000006]: @heal
01/31/2024 23:29:54 - Support_Our_Troops[2000006]: @heal
01/31/2024 23:29:55 - Support_Our_Troops[2000006]: @heal
01/31/2024 23:29:57 - Support_Our_Troops[2000006]: @heal
01/31/2024 23:29:59 - Support_Our_Troops[2000006]: @heal
01/31/2024 23:30:00 - Support_Our_Troops[2000006]: @heal
01/31/2024 23:30:03 - Support_Our_Troops[2000006]: @heal
01/31/2024 23:30:06 - Support_Our_Troops[2000006]: @heal
01/31/2024 23:30:07 - Support_Our_Troops[2000006]: @heal
01/31/2024 23:30:08 - Support_Our_Troops[2000006]: @heal
01/31/2024 23:30:09 - Support_Our_Troops[2000006]: @heal
01/31/2024 23:30:10 - Support_Our_Troops[2000006]: @heal
01/31/2024 23:30:11 - Support_Our_Troops[2000006]: @heal
01/31/2024 23:30:12 - Support_Our_Troops[2000006]: @heal
01/31/2024 23:30:12 - Support_Our_Troops[2000006]: @heal
01/31/2024 23:30:13 - Support_Our_Troops[2000006]: @heal
01/31/2024 23:30:14 - Support_Our_Troops[2000006]: @heal
01/31/2024 23:30:15 - Support_Our_Troops[2000006]: @heal
01/31/2024 23:30:17 - Support_Our_Troops[2000006]: @heal
01/31/2024 23:30:19 - Support_Our_Troops[2000006]: @heal
01/31/2024 23:30:19 - Support_Our_Troops[2000006]: @heal
01/31/2024 23:30:20 - Support_Our_Troops[2000006]: @heal
01/31/2024 23:30:22 - Support_Our_Troops[2000006]: @heal
01/31/2024 23:30:24 - Support_Our_Troops[2000006]: @heal
01/31/2024 23:30:27 - Support_Our_Troops[2000006]: @heal
01/31/2024 23:30:38 - Support_Our_Troops[2000006]: @heal
01/31/2024 23:30:51 - DiRT_Nap[2000002]: @heal
01/31/2024 23:30:52 - DiRT_Nap[2000002]: @monster Khalitzburg 10
01/31/2024 23:30:53 - DiRT_Nap[2000002]: @monster Khalitzburg 10
01/31/2024 23:30:56 - BUrN_THem_@LL[2000000]: @monster Khalitzburg 10
01/31/2024 23:30:57 - BUrN_THem_@LL[2000000]: @monster Khalitzburg 10
01/31/2024 23:30:58 - BUrN_THem_@LL[2000000]: @heal
01/31/2024 23:30:59 - BUrN_THem_@LL[2000000]: @heal
01/31/2024 23:31:18 - Support_Our_Troops[2000006]: @monster ghostring 5
01/31/2024 23:31:19 - Support_Our_Troops[2000006]: @heal
01/31/2024 23:31:21 - Support_Our_Troops[2000006]: @monster Khalitzburg 10
01/31/2024 23:31:22 - Support_Our_Troops[2000006]: @heal
01/31/2024 23:31:23 - Support_Our_Troops[2000006]: @heal
01/31/2024 23:31:24 - Support_Our_Troops[2000006]: @heal
01/31/2024 23:31:25 - Support_Our_Troops[2000006]: @heal
01/31/2024 23:31:28 - Support_Our_Troops[2000006]: @heal
01/31/2024 23:31:30 - Support_Our_Troops[2000006]: @heal
01/31/2024 23:31:32 - Dark_Fire[2000004]: @heal
01/31/2024 23:31:34 - Dark_Fire[2000004]: @monster ghostring
01/31/2024 23:31:36 - Dark_Fire[2000004]: @monster Khalitzburg 10
01/31/2024 23:31:38 - Dark_Fire[2000004]: @monster ghostring
01/31/2024 23:31:39 - Dark_Fire[2000004]: @monster Khalitzburg 10
01/31/2024 23:31:41 - Dark_Fire[2000004]: @monster ghostring
01/31/2024 23:31:44 - Dark_Fire[2000004]: @heal
01/31/2024 23:31:45 - Dark_Fire[2000004]: @heal
01/31/2024 23:31:52 - Support_Our_Troops[2000006]: @heal
01/31/2024 23:32:01 - BUrN_THem_@LL[2000000]: @monster Khalitzburg 10
01/31/2024 23:32:01 - BUrN_THem_@LL[2000000]: @monster Khalitzburg 10
01/31/2024 23:32:03 - BUrN_THem_@LL[2000000]: @heal
01/31/2024 23:32:05 - BUrN_THem_@LL[2000000]: @monster Khalitzburg 10
01/31/2024 23:32:06 - BUrN_THem_@LL[2000000]: @monster Khalitzburg 10
01/31/2024 23:32:09 - BUrN_THem_@LL[2000000]: @heal
01/31/2024 23:32:13 - DiRT_Nap[2000002]: @heal
01/31/2024 23:32:14 - DiRT_Nap[2000002]: @monster Khalitzburg 10
01/31/2024 23:32:15 - DiRT_Nap[2000002]: @monster Khalitzburg 10
01/31/2024 23:32:17 - DiRT_Nap[2000002]: @heal
01/31/2024 23:32:18 - DiRT_Nap[2000002]: @heal
01/31/2024 23:32:22 - Support_Our_Troops[2000006]: @heal
01/31/2024 23:32:25 - Dark_Fire[2000004]: @heal
01/31/2024 23:32:38 - DiRT_Nap[2000002]: @heal
01/31/2024 23:32:47 - DiRT_Nap[2000002]: @heal
01/31/2024 23:33:06 - Dark_Fire[2000004]: @monster ghostring
01/31/2024 23:33:07 - Dark_Fire[2000004]: @monster ghostring
01/31/2024 23:33:10 - Dark_Fire[2000004]: @monster Khalitzburg 10
01/31/2024 23:33:11 - Dark_Fire[2000004]: @monster Khalitzburg 10
01/31/2024 23:33:13 - Dark_Fire[2000004]: @monster Khalitzburg 10
01/31/2024 23:33:14 - Dark_Fire[2000004]: @monster ghostring
01/31/2024 23:33:16 - Dark_Fire[2000004]: @heal
01/31/2024 23:33:17 - Dark_Fire[2000004]: @heal
01/31/2024 23:33:19 - BUrN_THem_@LL[2000000]: @heal
01/31/2024 23:33:20 - BUrN_THem_@LL[2000000]: @heal
01/31/2024 23:33:24 - DiRT_Nap[2000002]: @heal
01/31/2024 23:33:25 - DiRT_Nap[2000002]: @heal
01/31/2024 23:33:28 - Support_Our_Troops[2000006]: @heal
01/31/2024 23:33:29 - Support_Our_Troops[2000006]: @heal
01/31/2024 23:33:34 - Dark_Fire[2000004]: @heal
01/31/2024 23:33:35 - Dark_Fire[2000004]: @heal
01/31/2024 23:33:39 - Dark_Fire[2000004]: @monster ghostring
01/31/2024 23:33:40 - Dark_Fire[2000004]: @heal
01/31/2024 23:33:46 - Dark_Fire[2000004]: @monster Khalitzburg 10
01/31/2024 23:33:47 - Dark_Fire[2000004]: @heal
01/31/2024 23:33:49 - Dark_Fire[2000004]: @monster Khalitzburg 10
01/31/2024 23:33:51 - Dark_Fire[2000004]: @heal
01/31/2024 23:33:52 - Dark_Fire[2000004]: @heal
01/31/2024 23:33:55 - Dark_Fire[2000004]: @monster Khalitzburg 10
01/31/2024 23:33:59 - Dark_Fire[2000004]: @monster ghostring
01/31/2024 23:34:01 - Dark_Fire[2000004]: @heal
01/31/2024 23:34:02 - Dark_Fire[2000004]: @heal
01/31/2024 23:34:05 - Dark_Fire[2000004]: @heal
01/31/2024 23:34:08 - BUrN_THem_@LL[2000000]: @heal
01/31/2024 23:34:11 - Support_Our_Troops[2000006]: @heal
01/31/2024 23:34:15 - Dark_Fire[2000004]: @heal
01/31/2024 23:34:18 - Dark_Fire[2000004]: @monster ghostring
01/31/2024 23:34:19 - Dark_Fire[2000004]: @heal
01/31/2024 23:34:24 - DiRT_Nap[2000002]: @heal
01/31/2024 23:34:29 - DiRT_Nap[2000002]: @heal
01/31/2024 23:34:33 - Dark_Fire[2000004]: @monster ghostring
01/31/2024 23:34:34 - Dark_Fire[2000004]: @heal
01/31/2024 23:34:36 - Dark_Fire[2000004]: @monster ghostring
01/31/2024 23:34:40 - Dark_Fire[2000004]: @monster Khalitzburg 10
01/31/2024 23:34:44 - Dark_Fire[2000004]: @monster ghostring
01/31/2024 23:34:52 - Dark_Fire[2000004]: @monster Khalitzburg 10
01/31/2024 23:34:54 - Dark_Fire[2000004]: @monster ghostring
01/31/2024 23:34:56 - Dark_Fire[2000004]: @heal
01/31/2024 23:34:58 - Dark_Fire[2000004]: @heal
01/31/2024 23:35:02 - Dark_Fire[2000004]: @heal
01/31/2024 23:35:06 - BUrN_THem_@LL[2000000]: @heal
01/31/2024 23:35:09 - DiRT_Nap[2000002]: @heal
01/31/2024 23:35:09 - Support_Our_Troops[2000006]: @heal
01/31/2024 23:35:10 - Support_Our_Troops[2000006]: @heal
01/31/2024 23:35:11 - Dark_Fire[2000004]: @heal
01/31/2024 23:35:13 - Dark_Fire[2000004]: @monster ghostring
01/31/2024 23:35:15 - Dark_Fire[2000004]: @monster ghostring
01/31/2024 23:35:18 - Dark_Fire[2000004]: @monster Khalitzburg 10
01/31/2024 23:35:20 - Dark_Fire[2000004]: @monster ghostring
01/31/2024 23:35:21 - Dark_Fire[2000004]: @monster Khalitzburg 10
01/31/2024 23:35:23 - Dark_Fire[2000004]: @monster ghostring
01/31/2024 23:35:25 - Dark_Fire[2000004]: @heal
01/31/2024 23:35:26 - Dark_Fire[2000004]: @heal
01/31/2024 23:35:28 - DiRT_Nap[2000002]: @heal
01/31/2024 23:35:29 - BUrN_THem_@LL[2000000]: @heal
01/31/2024 23:35:30 - Support_Our_Troops[2000006]: @heal
01/31/2024 23:35:31 - Dark_Fire[2000004]: @heal
01/31/2024 23:35:32 - DiRT_Nap[2000002]: @heal
01/31/2024 23:35:33 - BUrN_THem_@LL[2000000]: @heal
01/31/2024 23:35:33 - Dark_Fire[2000004]: @heal
01/31/2024 23:35:34 - DiRT_Nap[2000002]: @heal
01/31/2024 23:35:37 - Dark_Fire[2000004]: @monster ghostring
01/31/2024 23:35:38 - Dark_Fire[2000004]: @heal
01/31/2024 23:35:40 - Dark_Fire[2000004]: @heal
01/31/2024 23:35:43 - Dark_Fire[2000004]: @heal
01/31/2024 23:35:47 - Dark_Fire[2000004]: @monster Khalitzburg 10
01/31/2024 23:35:48 - Dark_Fire[2000004]: @heal
01/31/2024 23:35:50 - Dark_Fire[2000004]: @heal
01/31/2024 23:35:52 - BUrN_THem_@LL[2000000]: @monster Khalitzburg 10
01/31/2024 23:35:52 - BUrN_THem_@LL[2000000]: @heal
01/31/2024 23:35:55 - DiRT_Nap[2000002]: @monster Khalitzburg 10
01/31/2024 23:35:56 - DiRT_Nap[2000002]: @heal
01/31/2024 23:35:57 - BUrN_THem_@LL[2000000]: @heal
01/31/2024 23:35:57 - BUrN_THem_@LL[2000000]: @heal
01/31/2024 23:36:14 - BUrN_THem_@LL[2000000]: @warp gl_prisson
01/31/2024 23:36:23 - BUrN_THem_@LL[2000000]: @warp gl_prison
01/31/2024 23:36:27 - Dark_Fire[2000004]: @heal
01/31/2024 23:36:32 - Support_Our_Troops[2000006]: @heal
01/31/2024 23:36:35 - DiRT_Nap[2000002]: @heal
01/31/2024 23:36:39 - BUrN_THem_@LL[2000000]: @warp gl_prison
01/31/2024 23:36:40 - BUrN_THem_@LL[2000000]: @warp gl_prison
01/31/2024 23:36:42 - BUrN_THem_@LL[2000000]: @heal
01/31/2024 23:36:49 - Dark_Fire[2000004]: @heal
01/31/2024 23:36:54 - Dark_Fire[2000004]: @monster Khalitzburg 10
01/31/2024 23:36:57 - Dark_Fire[2000004]: @monster ghostring
01/31/2024 23:36:59 - Dark_Fire[2000004]: @heal
01/31/2024 23:37:01 - Dark_Fire[2000004]: @heal
01/31/2024 23:37:10 - BUrN_THem_@LL[2000000]: @heal
01/31/2024 23:37:13 - BUrN_THem_@LL[2000000]: @monster Khalitzburg 10
01/31/2024 23:37:14 - BUrN_THem_@LL[2000000]: @monster Khalitzburg 10
01/31/2024 23:37:15 - BUrN_THem_@LL[2000000]: @heal
01/31/2024 23:37:16 - BUrN_THem_@LL[2000000]: @heal
01/31/2024 23:37:17 - BUrN_THem_@LL[2000000]: @heal
01/31/2024 23:37:18 - BUrN_THem_@LL[2000000]: @heal
01/31/2024 23:37:23 - DiRT_Nap[2000002]: @heal
01/31/2024 23:37:28 - Dark_Fire[2000004]: @heal
01/31/2024 23:37:32 - Dark_Fire[2000004]: @monster ghostring
01/31/2024 23:37:36 - Support_Our_Troops[2000006]: @monster Khalitzburg 10
01/31/2024 23:37:38 - Support_Our_Troops[2000006]: @heal
01/31/2024 23:37:46 - DiRT_Nap[2000002]: @heal
01/31/2024 23:37:48 - BUrN_THem_@LL[2000000]: @heal
01/31/2024 23:38:00 - The_Killer[2000001]: @monster ghostring
01/31/2024 23:38:01 - The_Killer[2000001]: @monster ghostring
01/31/2024 23:38:11 - The_DeViL_HiMSelF[2000003]: @monster ghostring
01/31/2024 23:38:12 - The_DeViL_HiMSelF[2000003]: @monster ghostring
01/31/2024 23:38:23 - The_Killer[2000001]: @monster ghostring
01/31/2024 23:38:24 - The_Killer[2000001]: @monster ghostring
01/31/2024 23:38:27 - The_DeViL_HiMSelF[2000003]: @monster ghostring
01/31/2024 23:38:28 - The_DeViL_HiMSelF[2000003]: @monster ghostring
01/31/2024 23:38:37 - The_DeViL_HiMSelF[2000003]: @monster ghostring
01/31/2024 23:38:49 - BUrN_THem_@LL[2000000]: @heal
01/31/2024 23:38:53 - Dark_Fire[2000004]: @monster ghostring
01/31/2024 23:38:55 - Dark_Fire[2000004]: @heal
01/31/2024 23:38:56 - Dark_Fire[2000004]: @monster ghostring
01/31/2024 23:38:58 - Dark_Fire[2000004]: @heal
01/31/2024 23:39:00 - Dark_Fire[2000004]: @monster ghostring
01/31/2024 23:39:01 - Dark_Fire[2000004]: @monster ghostring
01/31/2024 23:39:02 - Dark_Fire[2000004]: @monster ghostring
01/31/2024 23:39:05 - Dark_Fire[2000004]: @monster Khalitzburg 10
01/31/2024 23:39:11 - Dark_Fire[2000004]: @heal
01/31/2024 23:39:15 - Dark_Fire[2000004]: @heal
01/31/2024 23:39:19 - Support_Our_Troops[2000006]: @heal
01/31/2024 23:39:21 - Support_Our_Troops[2000006]: @monster Khalitzburg 10
01/31/2024 23:39:22 - Support_Our_Troops[2000006]: @monster Khalitzburg 10
01/31/2024 23:39:25 - BUrN_THem_@LL[2000000]: @heal
01/31/2024 23:39:26 - BUrN_THem_@LL[2000000]: @monster Khalitzburg 10
01/31/2024 23:39:27 - BUrN_THem_@LL[2000000]: @monster Khalitzburg 10
01/31/2024 23:39:29 - BUrN_THem_@LL[2000000]: @heal
01/31/2024 23:39:32 - Support_Our_Troops[2000006]: @monster Khalitzburg 10
01/31/2024 23:39:33 - Support_Our_Troops[2000006]: @heal
01/31/2024 23:39:34 - Support_Our_Troops[2000006]: @heal
01/31/2024 23:39:35 - Support_Our_Troops[2000006]: @heal
01/31/2024 23:39:43 - Support_Our_Troops[2000006]: @warp gl+prison
01/31/2024 23:39:52 - Support_Our_Troops[2000006]: @warp gl_prison
01/31/2024 23:40:07 - BUrN_THem_@LL[2000000]: @monster Khalitzburg 10
01/31/2024 23:40:17 - DiRT_Nap[2000002]: @monster Khalitzburg 10
01/31/2024 23:40:24 - DiRT_Nap[2000002]: @heal
01/31/2024 23:40:34 - Dark_Fire[2000004]: @heal
01/31/2024 23:40:42 - Dark_Fire[2000004]: @monster ghostring
01/31/2024 23:40:58 - DiRT_Nap[2000002]: @monster ghostring
01/31/2024 23:41:00 - DiRT_Nap[2000002]: @heal
01/31/2024 23:41:04 - Dark_Fire[2000004]: @heal
01/31/2024 23:41:06 - Dark_Fire[2000004]: @monster Khalitzburg 10
01/31/2024 23:41:07 - Dark_Fire[2000004]: @heal
01/31/2024 23:41:09 - Dark_Fire[2000004]: @monster Khalitzburg 10
01/31/2024 23:41:15 - Support_Our_Troops[2000006]: @heal
01/31/2024 23:41:22 - BUrN_THem_@LL[2000000]: @monster Khalitzburg 10
01/31/2024 23:41:23 - BUrN_THem_@LL[2000000]: @monster Khalitzburg 10
01/31/2024 23:41:24 - BUrN_THem_@LL[2000000]: @heal
01/31/2024 23:41:34 - BUrN_THem_@LL[2000000]: @heal
01/31/2024 23:41:36 - BUrN_THem_@LL[2000000]: @monster Khalitzburg 10
01/31/2024 23:41:37 - BUrN_THem_@LL[2000000]: @monster Khalitzburg 10
01/31/2024 23:41:38 - BUrN_THem_@LL[2000000]: @heal
01/31/2024 23:41:41 - DiRT_Nap[2000002]: @heal
01/31/2024 23:41:48 - BUrN_THem_@LL[2000000]: @heal
01/31/2024 23:41:50 - BUrN_THem_@LL[2000000]: @heal
01/31/2024 23:41:53 - Dark_Fire[2000004]: @monster Khalitzburg 10
01/31/2024 23:41:55 - Dark_Fire[2000004]: @heal
01/31/2024 23:41:57 - Dark_Fire[2000004]: @monster ghostring
01/31/2024 23:41:58 - Dark_Fire[2000004]: @monster ghostring
01/31/2024 23:41:59 - Dark_Fire[2000004]: @monster Khalitzburg 10
01/31/2024 23:42:01 - Dark_Fire[2000004]: @heal
01/31/2024 23:42:03 - Dark_Fire[2000004]: @heal
01/31/2024 23:42:04 - Dark_Fire[2000004]: @heal
01/31/2024 23:42:09 - Support_Our_Troops[2000006]: @heal
01/31/2024 23:42:12 - Support_Our_Troops[2000006]: @monster Khalitzburg 10
01/31/2024 23:42:13 - Support_Our_Troops[2000006]: @heal
01/31/2024 23:43:18 - The_DeViL_HiMSelF[2000003]: @monster ghostring 3
01/31/2024 23:43:25 - The_DeViL_HiMSelF[2000003]: @monster ghostring 3
01/31/2024 23:43:32 - The_DeViL_HiMSelF[2000003]: @monster ghostring 3
01/31/2024 23:43:36 - The_DeViL_HiMSelF[2000003]: @monster ghostring 3
01/31/2024 23:43:39 - The_Killer[2000001]: @monster ghostring 3
01/31/2024 23:43:58 - DiRT_Nap[2000002]: @heal
01/31/2024 23:44:03 - DiRT_Nap[2000002]: @warp gl_prison
01/31/2024 23:45:03 - The_Killer[2000001]: @monster ghostring
01/31/2024 23:45:11 - The_Killer[2000001]: @monster ghostring
01/31/2024 23:45:51 - The_Killer[2000001]: @monster Khalitzburg
01/31/2024 23:45:58 - Support_Our_Troops[2000006]: @monster Khalitzburg 10
01/31/2024 23:46:05 - Dark_Fire[2000004]: @monster Khalitzburg
01/31/2024 23:46:15 - BUrN_THem_@LL[2000000]: @monster Khalitzburg 10
01/31/2024 23:46:22 - HooliGan-B@stard[2000005]: @monster Khalitzburg 10
01/31/2024 23:46:42 - The_Killer[2000001]: @monster Khalitzburg 10
01/31/2024 23:47:17 - The_DeViL_HiMSelF[2000003]: @monster Khalitzburg 10
01/31/2024 23:47:23 - The_DeViL_HiMSelF[2000003]: @monster Khalitzburg 10
01/31/2024 23:47:36 - The_Killer[2000001]: @monster Khalitzburg 10
01/31/2024 23:51:27 - The_DeViL_HiMSelF[2000003]: @heal
01/31/2024 23:51:30 - The_Killer[2000001]: @heal
01/31/2024 23:51:33 - BUrN_THem_@LL[2000000]: @heal
01/31/2024 23:51:37 - HooliGan-B@stard[2000005]: @heal
01/31/2024 23:51:40 - Support_Our_Troops[2000006]: @heal
01/31/2024 23:52:02 - DiRT_Nap[2000002]: @warp gl_prison
01/31/2024 23:52:22 - DiRT_Nap[2000002]: @item blue_potion 40
01/31/2024 23:52:25 - DiRT_Nap[2000002]: @item blue_potion 40
01/31/2024 23:54:55 - DiRT_Nap[2000002]: @monster Khalitzburg 10
01/31/2024 23:55:13 - BUrN_THem_@LL[2000000]: @monster Khalitzburg 10
01/31/2024 23:55:24 - Dark_Fire[2000004]: @monster Khalitzburg
01/31/2024 23:55:25 - Dark_Fire[2000004]: @monster Khalitzburg
01/31/2024 23:55:26 - Dark_Fire[2000004]: @monster Khalitzburg
01/31/2024 23:55:26 - Dark_Fire[2000004]: @monster Khalitzburg
01/31/2024 23:55:29 - BUrN_THem_@LL[2000000]: @monster Khalitzburg 10
01/31/2024 23:55:32 - DiRT_Nap[2000002]: @monster Khalitzburg 10
01/31/2024 23:55:39 - The_Killer[2000001]: @monster Khalitzburg 10
01/31/2024 23:55:47 - Support_Our_Troops[2000006]: @monster Khalitzburg 10
01/31/2024 23:56:00 - Dark_Fire[2000004]: @monster Khalitzburg5
01/31/2024 23:56:05 - Support_Our_Troops[2000006]: @monster Khalitzburg 10
01/31/2024 23:56:21 - BUrN_THem_@LL[2000000]: @monster Khalitzburg 10
01/31/2024 23:56:26 - DiRT_Nap[2000002]: @monster Khalitzburg 10
01/31/2024 23:57:00 - HooliGan-B@stard[2000005]: @monster Khalitzburg 10
01/31/2024 23:57:08 - Dark_Fire[2000004]: @monster Khalitzburg 5
01/31/2024 23:57:48 - BUrN_THem_@LL[2000000]: @monster Khalitzburg 10
01/31/2024 23:57:50 - BUrN_THem_@LL[2000000]: @monster Khalitzburg 10
01/31/2024 23:58:03 - DiRT_Nap[2000002]: @monster Khalitzburg 10
01/31/2024 23:58:05 - BUrN_THem_@LL[2000000]: @monster Khalitzburg 10
01/31/2024 23:58:10 - Dark_Fire[2000004]: @monster Khalitzburg 5
01/31/2024 23:58:14 - Support_Our_Troops[2000006]: @monster Khalitzburg 10
01/31/2024 23:58:38 - Dark_Fire[2000004]: @monster Khalitzburg 5
01/31/2024 23:58:44 - Dark_Fire[2000004]: @monster ghostring
01/31/2024 23:58:45 - Dark_Fire[2000004]: @monster ghostring
01/31/2024 23:58:45 - Dark_Fire[2000004]: @monster ghostring
01/31/2024 23:58:51 - Dark_Fire[2000004]: @monster Khalitzburg 5
01/31/2024 23:59:04 - BUrN_THem_@LL[2000000]: @monster Khalitzburg 10
01/31/2024 23:59:06 - Support_Our_Troops[2000006]: @monster Khalitzburg 10
01/31/2024 23:59:16 - HooliGan-B@stard[2000005]: @monster Khalitzburg 10
01/31/2024 23:59:20 - HooliGan-B@stard[2000005]: @monster Khalitzburg 10
01/31/2024 23:59:22 - The_Killer[2000001]: @monster Khalitzburg 10
01/31/2024 23:59:24 - The_Killer[2000001]: @monster Khalitzburg 10
01/31/2024 23:59:27 - The_Killer[2000001]: @monster Khalitzburg 10
01/31/2024 23:59:32 - Dark_Fire[2000004]: @monster Khalitzburg 5
01/31/2024 23:59:40 - The_DeViL_HiMSelF[2000003]: @heal
01/31/2024 23:59:46 - The_DeViL_HiMSelF[2000003]: @monster Khalitzburg 10
01/31/2024 23:59:49 - The_Killer[2000001]: @monster Khalitzburg 10
01/31/2024 23:59:52 - The_DeViL_HiMSelF[2000003]: @monster Khalitzburg 10
02/01/2024 00:00:02 - Dark_Fire[2000004]: @monster Khalitzburg 5
02/01/2024 00:00:05 - Support_Our_Troops[2000006]: @monster Khalitzburg 10
02/01/2024 00:00:08 - BUrN_THem_@LL[2000000]: @monster Khalitzburg 10
02/01/2024 00:00:11 - DiRT_Nap[2000002]: @monster Khalitzburg 10
02/01/2024 00:00:31 - Support_Our_Troops[2000006]: @monster Khalitzburg 10
02/01/2024 00:00:35 - Dark_Fire[2000004]: @monster Khalitzburg 5
02/01/2024 00:00:36 - Dark_Fire[2000004]: @monster Khalitzburg 5
02/01/2024 00:00:47 - Dark_Fire[2000004]: @monster Khalitzburg 5
02/01/2024 00:00:48 - Dark_Fire[2000004]: @monster Khalitzburg 5
02/01/2024 00:00:56 - Dark_Fire[2000004]: @monster ghostring
02/01/2024 00:01:31 - Dark_Fire[2000004]: @warp gl_prison
02/01/2024 00:02:02 - BUrN_THem_@LL[2000000]: @monster Khalitzburg 10
02/01/2024 00:02:08 - DiRT_Nap[2000002]: @monster Khalitzburg 10
02/01/2024 00:02:17 - BUrN_THem_@LL[2000000]: @monster Khalitzburg 10
02/01/2024 00:02:18 - BUrN_THem_@LL[2000000]: @monster Khalitzburg 10
02/01/2024 00:02:24 - The_Killer[2000001]: @monster Khalitzburg 10
02/01/2024 00:02:37 - Dark_Fire[2000004]: @monster ghostring
02/01/2024 00:02:39 - Dark_Fire[2000004]: @monster ghostring
02/01/2024 00:02:41 - Dark_Fire[2000004]: @monster Khalitzburg 5
02/01/2024 00:02:45 - Dark_Fire[2000004]: @monster Khalitzburg 5
02/01/2024 00:02:46 - Dark_Fire[2000004]: @monster ghostring
02/01/2024 00:02:53 - Dark_Fire[2000004]: @monster ghostring
02/01/2024 00:02:54 - Dark_Fire[2000004]: @monster Khalitzburg 5
02/01/2024 00:03:06 - HooliGan-B@stard[2000005]: @monster Khalitzburg 10
02/01/2024 00:03:13 - BUrN_THem_@LL[2000000]: @monster Khalitzburg 10
02/01/2024 00:03:16 - The_Killer[2000001]: @monster Khalitzburg 10
02/01/2024 00:03:40 - Support_Our_Troops[2000006]: @warp gl_prison
02/01/2024 00:03:42 - Support_Our_Troops[2000006]: @heal
02/01/2024 00:03:59 - BUrN_THem_@LL[2000000]: @monster Khalitzburg 10
02/01/2024 00:04:03 - DiRT_Nap[2000002]: @monster Khalitzburg 10
02/01/2024 00:04:08 - Dark_Fire[2000004]: @monster Khalitzburg 5
02/01/2024 00:04:11 - Dark_Fire[2000004]: @monster ghostring
02/01/2024 00:04:18 - Dark_Fire[2000004]: @monster ghostring
02/01/2024 00:04:20 - Dark_Fire[2000004]: @monster Khalitzburg 5
02/01/2024 00:04:26 - BUrN_THem_@LL[2000000]: @monster Khalitzburg 10
02/01/2024 00:04:32 - DiRT_Nap[2000002]: @monster Khalitzburg 10
02/01/2024 00:04:36 - HooliGan-B@stard[2000005]: @monster Khalitzburg 10
02/01/2024 00:04:41 - Support_Our_Troops[2000006]: @heal
02/01/2024 00:05:01 - HooliGan-B@stard[2000005]: @monster Khalitzburg 10
02/01/2024 00:05:03 - HooliGan-B@stard[2000005]: @monster Khalitzburg 10
02/01/2024 00:05:11 - HooliGan-B@stard[2000005]: @monster Khalitzburg 10
02/01/2024 00:05:15 - BUrN_THem_@LL[2000000]: @monster Khalitzburg 10
02/01/2024 00:05:19 - The_Killer[2000001]: @monster Khalitzburg 10
02/01/2024 00:05:22 - The_Killer[2000001]: @monster Khalitzburg 10
02/01/2024 00:05:27 - DiRT_Nap[2000002]: @monster Khalitzburg 10
02/01/2024 00:05:34 - The_Killer[2000001]: @monster Khalitzburg 10
02/01/2024 00:05:40 - HooliGan-B@stard[2000005]: @monster Khalitzburg 10
02/01/2024 00:05:50 - Dark_Fire[2000004]: @monster Khalitzburg 5
02/01/2024 00:05:51 - Dark_Fire[2000004]: @monster ghostring
02/01/2024 00:06:17 - BUrN_THem_@LL[2000000]: @monster Khalitzburg 10
02/01/2024 00:06:18 - BUrN_THem_@LL[2000000]: @monster Khalitzburg 10
02/01/2024 00:07:47 - BUrN_THem_@LL[2000000]: @item white_potion 100
02/01/2024 00:08:04 - BUrN_THem_@LL[2000000]: @warp gl_prison
02/01/2024 00:08:28 - BUrN_THem_@LL[2000000]: @heal
02/01/2024 00:08:41 - BUrN_THem_@LL[2000000]: @hide
02/01/2024 00:08:45 - BUrN_THem_@LL[2000000]: @speed 5
02/01/2024 00:09:09 - Support_Our_Troops[2000006]: @monster Khalitzburg 10
02/01/2024 00:09:14 - Support_Our_Troops[2000006]: @monster Khalitzburg 10
02/01/2024 00:09:49 - Support_Our_Troops[2000006]: @monster Khalitzburg 10
02/01/2024 00:09:59 - DiRT_Nap[2000002]: @monster Khalitzburg 10
02/01/2024 00:10:12 - Support_Our_Troops[2000006]: @monster Khalitzburg 10
02/01/2024 00:10:14 - Dark_Fire[2000004]: @monster ghostring
02/01/2024 00:10:17 - Dark_Fire[2000004]: @monster ghostring
02/01/2024 00:10:18 - Dark_Fire[2000004]: @monster Khalitzburg 5
02/01/2024 00:10:34 - Dark_Fire[2000004]: @monster ghostring
02/01/2024 00:10:35 - Dark_Fire[2000004]: @monster Khalitzburg 5
02/01/2024 00:10:54 - DiRT_Nap[2000002]: @monster Khalitzburg 10
02/01/2024 00:11:11 - Support_Our_Troops[2000006]: @heal
02/01/2024 00:11:14 - Support_Our_Troops[2000006]: @warp gl_prison
02/01/2024 00:11:23 - Dark_Fire[2000004]: @monster ghostring
02/01/2024 00:11:26 - Dark_Fire[2000004]: @monster Khalitzburg 5
02/01/2024 00:11:47 - Dark_Fire[2000004]: @monster ghostring
02/01/2024 00:11:49 - Dark_Fire[2000004]: @monster Khalitzburg 5
02/01/2024 00:12:13 - DiRT_Nap[2000002]: @item blue_potion 40
02/01/2024 00:12:17 - DiRT_Nap[2000002]: @item blue_potion 40
02/01/2024 00:12:26 - DiRT_Nap[2000002]: @warp gl_prison
02/01/2024 00:12:40 - BUrN_THem_@LL[2000000]: @jump
02/01/2024 00:12:48 - Support_Our_Troops[2000006]: @monster Khalitzburg 10
02/01/2024 00:13:14 - Support_Our_Troops[2000006]: @monster Khalitzburg 10
02/01/2024 00:13:26 - Support_Our_Troops[2000006]: @monster Khalitzburg 10
02/01/2024 00:13:47 - Support_Our_Troops[2000006]: @monster Khalitzburg 10
02/01/2024 00:15:09 - BUrN_THem_@LL[2000000]: @jump
02/01/2024 00:15:11 - BUrN_THem_@LL[2000000]: @jump
02/01/2024 00:15:12 - BUrN_THem_@LL[2000000]: @jump
02/01/2024 00:15:25 - Dark_Fire[2000004]: @monster Khalitzburg 5
02/01/2024 00:15:29 - Dark_Fire[2000004]: @monster Khalitzburg 5
02/01/2024 00:15:37 - Dark_Fire[2000004]: @monster Khalitzburg 5
02/01/2024 00:15:38 - Dark_Fire[2000004]: @monster Khalitzburg 5
02/01/2024 00:15:40 - Dark_Fire[2000004]: @monster Khalitzburg 5
02/01/2024 00:16:04 - Support_Our_Troops[2000006]: @warp gl_prison
02/01/2024 00:16:38 - Dark_Fire[2000004]: @monster Khalitzburg 5
02/01/2024 00:17:00 - Dark_Fire[2000004]: @monster Khalitzburg 5
02/01/2024 00:17:01 - Dark_Fire[2000004]: @monster Khalitzburg 5
02/01/2024 00:17:05 - Dark_Fire[2000004]: @monster Khalitzburg 5
02/01/2024 00:17:35 - Dark_Fire[2000004]: @monster Khalitzburg 5
02/01/2024 00:17:36 - Dark_Fire[2000004]: @monster Khalitzburg 5
02/01/2024 00:17:55 - DiRT_Nap[2000002]: @warp gl_prison
02/01/2024 00:18:19 - Dark_Fire[2000004]: @monster Khalitzburg 5
02/01/2024 00:18:22 - Dark_Fire[2000004]: @monster Khalitzburg 5
02/01/2024 00:18:25 - Dark_Fire[2000004]: @monster Khalitzburg 5
02/01/2024 00:19:02 - BUrN_THem_@LL[2000000]: @jump
02/01/2024 00:19:03 - BUrN_THem_@LL[2000000]: @jump
02/01/2024 00:19:04 - BUrN_THem_@LL[2000000]: @jump
02/01/2024 00:19:05 - BUrN_THem_@LL[2000000]: @jump
02/01/2024 00:19:06 - BUrN_THem_@LL[2000000]: @jump
02/01/2024 00:19:33 - Dark_Fire[2000004]: @monster Khalitzburg 5
02/01/2024 00:19:58 - The_DeViL_HiMSelF[2000003]: @monster Khalitzburg 10
02/01/2024 00:20:10 - The_Killer[2000001]: @monster Khalitzburg 10
02/01/2024 00:20:11 - The_Killer[2000001]: @monster Khalitzburg 10
02/01/2024 00:20:19 - The_Killer[2000001]: @monster Khalitzburg 10
02/01/2024 00:20:20 - The_DeViL_HiMSelF[2000003]: @monster Khalitzburg 10
02/01/2024 00:21:07 - DiRT_Nap[2000002]: @item blue_potion 40
02/01/2024 00:21:13 - DiRT_Nap[2000002]: @monster Khalitzburg 10
02/01/2024 00:21:22 - DiRT_Nap[2000002]: @heal
02/01/2024 00:21:30 - DiRT_Nap[2000002]: @heal
02/01/2024 00:21:35 - DiRT_Nap[2000002]: @heal
02/01/2024 00:21:39 - DiRT_Nap[2000002]: @heal
02/01/2024 00:21:42 - DiRT_Nap[2000002]: @heal
02/01/2024 00:21:44 - DiRT_Nap[2000002]: @heal
02/01/2024 00:21:45 - DiRT_Nap[2000002]: @heal
02/01/2024 00:21:46 - DiRT_Nap[2000002]: @heal
02/01/2024 00:21:46 - DiRT_Nap[2000002]: @heal
02/01/2024 00:21:47 - DiRT_Nap[2000002]: @heal
02/01/2024 00:21:48 - DiRT_Nap[2000002]: @heal
02/01/2024 00:21:49 - DiRT_Nap[2000002]: @heal
02/01/2024 00:21:52 - DiRT_Nap[2000002]: @jump
02/01/2024 00:21:59 - DiRT_Nap[2000002]: @heal
02/01/2024 00:22:50 - BUrN_THem_@LL[2000000]: @jump
02/01/2024 00:22:52 - BUrN_THem_@LL[2000000]: @jump
02/01/2024 00:22:53 - BUrN_THem_@LL[2000000]: @jump
02/01/2024 00:23:08 - DiRT_Nap[2000002]: @monster Khalitzburg 10
02/01/2024 00:23:31 - Dark_Fire[2000004]: @monster Khalitzburg 5
02/01/2024 00:23:48 - Dark_Fire[2000004]: @monster Khalitzburg 5
02/01/2024 00:26:09 - SoLiTuDE[2000000]: @str 255
02/01/2024 00:26:12 - SoLiTuDE[2000000]: @agi 255
02/01/2024 00:26:14 - SoLiTuDE[2000000]: @dex 255
02/01/2024 00:26:17 - SoLiTuDE[2000000]: @vit 100
02/01/2024 00:26:26 - SoLiTuDE[2000000]: @warp prontera
02/01/2024 00:26:44 - SoLiTuDE[2000000]: @speed 5
02/01/2024 00:27:11 - SoLiTuDE[2000000]: @jobchange 4'
02/01/2024 00:27:50 - SoLiTuDE[2000000]: @skpoint 20
02/01/2024 00:28:02 - SoLiTuDE[2000000]: @skpoint 1
02/01/2024 00:28:54 - SoLiTuDE[2000000]: @item 2326
02/01/2024 00:29:24 - SoLiTuDE[2000000]: @produce 1525 4 3
02/01/2024 00:30:40 - SoLiTuDE[2000000]: @zeny 100000
02/01/2024 00:30:52 - SoLiTuDE[2000000]: @monster sword_fish
02/01/2024 00:30:59 - SoLiTuDE[2000000]: @monster sword_fish
02/01/2024 00:31:49 - SoLiTuDE[2000000]: @item 2504
02/01/2024 00:32:00 - SoLiTuDE[2000000]: @item 4133
02/01/2024 00:32:33 - SoLiTuDE[2000000]: @item clip 2
02/01/2024 00:32:37 - SoLiTuDE[2000000]: @item mantis_card 2
02/01/2024 00:32:46 - SoLiTuDE[2000000]: @item 4103
02/01/2024 00:32:55 - SoLiTuDE[2000000]: @item ghostring_card
02/01/2024 00:34:25 - SoLiTuDE[2000000]: @item 2274
02/01/2024 00:34:43 - SoLiTuDE[2000000]: @item 2269
02/01/2024 00:34:54 - SoLiTuDE[2000000]: @refine 0 10
02/01/2024 00:35:14 - SoLiTuDE[2000000]: @item 2104
02/01/2024 00:35:19 - SoLiTuDE[2000000]: @item thara_frog_card
02/01/2024 00:35:34 - SoLiTuDE[2000000]: @refine 0 10
02/01/2024 00:35:46 - SoLiTuDE[2000000]: @item 2404
02/01/2024 00:35:51 - SoLiTuDE[2000000]: @item sohee_card
02/01/2024 00:36:02 - SoLiTuDE[2000000]: @refine 0 10
02/01/2024 00:36:36 - SoLiTuDE[2000000]: @item 2242
02/01/2024 00:36:55 - SoLiTuDE[2000000]: @item 2243
02/01/2024 00:37:33 - SoLiTuDE[2000000]: @item 2271
02/01/2024 00:37:59 - SoLiTuDE[2000000]: @skpoint 5
02/01/2024 00:38:08 - SoLiTuDE[2000000]: @skpoint 5
02/01/2024 00:38:18 - SoLiTuDE[2000000]: @heal
02/01/2024 00:42:47 - SoLiTuDE[2000000]: @warp pay_dun03
02/01/2024 00:42:51 - SoLiTuDE[2000000]: @speed 5
02/01/2024 00:43:10 - SoLiTuDE[2000000]: @str -30
02/01/2024 00:43:54 - SoLiTuDE[2000000]: @monster sohee 1000
02/01/2024 00:43:55 - SoLiTuDE[2000000]: @monster sohee 1000
02/01/2024 00:43:56 - SoLiTuDE[2000000]: @monster sohee 1000
02/01/2024 00:45:27 - SoLiTuDE[2000000]: @str -100
02/01/2024 00:45:41 - SoLiTuDE[2000000]: @monster sohee 3000
02/01/2024 00:45:43 - SoLiTuDE[2000000]: @monster sohee 3000
02/01/2024 00:45:44 - SoLiTuDE[2000000]: @monster sohee 3000
02/01/2024 00:47:24 - SoLiTuDE[2000000]: @skpoint 5
02/01/2024 00:47:34 - SoLiTuDE[2000000]: @skpoint 5
02/01/2024 00:48:40 - SoLiTuDE[2000000]: @jobchange 15
02/01/2024 00:48:52 - SoLiTuDE[2000000]: @skillall
02/01/2024 00:49:01 - SoLiTuDE[2000000]: @skpoint -5
02/01/2024 00:50:38 - DiRT_Nap[2000002]: @monster Khalitzburg 10
02/01/2024 00:51:27 - The_DeViL_HiMSelF[2000003]: @item blue_potion 50
02/01/2024 00:51:30 - The_DeViL_HiMSelF[2000003]: @item blue_potion 50
02/01/2024 00:53:09 - Dark_Fire[2000004]: @jump
02/01/2024 00:53:11 - Dark_Fire[2000004]: @jump
02/01/2024 00:53:49 - The_DeViL_HiMSelF[2000003]: @jump
02/01/2024 00:54:02 - The_DeViL_HiMSelF[2000003]: @jump
02/01/2024 00:54:13 - The_DeViL_HiMSelF[2000003]: @jump
02/01/2024 00:54:31 - The_DeViL_HiMSelF[2000003]: @jump
02/01/2024 00:54:42 - The_DeViL_HiMSelF[2000003]: @jump
02/01/2024 00:55:00 - The_DeViL_HiMSelF[2000003]: @jump
02/01/2024 00:55:13 - The_DeViL_HiMSelF[2000003]: @jump
02/01/2024 00:55:17 - The_DeViL_HiMSelF[2000003]: @jump
02/01/2024 00:55:28 - The_DeViL_HiMSelF[2000003]: @jump
02/01/2024 00:55:31 - The_DeViL_HiMSelF[2000003]: @jump
02/01/2024 00:56:12 - Support_Our_Troops[2000006]: @jump
02/01/2024 00:56:22 - Support_Our_Troops[2000006]: @jump
02/01/2024 00:56:28 - Support_Our_Troops[2000006]: @jump
02/01/2024 00:56:34 - Support_Our_Troops[2000006]: @jump
02/01/2024 00:56:53 - Support_Our_Troops[2000006]: @jump
02/01/2024 00:58:08 - Support_Our_Troops[2000006]: @hide
02/01/2024 00:58:53 - Support_Our_Troops[2000006]: @hide
02/01/2024 01:00:42 - The_Killer[2000001]: @heal
02/01/2024 01:00:48 - The_Killer[2000001]: @item blue_potion 30
02/01/2024 01:00:55 - The_Killer[2000001]: @warp iz_dun01
02/01/2024 01:02:36 - The_DeViL_HiMSelF[2000003]: @hide
02/01/2024 01:03:37 - The_DeViL_HiMSelF[2000003]: @monster phen 10000
02/01/2024 01:03:38 - The_DeViL_HiMSelF[2000003]: @monster phen 10000
02/01/2024 01:03:38 - The_DeViL_HiMSelF[2000003]: @monster phen 10000
02/01/2024 01:03:39 - The_DeViL_HiMSelF[2000003]: @monster phen 10000
02/01/2024 01:03:39 - The_DeViL_HiMSelF[2000003]: @monster phen 10000
02/01/2024 01:03:46 - The_DeViL_HiMSelF[2000003]: @monster thara_frog 10000
02/01/2024 01:03:47 - The_DeViL_HiMSelF[2000003]: @monster thara_frog 10000
02/01/2024 01:03:47 - The_DeViL_HiMSelF[2000003]: @monster thara_frog 10000
02/01/2024 01:03:48 - The_DeViL_HiMSelF[2000003]: @monster thara_frog 10000
02/01/2024 01:03:48 - The_DeViL_HiMSelF[2000003]: @monster thara_frog 10000
02/01/2024 01:03:50 - The_DeViL_HiMSelF[2000003]: @monster phen 10000
02/01/2024 01:04:39 - HooliGan-B@stard[2000005]: @hide
02/01/2024 01:05:29 - HooliGan-B@stard[2000005]: @item blue_potion 20
02/01/2024 01:06:29 - DiRT_Nap[2000002]: @hide
02/01/2024 01:07:25 - DiRT_Nap[2000002]: @item slver_arrow 11500
02/01/2024 01:07:30 - DiRT_Nap[2000002]: @item silver_arrow 11500
02/01/2024 01:07:37 - DiRT_Nap[2000002]: @str 200
02/01/2024 01:07:41 - DiRT_Nap[2000002]: @str 200
02/01/2024 01:08:13 - Dark_Fire[2000004]: @str 500
02/01/2024 01:09:06 - SoLiTuDE[2000000]: @item elven_ears
02/01/2024 01:09:18 - SoLiTuDE[2000000]: @item pipe
02/01/2024 01:20:17 - SoLiTuDE[2000000]: @monster sohee 5000
02/01/2024 01:20:28 - SoLiTuDE[2000000]: @monster sohee 5000
02/01/2024 01:20:29 - SoLiTuDE[2000000]: @monster sohee 5000
02/01/2024 01:20:29 - SoLiTuDE[2000000]: @monster sohee 5000
02/01/2024 08:32:44 - Support_Our_Troops[2000006]: @item blue_potion 20
02/01/2024 08:32:53 - Support_Our_Troops[2000006]: @item blue_potion 20
02/01/2024 08:33:23 - Dark_Fire[2000004]: @item blue_potion 20
02/01/2024 08:36:59 - The_Killer[2000001]: @jump
02/01/2024 08:37:15 - The_Killer[2000001]: @monster sword)fish 5
02/01/2024 08:37:24 - The_Killer[2000001]: @monster sword_fish 5
02/01/2024 08:38:02 - SoLiTuDE[2000000]: @skpoint -5
02/01/2024 08:38:04 - SoLiTuDE[2000000]: @skpoint -5
02/01/2024 08:38:04 - SoLiTuDE[2000000]: @skpoint -5
02/01/2024 08:38:05 - SoLiTuDE[2000000]: @skpoint -5
02/01/2024 08:38:15 - SoLiTuDE[2000000]: @skillall
02/01/2024 08:38:24 - SoLiTuDE[2000000]: @monster sohee 3000
02/01/2024 08:38:25 - SoLiTuDE[2000000]: @monster sohee 3000
02/01/2024 08:38:26 - SoLiTuDE[2000000]: @monster sohee 3000
02/01/2024 08:38:26 - SoLiTuDE[2000000]: @monster sohee 3000
02/01/2024 08:38:27 - SoLiTuDE[2000000]: @monster sohee 3000
02/01/2024 08:39:51 - DiRT_Nap[2000002]: @str 200
02/01/2024 08:39:58 - DiRT_Nap[2000002]: @item blue_potion 50
02/01/2024 08:40:40 - The_Killer[2000001]: @str 100
02/01/2024 08:40:56 - HooliGan-B@stard[2000005]: @str 500
02/01/2024 08:41:09 - Support_Our_Troops[2000006]: @str 500
02/01/2024 08:41:27 - Dark_Fire[2000004]: @str 500
02/01/2024 08:42:32 - DiRT_Nap[2000002]: @jump
02/01/2024 08:42:38 - DiRT_Nap[2000002]: @jump
02/01/2024 08:42:44 - DiRT_Nap[2000002]: @jump
02/01/2024 08:43:09 - DiRT_Nap[2000002]: @jump
02/01/2024 08:43:17 - DiRT_Nap[2000002]: @jump
02/01/2024 08:43:39 - DiRT_Nap[2000002]: @jump
02/01/2024 08:43:44 - DiRT_Nap[2000002]: @jump
02/01/2024 08:44:44 - DiRT_Nap[2000002]: @heal
02/01/2024 08:45:43 - Dark_Fire[2000004]: @monster Khalitzburg 5
02/01/2024 08:45:45 - Dark_Fire[2000004]: @monster Khalitzburg 5
02/01/2024 08:47:15 - HooliGan-B@stard[2000005]: @monster Khalitzburg 5
02/01/2024 08:47:17 - The_Killer[2000001]: @monster Khalitzburg 5
02/01/2024 08:47:23 - SoLiTuDE[2000000]: @monster Khalitzburg 5
02/01/2024 08:47:31 - Dark_Fire[2000004]: @monster Khalitzburg 5
02/01/2024 08:47:44 - DiRT_Nap[2000002]: @monster Khalitzburg 5
02/01/2024 08:47:57 - HooliGan-B@stard[2000005]: @monster Khalitzburg 5
02/01/2024 08:48:11 - SoLiTuDE[2000000]: @monster Khalitzburg 5
02/01/2024 08:48:16 - SoLiTuDE[2000000]: @monster Khalitzburg 5
02/01/2024 08:48:21 - The_Killer[2000001]: @monster Khalitzburg 5
02/01/2024 08:48:25 - DiRT_Nap[2000002]: @monster Khalitzburg 5
02/01/2024 08:48:26 - DiRT_Nap[2000002]: @monster Khalitzburg 5
02/01/2024 08:48:33 - Dark_Fire[2000004]: @monster Khalitzburg 5
02/01/2024 08:48:35 - Dark_Fire[2000004]: @monster Khalitzburg 5
02/01/2024 08:48:45 - The_Killer[2000001]: @monster Khalitzburg 5
02/01/2024 08:48:47 - The_Killer[2000001]: @monster Khalitzburg 5
02/01/2024 08:48:50 - DiRT_Nap[2000002]: @monster Khalitzburg 5
02/01/2024 08:50:02 - Support_Our_Troops[2000006]: @hide
02/01/2024 08:50:05 - Support_Our_Troops[2000006]: @hide
02/01/2024 08:50:08 - Support_Our_Troops[2000006]: @hide
02/01/2024 08:51:58 - Support_Our_Troops[2000006]: @hide
02/01/2024 08:53:27 - Hit Man![2000006]: @str 255
02/01/2024 08:53:29 - Hit Man![2000006]: @agi 255
02/01/2024 08:53:32 - Hit Man![2000006]: @dex 50
02/01/2024 08:53:43 - Hit Man![2000006]: @vit 50
02/01/2024 08:53:50 - Hit Man![2000006]: @monster poporing5
02/01/2024 08:53:52 - Hit Man![2000006]: @monster poporing 5
02/01/2024 08:54:16 - Hit Man![2000006]: @jobchange 6
02/01/2024 08:54:25 - Hit Man![2000006]: @skpoint 20
02/01/2024 08:55:08 - Hit Man![2000006]: @allskills
02/01/2024 08:55:39 - Hit Man![2000006]: @produce damascus 4 3
02/01/2024 08:55:47 - Hit Man![2000006]: @refine 0 10
02/01/2024 08:56:17 - Hit Man![2000006]: @item 2274
02/01/2024 08:56:19 - Hit Man![2000006]: @item 2268
02/01/2024 08:56:31 - Hit Man![2000006]: @warp prontera
02/01/2024 08:56:38 - Hit Man![2000006]: @agi 100
02/01/2024 08:56:43 - Hit Man![2000006]: @speed 5
02/01/2024 08:56:48 - Hit Man![2000006]: @speed 5
02/01/2024 08:56:57 - Hit Man![2000006]: @speed 5
02/01/2024 08:57:16 - Hit Man![2000006]: @warp pay_dun03
02/01/2024 08:57:33 - Hit Man![2000006]: @monster sohee 5000
02/01/2024 08:59:53 - SoLiTuDE[2000000]: @monster sohee 3000
02/01/2024 08:59:54 - SoLiTuDE[2000000]: @monster sohee 3000
02/01/2024 09:00:09 - Hit Man![2000006]: @monster sohee 2000
02/01/2024 09:00:10 - Hit Man![2000006]: @monster sohee 2000
02/01/2024 09:00:29 - Hit Man![2000006]: @str -00
02/01/2024 09:15:08 - SoLiTuDE[2000000]: @monster sohee 3000
02/01/2024 09:15:09 - SoLiTuDE[2000000]: @monster sohee 3000
02/01/2024 09:15:09 - SoLiTuDE[2000000]: @monster sohee 3000
02/01/2024 09:16:13 - Hit Man![2000006]: @jobchange 12
02/01/2024 09:16:29 - Hit Man![2000006]: @skillall
02/01/2024 09:16:43 - SoLiTuDE[2000000]: @monster sohee 3000
02/01/2024 09:17:16 - SoLiTuDE[2000000]: @monster sohee 3000
02/01/2024 09:19:24 - Hit Man![2000006]: @item elven_ears
02/01/2024 09:21:18 - Hit Man![2000006]: @questskill 1003
02/01/2024 09:21:25 - Hit Man![2000006]: @questskill 1004
02/01/2024 09:21:36 - Hit Man![2000006]: @item solder_skeleton_card 2
02/01/2024 09:21:43 - Hit Man![2000006]: @item soldier_skeleton_card 2
02/01/2024 09:22:25 - Hit Man![2000006]: @item 1253
02/01/2024 09:22:42 - Hit Man![2000006]: @refine 0 10
02/01/2024 09:22:50 - Hit Man![2000006]: @item vitata_card
02/01/2024 09:22:54 - Hit Man![2000006]: @item creamy_card
02/01/2024 09:23:03 - Hit Man![2000006]: @item clip 2
02/01/2024 09:23:25 - Hit Man![2000006]: @skpoint -50
02/01/2024 09:23:57 - SoLiTuDE[2000000]: @dex -150
02/01/2024 09:24:11 - Hit Man![2000006]: @agi -100
02/01/2024 09:24:19 - SoLiTuDE[2000000]: @agi -100
02/01/2024 09:24:32 - SoLiTuDE[2000000]: @monster sohee 3000
02/01/2024 09:24:33 - SoLiTuDE[2000000]: @monster sohee 3000
02/01/2024 09:24:33 - SoLiTuDE[2000000]: @monster sohee 3000
02/01/2024 09:27:34 - SoLiTuDE[2000000]: @monster sohee 3000
02/01/2024 09:29:55 - Dark_Fire[2000004]: @item blue_potion 50
02/01/2024 09:30:21 - Hit Man![2000006]: @jump
02/01/2024 09:30:53 - Hit Man![2000006]: @item 1259
02/01/2024 09:36:07 - Hit Man![2000006]: @monster whisper
02/01/2024 09:38:12 - Hit Man![2000006]: @produce katar 3 3
02/01/2024 09:38:31 - Hit Man![2000006]: @produce katar 4 3
02/01/2024 09:39:36 - Hit Man![2000006]: @monster whisper
02/01/2024 09:39:53 - Hit Man![2000006]: @refine 0 10
02/01/2024 09:43:19 - Hit Man![2000006]: @item 656 15
02/01/2024 09:43:29 - Hit Man![2000006]: @monster sohee 1000
02/01/2024 09:43:32 - Hit Man![2000006]: @item 656 15
02/01/2024 09:43:33 - Hit Man![2000006]: @item 656 15
02/01/2024 09:44:05 - Hit Man![2000006]: @monster whisper 3
02/01/2024 09:49:13 - SoLiTuDE[2000000]: @monster sohee 3000
02/01/2024 09:49:14 - SoLiTuDE[2000000]: @monster sohee 3000
02/01/2024 10:22:01 - SoLiTuDE[2000000]: @item 1816
02/01/2024 10:24:56 - SoLiTuDE[2000000]: @item 4142
02/01/2024 10:25:09 - SoLiTuDE[2000000]: @item hydra_card
02/01/2024 10:25:33 - SoLiTuDE[2000000]: @refine 0 10
02/01/2024 10:28:17 - SoLiTuDE[2000000]: @speed 5
02/01/2024 10:28:32 - SoLiTuDE[2000000]: @jump
02/01/2024 10:50:45 - SoLiTuDE[2000000]: @monster sohee 300
02/01/2024 10:56:48 - SoLiTuDE[2000000]: @heal
02/01/2024 11:03:56 - SoLiTuDE[2000000]: @heal
02/01/2024 11:12:16 - SoLiTuDE[2000000]: @heal
02/01/2024 11:17:25 - SoLiTuDE[2000000]: @int 100
02/01/2024 11:17:27 - SoLiTuDE[2000000]: @heal
02/01/2024 11:18:30 - SoLiTuDE[2000000]: @monster khalitzburg
02/01/2024 11:18:59 - SoLiTuDE[2000000]: @monster khalitzburg
02/01/2024 11:19:15 - SoLiTuDE[2000000]: @int 100
02/01/2024 11:19:22 - SoLiTuDE[2000000]: @str 50
02/01/2024 11:47:34 - SoLiTuDE[2000000]: @monster khalitzburg 5
02/01/2024 11:47:59 - Hit Man![2000006]: @monster khalitzburg
02/01/2024 11:48:04 - Hit Man![2000006]: @monster khalitzburg
02/01/2024 11:48:05 - Hit Man![2000006]: @monster khalitzburg
02/01/2024 11:48:11 - Hit Man![2000006]: @monster khalitzburg
02/01/2024 11:48:12 - Hit Man![2000006]: @monster khalitzburg
02/01/2024 11:48:12 - Hit Man![2000006]: @monster khalitzburg
02/01/2024 11:48:21 - SoLiTuDE[2000000]: @monster khalitzburg 5
02/01/2024 11:48:53 - Hit Man![2000006]: @monster khalitzburg
02/01/2024 11:48:54 - Hit Man![2000006]: @monster khalitzburg
02/01/2024 11:48:55 - Hit Man![2000006]: @monster khalitzburg
02/01/2024 11:48:55 - Hit Man![2000006]: @monster khalitzburg
02/01/2024 11:49:01 - SoLiTuDE[2000000]: @heal
02/01/2024 11:49:05 - SoLiTuDE[2000000]: @monster khalitzburg 5
02/01/2024 11:49:09 - Hit Man![2000006]: @monster khalitzburg
02/01/2024 11:49:11 - Hit Man![2000006]: @monster khalitzburg
02/01/2024 11:53:07 - Hit Man![2000006]: @monster khalitzburg
02/01/2024 11:53:07 - Hit Man![2000006]: @monster khalitzburg
02/01/2024 11:53:08 - SoLiTuDE[2000000]: @heal
02/01/2024 11:53:13 - SoLiTuDE[2000000]: @monster khalitzburg 5
02/01/2024 11:53:14 - SoLiTuDE[2000000]: @monster khalitzburg 5
02/01/2024 11:53:20 - SoLiTuDE[2000000]: @heal
02/01/2024 11:53:23 - SoLiTuDE[2000000]: @heal
02/01/2024 11:53:26 - SoLiTuDE[2000000]: @heal
02/01/2024 11:53:27 - SoLiTuDE[2000000]: @heal
02/01/2024 11:53:28 - SoLiTuDE[2000000]: @heal
02/01/2024 11:53:31 - SoLiTuDE[2000000]: @heal
02/01/2024 11:53:32 - SoLiTuDE[2000000]: @heal
02/01/2024 11:53:34 - SoLiTuDE[2000000]: @heal
02/01/2024 11:53:37 - SoLiTuDE[2000000]: @heal
02/01/2024 11:53:38 - SoLiTuDE[2000000]: @heal
02/01/2024 11:53:39 - SoLiTuDE[2000000]: @heal
02/01/2024 11:53:41 - SoLiTuDE[2000000]: @heal
02/01/2024 11:53:43 - SoLiTuDE[2000000]: @heal
02/01/2024 11:53:44 - SoLiTuDE[2000000]: @heal
02/01/2024 11:53:45 - SoLiTuDE[2000000]: @heal
02/01/2024 11:53:49 - SoLiTuDE[2000000]: @heal
02/01/2024 11:53:50 - SoLiTuDE[2000000]: @heal
02/01/2024 11:53:56 - SoLiTuDE[2000000]: @heal
02/01/2024 11:54:01 - SoLiTuDE[2000000]: @heal
02/01/2024 11:54:19 - SoLiTuDE[2000000]: @heal
02/01/2024 11:54:28 - SoLiTuDE[2000000]: @heal
02/01/2024 11:54:36 - Hit Man![2000006]: @monster khalitzburg
02/01/2024 11:55:52 - SoLiTuDE[2000000]: @monster sohee 30000
02/01/2024 11:55:59 - Hit Man![2000006]: @monster sohee 30000
02/01/2024 12:16:50 - Hit Man![2000006]: @monster sohee 30000
02/01/2024 12:16:51 - Hit Man![2000006]: @monster sohee 30000
02/01/2024 12:17:04 - SoLiTuDE[2000000]: @monster sohee 30000
02/01/2024 12:19:41 - Hit Man![2000006]: @monster khalitzburg 4
02/01/2024 12:19:44 - Hit Man![2000006]: @monster khalitzburg
02/01/2024 12:19:51 - Hit Man![2000006]: @monster khalitzburg
02/01/2024 12:19:51 - Hit Man![2000006]: @monster khalitzburg
02/01/2024 12:19:52 - Hit Man![2000006]: @monster khalitzburg
02/01/2024 12:19:56 - Hit Man![2000006]: @monster khalitzburg
02/01/2024 12:19:59 - Hit Man![2000006]: @monster khalitzburg
02/01/2024 12:20:02 - Hit Man![2000006]: @monster khalitzburg
02/01/2024 12:20:06 - Hit Man![2000006]: @monster khalitzburg
02/01/2024 12:20:09 - Hit Man![2000006]: @monster khalitzburg
02/01/2024 12:20:14 - Hit Man![2000006]: @monster khalitzburg
02/01/2024 12:20:15 - Hit Man![2000006]: @monster khalitzburg
02/01/2024 12:20:18 - Hit Man![2000006]: @monster khalitzburg
02/01/2024 12:20:21 - Hit Man![2000006]: @monster khalitzburg
02/01/2024 12:20:24 - Hit Man![2000006]: @monster khalitzburg 4
02/01/2024 12:20:47 - Hit Man![2000006]: @monster khalitzburg 4
02/01/2024 12:20:48 - Hit Man![2000006]: @monster khalitzburg 4
02/01/2024 12:21:00 - Hit Man![2000006]: @skillall
02/01/2024 12:21:04 - Hit Man![2000006]: @monster khalitzburg 4
02/01/2024 12:21:05 - Hit Man![2000006]: @monster khalitzburg 4
02/01/2024 12:21:31 - Hit Man![2000006]: @monster khalitzburg 4
02/01/2024 12:21:33 - Hit Man![2000006]: @monster khalitzburg 4
02/01/2024 12:21:34 - Hit Man![2000006]: @monster khalitzburg 4
02/01/2024 12:21:43 - SoLiTuDE[2000000]: @monster sohee 30000
02/01/2024 12:21:54 - SoLiTuDE[2000000]: @monster sohee 30000
02/01/2024 12:21:57 - SoLiTuDE[2000000]: @heal
02/01/2024 12:22:11 - Hit Man![2000006]: @monster khalitzburg 4
02/01/2024 12:22:30 - Hit Man![2000006]: @monster khalitzburg 4
02/01/2024 12:22:37 - SoLiTuDE[2000000]: @monster khalitzburg 2
02/01/2024 12:22:46 - SoLiTuDE[2000000]: @monster khalitzburg 2
02/01/2024 12:23:16 - Hit Man![2000006]: @monster khalitzburg 4
02/01/2024 12:24:24 - SoLiTuDE[2000000]: @monster khalitzburg 2
02/01/2024 12:28:02 - SoLiTuDE[2000000]: @monster khalitzburg 2
02/01/2024 12:28:06 - Hit Man![2000006]: @monster khalitzburg 4
02/01/2024 12:28:10 - Hit Man![2000006]: @monster khalitzburg 4
02/01/2024 12:28:28 - Hit Man![2000006]: @monster khalitzburg 4
02/01/2024 12:28:32 - Hit Man![2000006]: @monster khalitzburg 4
02/01/2024 12:29:49 - SoLiTuDE[2000000]: @monster sohee 30000
02/01/2024 12:29:50 - SoLiTuDE[2000000]: @monster sohee 30000
02/01/2024 12:29:52 - Hit Man![2000006]: @monster khalitzburg 4
02/01/2024 12:29:58 - Hit Man![2000006]: @monster sohee 30000
02/01/2024 12:31:50 - The_DeViL_HiMSelF[2000003]: @monster khalitburg
02/01/2024 12:31:57 - The_DeViL_HiMSelF[2000003]: @monster khalitburg
02/01/2024 12:32:11 - The_DeViL_HiMSelF[2000003]: @monster khalitzburg 3
02/01/2024 12:32:21 - HooliGan-B@stard[2000005]: @monster Khalitzburg 5
02/01/2024 12:32:52 - The_Killer[2000001]: @monster Khalitzburg
02/01/2024 12:32:55 - The_Killer[2000001]: @monster Khalitzburg 2
02/01/2024 12:33:16 - The_DeViL_HiMSelF[2000003]: @monster khalitzburg 3
02/01/2024 12:34:06 - Hit Man![2000006]: @monster sohee 30000
02/01/2024 12:34:11 - The_Killer[2000001]: @monster Khalitzburg 2
02/01/2024 12:34:37 - HooliGan-B@stard[2000005]: @speed 5
02/01/2024 12:34:40 - The_Killer[2000001]: @speed 5
02/01/2024 12:34:44 - The_DeViL_HiMSelF[2000003]: @speed 5
02/01/2024 12:34:47 - Hit Man![2000006]: @speed 5
02/01/2024 12:34:55 - SoLiTuDE[2000000]: @speed 5
02/01/2024 12:35:05 - SoLiTuDE[2000000]: @monster sohee 30000
02/01/2024 12:35:25 - The_DeViL_HiMSelF[2000003]: @monster khalitzburg 3
02/01/2024 12:35:26 - The_DeViL_HiMSelF[2000003]: @monster khalitzburg 3
02/01/2024 12:35:32 - The_DeViL_HiMSelF[2000003]: @monster khalitzburg 3
02/01/2024 12:35:40 - Hit Man![2000006]: @monster khalitzburg 4
02/01/2024 12:35:42 - Hit Man![2000006]: @monster khalitzburg 4
02/01/2024 12:36:01 - Dark_Fire[2000004]: @heal
02/01/2024 12:36:06 - Dark_Fire[2000004]: @warp gl_prison
02/01/2024 12:36:20 - The_DeViL_HiMSelF[2000003]: @monster khalitzburg 3
02/01/2024 12:36:20 - The_DeViL_HiMSelF[2000003]: @monster khalitzburg 3
02/01/2024 12:36:24 - The_DeViL_HiMSelF[2000003]: @monster khalitzburg 3
02/01/2024 12:38:57 - SoLiTuDE[2000000]: @monster
02/01/2024 12:39:11 - SoLiTuDE[2000000]: @monster
02/01/2024 12:39:15 - SoLiTuDE[2000000]: @monster Knight of Abyss
02/01/2024 12:39:27 - SoLiTuDE[2000000]: @monster Knight of Abyss
02/01/2024 12:39:37 - SoLiTuDE[2000000]: @monster Knight_of_Abyss
02/01/2024 12:42:05 - SoLiTuDE[2000000]: @monster Knight_of_Abyss
02/01/2024 12:42:46 - Dark_Fire[2000004]: @monster knight_of_abyss
02/01/2024 12:42:55 - SoLiTuDE[2000000]: @monster Knight_of_Abyss
02/01/2024 12:43:33 - Hit Man![2000006]: @monster knight_of_abyss
02/01/2024 12:44:13 - Hit Man![2000006]: @monster knight_of_abyss
02/01/2024 12:44:19 - SoLiTuDE[2000000]: @monster Knight_of_Abyss
02/01/2024 12:44:24 - Hit Man![2000006]: @monster knight_of_abyss
02/01/2024 12:44:28 - SoLiTuDE[2000000]: @monster Knight_of_Abyss
02/01/2024 12:45:14 - Hit Man![2000006]: @monster knight_of_abyss
02/01/2024 12:45:17 - Hit Man![2000006]: @monster knight_of_abyss
02/01/2024 12:45:28 - Hit Man![2000006]: @monster knight_of_abyss
02/01/2024 12:45:33 - Hit Man![2000006]: @monster knight_of_abyss
02/01/2024 12:45:37 - Hit Man![2000006]: @monster knight_of_abyss
02/01/2024 12:45:44 - SoLiTuDE[2000000]: @monster Knight_of_Abyss
02/01/2024 12:45:51 - Dark_Fire[2000004]: @monster knight_of_abyss
02/01/2024 12:46:01 - Dark_Fire[2000004]: @monster knight_of_abyss
02/01/2024 12:46:06 - Dark_Fire[2000004]: @monster knight_of_abyss
02/01/2024 12:46:13 - Dark_Fire[2000004]: @monster knight_of_abyss
02/01/2024 12:46:25 - Dark_Fire[2000004]: @heal
02/01/2024 12:46:35 - Dark_Fire[2000004]: @warp gl_priosn
02/01/2024 12:46:40 - Dark_Fire[2000004]: @warp gl_prison
02/01/2024 12:46:50 - Dark_Fire[2000004]: @warp gl_prison
02/01/2024 12:46:54 - Dark_Fire[2000004]: @heal
02/01/2024 12:47:03 - Dark_Fire[2000004]: @monster knight_of_abyss
02/01/2024 12:47:05 - Dark_Fire[2000004]: @monster knight_of_abyss
02/01/2024 12:47:13 - Dark_Fire[2000004]: @monster knight_of_abyss
02/01/2024 12:47:18 - Dark_Fire[2000004]: @heal
02/01/2024 12:47:24 - Dark_Fire[2000004]: @heal
02/01/2024 12:47:27 - Dark_Fire[2000004]: @monster knight_of_abyss
02/01/2024 12:47:30 - Dark_Fire[2000004]: @heal
02/01/2024 12:47:42 - Dark_Fire[2000004]: @monster knight_of_abyss
02/01/2024 12:47:47 - Dark_Fire[2000004]: @heal
02/01/2024 12:47:56 - Dark_Fire[2000004]: @heal
02/01/2024 12:52:02 - Dark_Fire[2000004]: @monster knight_of_abyss
02/01/2024 12:52:11 - Dark_Fire[2000004]: @monster knight_of_abyss
02/01/2024 12:52:22 - Dark_Fire[2000004]: @monster knight_of_abyss
02/01/2024 12:52:32 - Dark_Fire[2000004]: @monster knight_of_abyss
02/01/2024 12:52:48 - SoLiTuDE[2000000]: @monster Knight_of_Abyss
02/01/2024 12:52:50 - SoLiTuDE[2000000]: @monster Knight_of_Abyss
02/01/2024 12:53:03 - Dark_Fire[2000004]: @monster knight_of_abyss
02/01/2024 12:53:08 - Hit Man![2000006]: @monster knight_of_abyss
02/01/2024 12:53:10 - Hit Man![2000006]: @monster knight_of_abyss
02/01/2024 12:53:57 - Hit Man![2000006]: @monster knight_of_abyss
02/01/2024 12:53:59 - Hit Man![2000006]: @monster knight_of_abyss
02/01/2024 12:54:06 - Dark_Fire[2000004]: @heal
02/01/2024 12:54:12 - Dark_Fire[2000004]: @warp gl_priosn
02/01/2024 12:54:26 - Dark_Fire[2000004]: @warp gl_prison
02/01/2024 12:56:11 - Dark_Fire[2000004]: @heal
02/01/2024 12:56:14 - Dark_Fire[2000004]: @monster knight_of_abyss
02/01/2024 12:57:12 - Dark_Fire[2000004]: @monster knight_of_abyss
02/01/2024 12:57:45 - Dark_Fire[2000004]: @monster knight_of_abyss
02/01/2024 12:57:49 - Dark_Fire[2000004]: @monster knight_of_abyss
02/01/2024 12:58:01 - Dark_Fire[2000004]: @heal
02/01/2024 12:58:08 - SoLiTuDE[2000000]: @monster Knight_of_Abyss
02/01/2024 12:58:10 - SoLiTuDE[2000000]: @monster Knight_of_Abyss
02/01/2024 12:58:14 - Hit Man![2000006]: @monster knight_of_abyss
02/01/2024 12:58:14 - Hit Man![2000006]: @monster knight_of_abyss
02/01/2024 12:58:19 - Hit Man![2000006]: @monster knight_of_abyss
02/01/2024 12:58:22 - Hit Man![2000006]: @monster knight_of_abyss
02/01/2024 12:58:25 - Hit Man![2000006]: @monster knight_of_abyss
02/01/2024 12:58:26 - Hit Man![2000006]: @monster knight_of_abyss
02/01/2024 12:58:27 - Hit Man![2000006]: @monster knight_of_abyss
02/01/2024 12:58:32 - Hit Man![2000006]: @heal
02/01/2024 12:58:37 - SoLiTuDE[2000000]: @heal
02/01/2024 12:58:45 - Dark_Fire[2000004]: @monster knight_of_abyss
02/01/2024 12:58:56 - Dark_Fire[2000004]: @monster knight_of_abyss
02/01/2024 12:58:58 - Dark_Fire[2000004]: @monster knight_of_abyss
02/01/2024 12:59:17 - Dark_Fire[2000004]: @monster knight_of_abyss
02/01/2024 12:59:24 - Dark_Fire[2000004]: @heal
02/01/2024 12:59:40 - SoLiTuDE[2000000]: @heal
02/01/2024 12:59:41 - SoLiTuDE[2000000]: @monster Knight_of_Abyss
02/01/2024 12:59:47 - Hit Man![2000006]: @monster knight_of_abyss 3
02/01/2024 12:59:51 - Hit Man![2000006]: @monster knight_of_abyss 3
02/01/2024 12:59:58 - Hit Man![2000006]: @monster knight_of_abyss 3
02/01/2024 13:00:01 - Hit Man![2000006]: @monster knight_of_abyss 3
02/01/2024 13:00:08 - SoLiTuDE[2000000]: @monster Knight_of_Abyss
02/01/2024 13:00:19 - Hit Man![2000006]: @heal
02/01/2024 13:00:29 - SoLiTuDE[2000000]: @monster Knight_of_Abyss
02/01/2024 13:00:31 - Hit Man![2000006]: @heal
02/01/2024 13:00:32 - Hit Man![2000006]: @monster knight_of_abyss 3
02/01/2024 13:01:15 - Dark_Fire[2000004]: @monster knight_of_abyss
02/01/2024 13:01:22 - Dark_Fire[2000004]: @monster knight_of_abyss
02/01/2024 13:02:11 - Dark_Fire[2000004]: @item blue_potion 30
02/01/2024 13:03:54 - The_DeViL_HiMSelF[2000003]: @monster khalitzburg 3
02/01/2024 13:03:58 - The_Killer[2000001]: @monster Khalitzburg 2
02/01/2024 13:04:03 - SoLiTuDE[2000000]: @monster Knight_of_Abyss
02/01/2024 13:04:15 - Dark_Fire[2000004]: @monster knight_of_abyss
02/01/2024 13:04:20 - SoLiTuDE[2000000]: @monster Knight_of_Abyss
02/01/2024 13:05:35 - SoLiTuDE[2000000]: @monster sohee 30000
02/01/2024 13:05:37 - SoLiTuDE[2000000]: @monster sohee 30000
02/01/2024 13:05:38 - SoLiTuDE[2000000]: @monster sohee 30000
02/01/2024 13:06:01 - Hit Man![2000006]: @heal
02/01/2024 13:06:07 - Hit Man![2000006]: @monster sohee 30000
02/01/2024 13:06:08 - Hit Man![2000006]: @monster sohee 30000
02/01/2024 13:06:09 - Hit Man![2000006]: @monster sohee 30000
02/01/2024 13:07:31 - DiRT_Nap[2000002]: @item silver_arrow 10000
02/01/2024 13:10:58 - DiRT_Nap[2000002]: @heal
02/01/2024 13:14:15 - DiRT_Nap[2000002]: @item blue_potion 100
02/01/2024 13:14:20 - DiRT_Nap[2000002]: @item white_potion 50
02/01/2024 13:14:29 - DiRT_Nap[2000002]: @skillall
02/01/2024 13:14:43 - DiRT_Nap[2000002]: @warp gl_prison
02/01/2024 13:24:02 - The_Killer[2000001]: @monster merman 3
02/01/2024 13:24:04 - The_Killer[2000001]: @monster merman 3
02/01/2024 13:24:05 - The_Killer[2000001]: @monster merman 3
02/01/2024 13:24:10 - The_Killer[2000001]: @monster merman 3
02/01/2024 13:24:14 - The_Killer[2000001]: @monster merman 3
02/01/2024 13:24:15 - The_Killer[2000001]: @monster merman 3
02/01/2024 13:24:29 - The_DeViL_HiMSelF[2000003]: @monster merman 3
02/01/2024 13:24:31 - The_DeViL_HiMSelF[2000003]: @monster merman 3
02/01/2024 13:24:36 - The_Killer[2000001]: @monster merman 3
02/01/2024 13:24:58 - The_Killer[2000001]: @monster merman 3
02/01/2024 13:25:01 - The_Killer[2000001]: @monster merman 3
02/01/2024 13:25:04 - The_DeViL_HiMSelF[2000003]: @monster merman 3
02/01/2024 13:25:50 - Dark_Fire[2000004]: @str 200
02/01/2024 14:05:35 - Dark_Fire[2000004]: @heal
02/01/2024 14:05:50 - Dark_Fire[2000004]: @warp gl_prison
02/01/2024 14:06:11 - Dark_Fire[2000004]: @item add blue_potion 30
02/01/2024 14:06:19 - The_DeViL_HiMSelF[2000003]: @monster merman 3
02/01/2024 14:06:31 - The_Killer[2000001]: @monster merman 3
02/01/2024 14:06:31 - The_Killer[2000001]: @monster merman 3
02/01/2024 14:06:33 - The_DeViL_HiMSelF[2000003]: @monster merman 3
02/01/2024 14:06:33 - The_DeViL_HiMSelF[2000003]: @monster merman 3
02/01/2024 14:07:01 - Hit Man![2000006]: @monster sohee 30000
02/01/2024 14:07:02 - Hit Man![2000006]: @monster sohee 30000
02/01/2024 14:07:09 - SoLiTuDE[2000000]: @monster Knight_of_Abyss
02/01/2024 14:07:10 - SoLiTuDE[2000000]: @monster Knight_of_Abyss
02/01/2024 14:07:18 - Hit Man![2000006]: @monster knight_of_abyss 3
02/01/2024 14:07:26 - SoLiTuDE[2000000]: @monster sohee 30000
02/01/2024 14:25:30 - SoLiTuDE[2000000]: @monster sohee 30000
02/01/2024 14:25:44 - Hit Man![2000006]: @monster knight_of_abyss 3
02/01/2024 14:25:51 - Hit Man![2000006]: @monster sohee 30000
02/01/2024 14:25:52 - Hit Man![2000006]: @monster sohee 30000
02/01/2024 14:25:57 - SoLiTuDE[2000000]: @monster sohee 30000
02/01/2024 14:26:37 - Hit Man![2000006]: @monster knight_of_abyss 3
02/01/2024 14:26:40 - SoLiTuDE[2000000]: @monster Knight_of_Abyss
02/01/2024 14:26:42 - SoLiTuDE[2000000]: @monster Knight_of_Abyss
02/01/2024 14:38:34 - The_Killer[2000001]: @heal
02/01/2024 14:38:40 - The_Killer[2000001]: @speed 5
02/01/2024 14:38:55 - SoLiTuDE[2000000]: @monster sohee 30000
02/01/2024 14:38:59 - SoLiTuDE[2000000]: @monster sohee 30000
02/01/2024 14:39:09 - Hit Man![2000006]: @monster sohee 30000
02/01/2024 15:10:11 - Hit Man![2000006]: @monster sohee 30000
02/01/2024 15:14:22 - Dark_Fire[2000004]: @item blue_potion 100
02/01/2024 15:14:31 - Dark_Fire[2000004]: @warp gl_prison
02/01/2024 16:58:59 - The_Killer[2000001]: @speed 5
02/01/2024 16:59:09 - The_Killer[2000001]: @heal
02/01/2024 16:59:39 - Dark_Fire[2000004]: @heal
02/01/2024 17:00:02 - Dark_Fire[2000004]: @jump
02/01/2024 17:01:15 - Dark_Fire[2000004]: @item blue_potion 50
02/01/2024 17:01:40 - Hit Man![2000006]: @heal
02/01/2024 17:01:56 - DiRT_Nap[2000002]: @jump
02/01/2024 17:02:21 - DiRT_Nap[2000002]: @item silver_arrow 20000
02/01/2024 17:02:45 - DiRT_Nap[2000002]: @item blue_potion 50
02/01/2024 17:08:08 - HooliGan-B@stard[2000005]: @hide
02/01/2024 17:09:29 - HooliGan-B@stard[2000005]: @hide
02/01/2024 17:09:33 - HooliGan-B@stard[2000005]: @heal
02/01/2024 17:10:35 - The_Killer[2000001]: @hide
02/01/2024 17:12:19 - The_Killer[2000001]: @item white_potion 50
02/01/2024 17:12:26 - The_Killer[2000001]: @monster thara_frog 10000
02/01/2024 17:12:27 - The_Killer[2000001]: @monster thara_frog 10000
02/01/2024 17:12:28 - The_Killer[2000001]: @monster thara_frog 10000
02/01/2024 17:12:28 - The_Killer[2000001]: @monster thara_frog 10000
02/01/2024 17:12:33 - The_Killer[2000001]: @monster phen 10000
02/01/2024 17:12:34 - The_Killer[2000001]: @monster phen 10000
02/01/2024 17:12:34 - The_Killer[2000001]: @monster phen 10000
02/01/2024 17:12:35 - The_Killer[2000001]: @monster phen 10000
02/01/2024 17:13:29 - The_DeViL_HiMSelF[2000003]: @hide
02/01/2024 17:13:34 - The_DeViL_HiMSelF[2000003]: @monster thara_frong 100000
02/01/2024 17:13:37 - The_DeViL_HiMSelF[2000003]: @monster thara_frog 100000
02/01/2024 17:13:38 - The_DeViL_HiMSelF[2000003]: @monster thara_frog 100000
02/01/2024 17:13:38 - The_DeViL_HiMSelF[2000003]: @monster thara_frog 100000
02/01/2024 17:13:39 - The_DeViL_HiMSelF[2000003]: @monster thara_frog 100000
02/01/2024 17:13:39 - The_DeViL_HiMSelF[2000003]: @monster thara_frog 100000
02/01/2024 17:13:40 - The_DeViL_HiMSelF[2000003]: @monster thara_frog 100000
02/01/2024 17:13:40 - The_DeViL_HiMSelF[2000003]: @monster thara_frog 100000
02/01/2024 17:13:45 - The_DeViL_HiMSelF[2000003]: @monster phen 1000000
02/01/2024 17:13:46 - The_DeViL_HiMSelF[2000003]: @monster phen 1000000
02/01/2024 17:13:46 - The_DeViL_HiMSelF[2000003]: @monster phen 1000000
02/01/2024 17:13:47 - The_DeViL_HiMSelF[2000003]: @monster phen 1000000
02/01/2024 17:13:47 - The_DeViL_HiMSelF[2000003]: @monster phen 1000000
02/01/2024 17:15:10 - The_DeViL_HiMSelF[2000003]: @item white_potion 50
02/01/2024 17:16:00 - Dark_Fire[2000004]: @hide
02/01/2024 17:17:26 - Dark_Fire[2000004]: @item blue_potion 100
02/01/2024 17:17:31 - Dark_Fire[2000004]: @item white_potion 100
02/01/2024 17:18:24 - DiRT_Nap[2000002]: @hide
02/01/2024 17:19:09 - DiRT_Nap[2000002]: @item blue_potion 50
02/01/2024 17:19:17 - DiRT_Nap[2000002]: @item white_potion 70
02/01/2024 19:16:13 - SoLiTuDE[2000000]: @monster sohee 30000
02/01/2024 19:16:13 - SoLiTuDE[2000000]: @monster sohee 30000
02/01/2024 19:16:33 - The_DeViL_HiMSelF[2000003]: @monster phen 50000
02/01/2024 19:16:33 - The_DeViL_HiMSelF[2000003]: @monster phen 50000
02/01/2024 19:16:34 - The_DeViL_HiMSelF[2000003]: @monster phen 50000
02/01/2024 19:16:51 - The_Killer[2000001]: @monster phen 50000
02/01/2024 19:16:52 - The_Killer[2000001]: @monster phen 50000
02/01/2024 19:16:52 - The_Killer[2000001]: @monster phen 50000
02/01/2024 19:17:03 - SoLiTuDE[2000000]: @monster sohee 30000
02/01/2024 19:17:04 - SoLiTuDE[2000000]: @monster sohee 30000
02/01/2024 19:17:15 - Hit Man![2000006]: @monster sohee 30000
02/01/2024 19:17:16 - Hit Man![2000006]: @monster sohee 30000
02/01/2024 19:18:09 - SoLiTuDE[2000000]: @monster Knight_of_Abyss
02/01/2024 19:18:10 - SoLiTuDE[2000000]: @monster Knight_of_Abyss
02/01/2024 19:18:12 - SoLiTuDE[2000000]: @monster Knight_of_Abyss
02/01/2024 19:18:18 - SoLiTuDE[2000000]: @heal
02/01/2024 19:18:19 - SoLiTuDE[2000000]: @heal
02/01/2024 19:18:26 - SoLiTuDE[2000000]: @monster Knight_of_Abyss
02/01/2024 19:18:27 - SoLiTuDE[2000000]: @heal
02/01/2024 19:23:01 - SoLiTuDE[2000000]: @heal
02/01/2024 19:23:02 - SoLiTuDE[2000000]: @monster Knight_of_Abyss
02/01/2024 19:23:08 - SoLiTuDE[2000000]: @monster Knight_of_Abyss
02/01/2024 19:23:38 - Hit Man![2000006]: @monster sohee 30000
02/01/2024 19:23:42 - Hit Man![2000006]: @monster knight_of_abyss 3
02/01/2024 19:23:44 - Hit Man![2000006]: @heal
02/01/2024 19:24:06 - Hit Man![2000006]: @monster knight_of_abyss 3
02/01/2024 19:24:08 - Hit Man![2000006]: @heal
02/01/2024 19:24:18 - SoLiTuDE[2000000]: @monster Knight_of_Abyss
02/01/2024 19:24:27 - SoLiTuDE[2000000]: @monster Knight_of_Abyss
02/01/2024 19:26:59 - U CaNNoT StoP ME[2000007]: @str 100
02/01/2024 19:27:02 - U CaNNoT StoP ME[2000007]: @agi 100
02/01/2024 19:27:05 - U CaNNoT StoP ME[2000007]: @vit 100
02/01/2024 19:27:08 - U CaNNoT StoP ME[2000007]: @dex 50
02/01/2024 19:27:12 - U CaNNoT StoP ME[2000007]: @monster poporing
02/01/2024 19:27:24 - U CaNNoT StoP ME[2000007]: @jobchange 1
02/01/2024 19:27:28 - U CaNNoT StoP ME[2000007]: @monster poporing
02/01/2024 19:27:33 - U CaNNoT StoP ME[2000007]: @monster poporing
02/01/2024 19:27:37 - U CaNNoT StoP ME[2000007]: @monster poporing
02/01/2024 19:27:39 - U CaNNoT StoP ME[2000007]: @monster poporing
02/01/2024 19:27:58 - U CaNNoT StoP ME[2000007]: @skillall
02/01/2024 20:14:37 - U CaNNoT StoP ME[2000007]: @warp prontera
02/01/2024 20:14:44 - U CaNNoT StoP ME[2000007]: @jump
02/01/2024 20:14:48 - U CaNNoT StoP ME[2000007]: @speed 5
02/01/2024 20:15:00 - U CaNNoT StoP ME[2000007]: @vit 300
02/01/2024 20:15:09 - U CaNNoT StoP ME[2000007]: @heal
02/01/2024 20:17:31 - U CaNNoT StoP ME[2000007]: @item 2106
02/01/2024 20:17:36 - U CaNNoT StoP ME[2000007]: @item thara_frog_card
02/01/2024 20:17:49 - U CaNNoT StoP ME[2000007]: @item 2406
02/01/2024 20:17:56 - U CaNNoT StoP ME[2000007]: @item matyr_card
02/01/2024 20:19:24 - U CaNNoT StoP ME[2000007]: @item 2506
02/01/2024 20:19:36 - U CaNNoT StoP ME[2000007]: @item 4133
02/01/2024 20:24:14 - U CaNNoT StoP ME[2000007]: @item 1149
02/01/2024 20:24:59 - U CaNNoT StoP ME[2000007]: @item 1127
02/01/2024 20:25:18 - U CaNNoT StoP ME[2000007]: @produce 1127 3 3
02/01/2024 20:25:50 - U CaNNoT StoP ME[2000007]: @item 2229
02/01/2024 20:26:02 - U CaNNoT StoP ME[2000007]: @refine 0 10
02/01/2024 20:26:07 - U CaNNoT StoP ME[2000007]: @item iron_cane
02/01/2024 20:26:21 - U CaNNoT StoP ME[2000007]: @item clip 2
02/01/2024 20:26:25 - U CaNNoT StoP ME[2000007]: @item vitata_card
02/01/2024 20:26:28 - U CaNNoT StoP ME[2000007]: @item creamy_card
02/01/2024 20:27:58 - U CaNNoT StoP ME[2000007]: @item 2315
02/01/2024 20:28:04 - U CaNNoT StoP ME[2000007]: @item ghostring_card
02/01/2024 20:28:28 - U CaNNoT StoP ME[2000007]: @refine 0 10
02/01/2024 20:28:50 - U CaNNoT StoP ME[2000007]: @zeny 10000
02/01/2024 20:28:53 - U CaNNoT StoP ME[2000007]: @warp morroc
02/01/2024 20:29:08 - U CaNNoT StoP ME[2000007]: @speed 5
02/01/2024 20:29:25 - U CaNNoT StoP ME[2000007]: @item white_potion 100
02/01/2024 20:29:43 - U CaNNoT StoP ME[2000007]: @skpoint -5
02/01/2024 20:29:46 - U CaNNoT StoP ME[2000007]: @jump
02/01/2024 20:29:47 - U CaNNoT StoP ME[2000007]: @jump
02/01/2024 20:29:48 - U CaNNoT StoP ME[2000007]: @jump
02/01/2024 20:29:49 - U CaNNoT StoP ME[2000007]: @jump
02/01/2024 20:30:08 - U CaNNoT StoP ME[2000007]: @jump
02/01/2024 20:30:09 - U CaNNoT StoP ME[2000007]: @jump
02/01/2024 20:30:11 - U CaNNoT StoP ME[2000007]: @jump
02/01/2024 20:30:12 - U CaNNoT StoP ME[2000007]: @jump
02/01/2024 20:30:13 - U CaNNoT StoP ME[2000007]: @jump
02/01/2024 20:30:14 - U CaNNoT StoP ME[2000007]: @jump
02/01/2024 20:30:15 - U CaNNoT StoP ME[2000007]: @jump
02/01/2024 20:30:19 - U CaNNoT StoP ME[2000007]: @speed 5
02/01/2024 20:30:54 - U CaNNoT StoP ME[2000007]: @jump moc_fild16
02/01/2024 20:31:02 - U CaNNoT StoP ME[2000007]: @warp moc_fild16
02/01/2024 20:31:07 - U CaNNoT StoP ME[2000007]: @jump
02/01/2024 20:31:32 - U CaNNoT StoP ME[2000007]: @speed 5
02/01/2024 20:33:17 - U CaNNoT StoP ME[2000007]: @monster sandman 5
02/01/2024 20:33:23 - U CaNNoT StoP ME[2000007]: @monster sandman 5
02/01/2024 20:33:29 - U CaNNoT StoP ME[2000007]: @monster sandman 5
02/01/2024 20:33:36 - U CaNNoT StoP ME[2000007]: @monster sandman 5
02/01/2024 20:33:38 - U CaNNoT StoP ME[2000007]: @monster sandman 5
02/01/2024 20:33:40 - U CaNNoT StoP ME[2000007]: @monster sandman 5
02/01/2024 20:33:40 - U CaNNoT StoP ME[2000007]: @monster sandman 5
02/01/2024 20:33:48 - U CaNNoT StoP ME[2000007]: @monster sandman 5
02/01/2024 20:33:48 - U CaNNoT StoP ME[2000007]: @monster sandman 5
02/01/2024 20:33:55 - U CaNNoT StoP ME[2000007]: @monster sandman 5
02/01/2024 20:33:56 - U CaNNoT StoP ME[2000007]: @monster sandman 5
02/01/2024 20:33:58 - U CaNNoT StoP ME[2000007]: @monster sandman 5
02/01/2024 20:34:02 - U CaNNoT StoP ME[2000007]: @monster sandman 5
02/01/2024 20:34:05 - U CaNNoT StoP ME[2000007]: @monster sandman 5
02/01/2024 20:34:05 - U CaNNoT StoP ME[2000007]: @monster sandman 5
02/01/2024 20:34:06 - U CaNNoT StoP ME[2000007]: @monster sandman 5
02/01/2024 20:34:13 - U CaNNoT StoP ME[2000007]: @monster sandman 5
02/01/2024 20:34:14 - U CaNNoT StoP ME[2000007]: @monster sandman 5
02/01/2024 20:34:14 - U CaNNoT StoP ME[2000007]: @monster sandman 5
02/01/2024 20:34:19 - U CaNNoT StoP ME[2000007]: @monster sandman 5
02/01/2024 20:34:20 - U CaNNoT StoP ME[2000007]: @monster sandman 5
02/01/2024 20:34:20 - U CaNNoT StoP ME[2000007]: @monster sandman 5
02/01/2024 20:34:25 - U CaNNoT StoP ME[2000007]: @monster sandman 5
02/01/2024 20:34:25 - U CaNNoT StoP ME[2000007]: @monster sandman 5
02/01/2024 20:34:26 - U CaNNoT StoP ME[2000007]: @monster sandman 5
02/01/2024 20:34:47 - U CaNNoT StoP ME[2000007]: @monster sandman 5
02/01/2024 20:34:47 - U CaNNoT StoP ME[2000007]: @monster sandman 5
02/01/2024 20:34:48 - U CaNNoT StoP ME[2000007]: @monster sandman 5
02/01/2024 20:34:52 - U CaNNoT StoP ME[2000007]: @monster sandman 5
02/01/2024 20:35:09 - U CaNNoT StoP ME[2000007]: @item fin_helm
02/01/2024 20:38:48 - U CaNNoT StoP ME[2000007]: @item 1127
02/01/2024 20:38:55 - U CaNNoT StoP ME[2000007]: @item hydra_card 3
02/01/2024 20:38:59 - U CaNNoT StoP ME[2000007]: @item skel_worker_card
02/01/2024 20:39:15 - U CaNNoT StoP ME[2000007]: @item hydra_card 3
02/01/2024 20:39:17 - U CaNNoT StoP ME[2000007]: @item 1127
02/01/2024 20:39:35 - U CaNNoT StoP ME[2000007]: @refine 0 10
02/01/2024 20:39:48 - U CaNNoT StoP ME[2000007]: @refine 0 10
02/01/2024 20:40:54 - U CaNNoT StoP ME[2000007]: @jobchange 14
02/01/2024 20:41:03 - U CaNNoT StoP ME[2000007]: @skillall
02/01/2024 20:41:12 - U CaNNoT StoP ME[2000007]: @heal
02/01/2024 20:41:48 - U CaNNoT StoP ME[2000007]: @questskill 16
02/01/2024 20:41:53 - U CaNNoT StoP ME[2000007]: @questskill 146
02/01/2024 20:42:02 - U CaNNoT StoP ME[2000007]: @questskill 144
02/01/2024 20:42:12 - U CaNNoT StoP ME[2000007]: @questskill 145
02/01/2024 20:42:26 - U CaNNoT StoP ME[2000007]: @questskill 1002
02/01/2024 20:42:51 - U CaNNoT StoP ME[2000007]: @warp prontera
02/01/2024 20:42:57 - U CaNNoT StoP ME[2000007]: @jump
02/01/2024 20:42:59 - U CaNNoT StoP ME[2000007]: @jump
02/01/2024 20:42:59 - U CaNNoT StoP ME[2000007]: @jump
02/01/2024 20:43:00 - U CaNNoT StoP ME[2000007]: @jump
02/01/2024 20:43:01 - U CaNNoT StoP ME[2000007]: @jump
02/01/2024 20:43:02 - U CaNNoT StoP ME[2000007]: @jump
02/01/2024 20:43:33 - U CaNNoT StoP ME[2000007]: @warp gef_fild14
02/01/2024 20:43:50 - U CaNNoT StoP ME[2000007]: @str 100
02/01/2024 20:46:20 - U CaNNoT StoP ME[2000007]: @heal
02/01/2024 20:46:32 - U CaNNoT StoP ME[2000007]: @vit 100
02/01/2024 21:00:57 - U CaNNoT StoP ME[2000007]: @item blue_potion 130
02/01/2024 21:01:14 - U CaNNoT StoP ME[2000007]: @int 100
02/01/2024 21:01:30 - SoLiTuDE[2000000]: @monster sohee 30000
02/01/2024 21:01:31 - SoLiTuDE[2000000]: @monster sohee 30000
02/01/2024 21:02:03 - Hit Man![2000006]: @warp pay_dun02
02/01/2024 21:02:16 - Hit Man![2000006]: @warp pay_dun03
02/01/2024 21:03:39 - The_Killer[2000001]: @heal
02/01/2024 21:03:47 - The_DeViL_HiMSelF[2000003]: @heal
02/01/2024 21:22:13 - DiRT_Nap[2000002]: @item berserk_potion 20
02/01/2024 21:22:18 - DiRT_Nap[2000002]: @item white_potion 100
02/01/2024 21:22:22 - DiRT_Nap[2000002]: @item blue_potion 100
02/01/2024 21:22:29 - DiRT_Nap[2000002]: @item silver_arrow 8500
02/01/2024 21:23:26 - DiRT_Nap[2000002]: @warp gl_prison
02/01/2024 21:23:28 - DiRT_Nap[2000002]: @heal
02/01/2024 21:28:06 - HooliGan-B@stard[2000005]: @heal
02/01/2024 21:28:14 - HooliGan-B@stard[2000005]: @speed 5
02/01/2024 21:29:06 - HooliGan-B@stard[2000005]: @heal
02/01/2024 21:59:08 - SoLiTuDE[2000000]: @item 1817
02/01/2024 21:59:53 - SoLiTuDE[2000000]: @item 1813
02/01/2024 22:03:04 - SoLiTuDE[2000000]: @item 1532
02/01/2024 22:03:40 - SoLiTuDE[2000000]: @item santa_poring_card 2
02/01/2024 22:04:23 - SoLiTuDE[2000000]: @item 005 2
02/01/2024 22:04:29 - SoLiTuDE[2000000]: @item 4005 2
02/01/2024 22:05:08 - SoLiTuDE[2000000]: @monster raydric
02/01/2024 22:05:14 - SoLiTuDE[2000000]: @monster raydric
02/01/2024 22:05:41 - SoLiTuDE[2000000]: @refine 0 10
02/01/2024 22:09:58 - SoLiTuDE[2000000]: @produce berserk 2 3
02/01/2024 22:10:15 - SoLiTuDE[2000000]: @refine 0 10
02/01/2024 22:10:22 - SoLiTuDE[2000000]: @refine 0 10
02/01/2024 22:12:33 - SoLiTuDE[2000000]: @produce berserk 1 3
02/01/2024 22:12:44 - SoLiTuDE[2000000]: @refine 0 10
02/01/2024 22:20:21 - SoLiTuDE[2000000]: @item 4130 2
02/01/2024 22:21:01 - SoLiTuDE[2000000]: @item 1532
02/01/2024 22:21:27 - SoLiTuDE[2000000]: @refine 0 10
02/01/2024 22:24:03 - SoLiTuDE[2000000]: @item 2234
02/01/2024 22:25:36 - SoLiTuDE[2000000]: @warp geffen
02/01/2024 22:25:44 - SoLiTuDE[2000000]: @speed 5
02/01/2024 22:28:02 - SoLiTuDE[2000000]: @warp gl_cas02
02/01/2024 22:28:09 - SoLiTuDE[2000000]: @jump
02/01/2024 22:31:41 - SoLiTuDE[2000000]: @item white_potion 100
02/01/2024 22:31:46 - SoLiTuDE[2000000]: @item blue_potion 100
02/01/2024 22:33:56 - SoLiTuDE[2000000]: @item 4202 2
02/01/2024 22:34:33 - SoLiTuDE[2000000]: @item 1532
02/01/2024 22:34:52 - SoLiTuDE[2000000]: @refine 0 10
02/01/2024 22:36:14 - SoLiTuDE[2000000]: @jump
02/01/2024 22:36:18 - SoLiTuDE[2000000]: @warp gl_cas02
02/01/2024 22:36:41 - SoLiTuDE[2000000]: @int 100
02/01/2024 22:36:45 - SoLiTuDE[2000000]: @str 100
02/01/2024 22:36:57 - SoLiTuDE[2000000]: @vit 100
02/01/2024 22:37:01 - SoLiTuDE[2000000]: @heal
02/01/2024 22:46:27 - SoLiTuDE[2000000]: @hide
02/01/2024 22:47:26 - U CaNNoT StoP ME[2000007]: @item white_potion 100
02/01/2024 22:58:13 - Hit Man![2000006]: @item 1282
02/01/2024 22:58:40 - Hit Man![2000006]: @refine 0 10
02/01/2024 22:58:56 - Hit Man![2000006]: @hide
02/01/2024 23:04:46 - Hit Man![2000006]: @item 1257
02/01/2024 23:04:57 - Hit Man![2000006]: @refine 0 10
02/01/2024 23:05:08 - Hit Man![2000006]: @monster wanderer
02/01/2024 23:09:06 - Hit Man![2000006]: @item 1251
02/01/2024 23:09:28 - Hit Man![2000006]: @item scorpion_king_card 3
02/01/2024 23:09:50 - Hit Man![2000006]: @refine 0 10
02/01/2024 23:11:30 - Hit Man![2000006]: @item 1256
02/01/2024 23:11:34 - Hit Man![2000006]: @refine 0 10
02/01/2024 23:15:09 - Hit Man![2000006]: @item 1251
02/01/2024 23:15:25 - Hit Man![2000006]: @item 4005 3
02/01/2024 23:15:41 - Hit Man![2000006]: @refine 0 10
02/01/2024 23:15:49 - Hit Man![2000006]: @monster raydric_archer
02/01/2024 23:16:07 - Hit Man![2000006]: @monster Mysteltainn
02/01/2024 23:19:56 - Hit Man![2000006]: @item pecopeco_egg 3
02/01/2024 23:20:06 - Hit Man![2000006]: @item pecopeco_egg_card 3
02/01/2024 23:20:12 - Hit Man![2000006]: @item 1257
02/01/2024 23:20:17 - Hit Man![2000006]: @item 1282
02/01/2024 23:20:44 - Hit Man![2000006]: @item 1282
02/01/2024 23:21:09 - Hit Man![2000006]: @item 1251
02/01/2024 23:21:26 - Hit Man![2000006]: @refine 0 10
02/01/2024 23:24:54 - Hit Man![2000006]: @item 2506
02/01/2024 23:24:58 - Hit Man![2000006]: @item whisper_card
02/01/2024 23:25:18 - Hit Man![2000006]: @item 2406
02/01/2024 23:25:26 - Hit Man![2000006]: @dex 200
02/01/2024 23:25:28 - Hit Man![2000006]: @vit 300
02/01/2024 23:25:31 - Hit Man![2000006]: @heal
02/01/2024 23:25:36 - Hit Man![2000006]: @str 100
02/01/2024 23:25:39 - Hit Man![2000006]: @agi 100
02/01/2024 23:25:51 - Hit Man![2000006]: @item matyr_card
02/01/2024 23:26:06 - Hit Man![2000006]: @refine 0 10
02/01/2024 23:26:24 - Hit Man![2000006]: @item 2315
02/01/2024 23:26:34 - Hit Man![2000006]: @item ghostring_card
02/01/2024 23:26:52 - Hit Man![2000006]: @refine 0 10
02/01/2024 23:27:07 - Hit Man![2000006]: @int 300
02/01/2024 23:27:09 - Hit Man![2000006]: @heal
02/01/2024 23:27:14 - Hit Man![2000006]: @jump gl_cas02
02/01/2024 23:27:21 - Hit Man![2000006]: @warp gl_cas02
02/01/2024 23:29:03 - Hit Man![2000006]: @item white_potion 200
02/01/2024 23:29:10 - Hit Man![2000006]: @item blue_potion 100
02/01/2024 23:30:17 - Hit Man![2000006]: @speed 5
02/01/2024 23:33:10 - Hit Man![2000006]: @item berserk_potion 2
02/01/2024 23:35:32 - Hit Man![2000006]: @speed 5
02/01/2024 23:37:22 - Hit Man![2000006]: @item 4202
02/01/2024 23:37:24 - Hit Man![2000006]: @item 4202
02/01/2024 23:37:24 - Hit Man![2000006]: @item 4202
02/01/2024 23:38:01 - Hit Man![2000006]: @item 1251
02/01/2024 23:38:25 - Hit Man![2000006]: @refine 0 10
02/01/2024 23:38:47 - Hit Man![2000006]: @refine 0 10
02/01/2024 23:40:22 - Hit Man![2000006]: @monster nightmare
02/01/2024 23:41:24 - Hit Man![2000006]: @monster nightmare
02/01/2024 23:42:06 - Hit Man![2000006]: @dex 100
02/01/2024 23:42:12 - Hit Man![2000006]: @luk 100
02/01/2024 23:47:51 - SoLiTuDE[2000000]: @heal
02/01/2024 23:48:20 - Hit Man![2000006]: @speed 5
02/01/2024 23:49:43 - Hit Man![2000006]: @str -60
02/01/2024 23:49:55 - Hit Man![2000006]: @speed 5
02/01/2024 23:50:37 - Hit Man![2000006]: @monster nightmare 2
02/01/2024 23:50:42 - Hit Man![2000006]: @monster nightmare 2
02/01/2024 23:50:47 - Hit Man![2000006]: @monster nightmare 2
02/01/2024 23:50:49 - Hit Man![2000006]: @monster nightmare 2
02/01/2024 23:50:51 - Hit Man![2000006]: @monster nightmare 2
02/01/2024 23:50:54 - Hit Man![2000006]: @monster nightmare 2
02/01/2024 23:51:01 - Hit Man![2000006]: @monster nightmare 2
02/01/2024 23:51:02 - Hit Man![2000006]: @monster nightmare 2
02/01/2024 23:51:08 - Hit Man![2000006]: @monster nightmare 2
02/01/2024 23:51:11 - Hit Man![2000006]: @monster nightmare 2
02/01/2024 23:51:12 - Hit Man![2000006]: @monster nightmare 2
02/01/2024 23:51:13 - Hit Man![2000006]: @monster nightmare 2
02/01/2024 23:51:19 - Hit Man![2000006]: @monster nightmare 2
02/01/2024 23:51:20 - Hit Man![2000006]: @monster nightmare 2
02/01/2024 23:51:35 - Hit Man![2000006]: @monster abyss_of_knight 3
02/01/2024 23:51:58 - Hit Man![2000006]: @monster abyss_knight 3
02/01/2024 23:52:16 - Hit Man![2000006]: @monster knight_of_abyss
02/01/2024 23:52:17 - Hit Man![2000006]: @monster knight_of_abyss
02/01/2024 23:52:18 - Hit Man![2000006]: @monster knight_of_abyss
02/01/2024 23:52:19 - Hit Man![2000006]: @monster knight_of_abyss
02/01/2024 23:52:26 - Hit Man![2000006]: @monster knight_of_abyss
02/01/2024 23:52:26 - Hit Man![2000006]: @monster knight_of_abyss
02/01/2024 23:52:27 - Hit Man![2000006]: @monster knight_of_abyss
02/01/2024 23:52:28 - Hit Man![2000006]: @monster knight_of_abyss
02/01/2024 23:52:38 - Hit Man![2000006]: @monster knight_of_abyss 3
02/01/2024 23:53:23 - Hit Man![2000006]: @monster knight_of_abyss 3
02/01/2024 23:53:24 - Hit Man![2000006]: @monster knight_of_abyss 3
02/01/2024 23:53:25 - Hit Man![2000006]: @monster knight_of_abyss 3
02/01/2024 23:53:46 - SoLiTuDE[2000000]: @monster knight_of_abyss 2
02/01/2024 23:53:50 - SoLiTuDE[2000000]: @monster knight_of_abyss 2
02/01/2024 23:54:54 - The_Killer[2000001]: @item blue_potion 5
02/01/2024 23:55:06 - The_Killer[2000001]: @warp iz_dun01
02/01/2024 23:55:46 - The_DeViL_HiMSelF[2000003]: @item blue_potion 5
02/01/2024 23:58:04 - U CaNNoT StoP ME[2000007]: @item white_potion 80
02/01/2024 23:58:10 - U CaNNoT StoP ME[2000007]: @item blue_potion 80
02/01/2024 23:58:12 - U CaNNoT StoP ME[2000007]: @heal
02/01/2024 23:59:12 - HooliGan-B@stard[2000005]: @hide
02/02/2024 00:01:25 - HooliGan-B@stard[2000005]: @item 2506
02/02/2024 00:01:29 - HooliGan-B@stard[2000005]: @item whisper_card
02/02/2024 00:01:49 - HooliGan-B@stard[2000005]: @item 2104
02/02/2024 00:01:53 - HooliGan-B@stard[2000005]: @item thara_frog_card
02/02/2024 00:02:16 - HooliGan-B@stard[2000005]: @item white_potion 100
02/02/2024 00:02:20 - HooliGan-B@stard[2000005]: @item blue_potion 100
02/02/2024 00:02:31 - HooliGan-B@stard[2000005]: @heal
02/02/2024 00:04:44 - The_Killer[2000001]: @hide
02/02/2024 00:05:31 - The_Killer[2000001]: @item 606
02/02/2024 00:05:36 - The_Killer[2000001]: @item 616
02/02/2024 00:05:51 - The_Killer[2000001]: @item 656 20
02/02/2024 00:05:59 - The_Killer[2000001]: @item blue_potion 50
02/02/2024 00:06:07 - The_Killer[2000001]: @warp iz_dun03
02/02/2024 00:07:11 - The_DeViL_HiMSelF[2000003]: @hide
02/02/2024 00:07:30 - The_DeViL_HiMSelF[2000003]: @item blue_potion 50
02/02/2024 00:07:57 - The_DeViL_HiMSelF[2000003]: @item 656 10
02/02/2024 00:08:00 - The_DeViL_HiMSelF[2000003]: @item 656 10
02/02/2024 00:08:07 - The_DeViL_HiMSelF[2000003]: @item white_potion 50
02/02/2024 00:08:10 - The_DeViL_HiMSelF[2000003]: @item blue_potion 50
02/02/2024 00:08:38 - The_DeViL_HiMSelF[2000003]: @heal
02/02/2024 00:08:42 - The_DeViL_HiMSelF[2000003]: @warp iz_dun03
02/02/2024 00:10:45 - DiRT_Nap[2000002]: @item berserk_potion 10
02/02/2024 00:12:11 - DiRT_Nap[2000002]: @item berserk_potion 10
02/02/2024 00:15:15 - DiRT_Nap[2000002]: @item 656 10
02/02/2024 00:17:21 - Dark_Fire[2000004]: @monster zombie_prisoner 5
02/02/2024 00:17:24 - Dark_Fire[2000004]: @monster zombie_prisoner 5
02/02/2024 00:17:25 - Dark_Fire[2000004]: @monster zombie_prisoner 5
02/02/2024 00:17:26 - Dark_Fire[2000004]: @monster zombie_prisoner 5
02/02/2024 00:17:27 - Dark_Fire[2000004]: @monster zombie_prisoner 5
02/02/2024 00:17:32 - Dark_Fire[2000004]: @monster zombie_prisoner 5
02/02/2024 00:17:36 - Dark_Fire[2000004]: @monster zombie_prisoner 5
02/02/2024 00:17:38 - Dark_Fire[2000004]: @monster zombie_prisoner 5
02/02/2024 00:17:41 - Dark_Fire[2000004]: @monster zombie_prisoner 5
02/02/2024 00:17:42 - Dark_Fire[2000004]: @monster zombie_prisoner 5
02/02/2024 00:17:45 - Dark_Fire[2000004]: @monster zombie_prisoner 5
02/02/2024 00:17:49 - Dark_Fire[2000004]: @monster zombie_prisoner 5
02/02/2024 00:17:52 - Dark_Fire[2000004]: @monster zombie_prisoner 5
02/02/2024 00:17:53 - Dark_Fire[2000004]: @monster zombie_prisoner 5
02/02/2024 00:17:55 - Dark_Fire[2000004]: @monster zombie_prisoner 5
02/02/2024 00:17:57 - Dark_Fire[2000004]: @monster zombie_prisoner 5
02/02/2024 00:18:01 - Dark_Fire[2000004]: @monster zombie_prisoner 5
02/02/2024 00:18:04 - Dark_Fire[2000004]: @monster zombie_prisoner 5
02/02/2024 00:18:08 - Dark_Fire[2000004]: @monster zombie_prisoner 5
02/02/2024 00:18:10 - Dark_Fire[2000004]: @monster zombie_prisoner 5
02/02/2024 00:18:11 - Dark_Fire[2000004]: @monster zombie_prisoner 5
02/02/2024 00:18:12 - Dark_Fire[2000004]: @monster zombie_prisoner 5
02/02/2024 00:18:13 - Dark_Fire[2000004]: @monster zombie_prisoner 5
02/02/2024 00:18:13 - Dark_Fire[2000004]: @monster zombie_prisoner 5
02/02/2024 00:18:14 - Dark_Fire[2000004]: @monster zombie_prisoner 5
02/02/2024 00:18:14 - Dark_Fire[2000004]: @monster zombie_prisoner 5
02/02/2024 00:20:25 - DiRT_Nap[2000002]: @monster zombie_prisoner 5
02/02/2024 00:20:28 - DiRT_Nap[2000002]: @monster zombie_prisoner 5
02/02/2024 00:20:30 - DiRT_Nap[2000002]: @monster zombie_prisoner 5
02/02/2024 00:20:39 - Dark_Fire[2000004]: @monster zombie_prisoner 5
02/02/2024 00:20:41 - Dark_Fire[2000004]: @monster zombie_prisoner 5
02/02/2024 00:20:45 - Dark_Fire[2000004]: @monster zombie_prisoner 5
02/02/2024 00:20:46 - Dark_Fire[2000004]: @monster zombie_prisoner 5
02/02/2024 00:20:46 - Dark_Fire[2000004]: @monster zombie_prisoner 5
02/02/2024 00:20:47 - Dark_Fire[2000004]: @monster zombie_prisoner 5
02/02/2024 00:20:47 - Dark_Fire[2000004]: @monster zombie_prisoner 5
02/02/2024 00:20:48 - Dark_Fire[2000004]: @monster zombie_prisoner 5
02/02/2024 00:20:48 - Dark_Fire[2000004]: @monster zombie_prisoner 5
02/02/2024 00:20:50 - Dark_Fire[2000004]: @monster zombie_prisoner 5
02/02/2024 00:20:51 - Dark_Fire[2000004]: @monster zombie_prisoner 5
02/02/2024 00:20:55 - Dark_Fire[2000004]: @monster zombie_prisoner 5
02/02/2024 00:20:58 - Dark_Fire[2000004]: @monster zombie_prisoner 5
02/02/2024 00:20:59 - Dark_Fire[2000004]: @monster zombie_prisoner 5
02/02/2024 00:21:01 - Dark_Fire[2000004]: @monster zombie_prisoner 5
02/02/2024 00:21:03 - Dark_Fire[2000004]: @monster zombie_prisoner 5
02/02/2024 00:21:05 - Dark_Fire[2000004]: @monster zombie_prisoner 5
02/02/2024 00:21:06 - Dark_Fire[2000004]: @monster zombie_prisoner 5
02/02/2024 00:21:07 - Dark_Fire[2000004]: @monster zombie_prisoner 5
02/02/2024 00:21:07 - Dark_Fire[2000004]: @monster zombie_prisoner 5
02/02/2024 00:21:08 - Dark_Fire[2000004]: @monster zombie_prisoner 5
02/02/2024 00:21:09 - Dark_Fire[2000004]: @monster zombie_prisoner 5
02/02/2024 00:21:09 - Dark_Fire[2000004]: @monster zombie_prisoner 5
02/02/2024 00:21:10 - Dark_Fire[2000004]: @monster zombie_prisoner 5
02/02/2024 00:21:11 - Dark_Fire[2000004]: @monster zombie_prisoner 5
02/02/2024 00:21:17 - Dark_Fire[2000004]: @monster zombie_prisoner 5
02/02/2024 00:21:19 - Dark_Fire[2000004]: @monster zombie_prisoner 5
02/02/2024 00:21:19 - Dark_Fire[2000004]: @monster zombie_prisoner 5
02/02/2024 00:21:20 - Dark_Fire[2000004]: @monster zombie_prisoner 5
02/02/2024 00:21:21 - Dark_Fire[2000004]: @monster zombie_prisoner 5
02/02/2024 00:21:21 - Dark_Fire[2000004]: @monster zombie_prisoner 5
02/02/2024 00:21:22 - Dark_Fire[2000004]: @monster zombie_prisoner 5
02/02/2024 00:21:43 - Dark_Fire[2000004]: @monster zombie_prisoner 5
02/02/2024 00:21:48 - Dark_Fire[2000004]: @monster zombie_prisoner 5
02/02/2024 00:21:53 - Dark_Fire[2000004]: @monster zombie_prisoner 5
02/02/2024 00:21:53 - Dark_Fire[2000004]: @monster zombie_prisoner 5
02/02/2024 00:21:54 - Dark_Fire[2000004]: @monster zombie_prisoner 5
02/02/2024 00:21:54 - Dark_Fire[2000004]: @monster zombie_prisoner 5
02/02/2024 00:21:55 - Dark_Fire[2000004]: @monster zombie_prisoner 5
02/02/2024 00:21:55 - Dark_Fire[2000004]: @monster zombie_prisoner 5
02/02/2024 00:21:56 - Dark_Fire[2000004]: @monster zombie_prisoner 5
02/02/2024 00:22:15 - DiRT_Nap[2000002]: @monster zombie_prisoner 5
02/02/2024 00:22:17 - DiRT_Nap[2000002]: @monster zombie_prisoner 5
02/02/2024 00:22:20 - DiRT_Nap[2000002]: @monster zombie_prisoner 5
02/02/2024 00:22:22 - DiRT_Nap[2000002]: @monster zombie_prisoner 5
02/02/2024 00:22:27 - DiRT_Nap[2000002]: @monster zombie_prisoner 5
02/02/2024 00:22:33 - DiRT_Nap[2000002]: @monster zombie_prisoner 5
02/02/2024 00:22:39 - Dark_Fire[2000004]: @monster zombie_prisoner 5
02/02/2024 00:22:43 - Dark_Fire[2000004]: @monster zombie_prisoner 5
02/02/2024 00:22:45 - Dark_Fire[2000004]: @monster zombie_prisoner 5
02/02/2024 00:22:46 - Dark_Fire[2000004]: @monster zombie_prisoner 5
02/02/2024 00:22:46 - Dark_Fire[2000004]: @monster zombie_prisoner 5
02/02/2024 00:22:47 - Dark_Fire[2000004]: @monster zombie_prisoner 5
02/02/2024 00:22:47 - Dark_Fire[2000004]: @monster zombie_prisoner 5
02/02/2024 00:22:48 - Dark_Fire[2000004]: @monster zombie_prisoner 5
02/02/2024 00:22:48 - Dark_Fire[2000004]: @monster zombie_prisoner 5
02/02/2024 00:22:55 - DiRT_Nap[2000002]: @monster zombie_prisoner 5
02/02/2024 00:22:58 - DiRT_Nap[2000002]: @monster zombie_prisoner 5
02/02/2024 01:44:57 - The_Killer[2000001]: @jump
02/02/2024 01:45:02 - The_Killer[2000001]: @jump
02/02/2024 01:45:21 - The_Killer[2000001]: @jump
02/02/2024 01:45:31 - The_Killer[2000001]: @jump
02/02/2024 01:45:51 - The_Killer[2000001]: @jump
02/02/2024 01:46:40 - The_Killer[2000001]: @monster merman 5
02/02/2024 01:46:43 - The_Killer[2000001]: @monster merman 5
02/02/2024 01:46:45 - The_Killer[2000001]: @monster merman 5
02/02/2024 01:46:48 - The_Killer[2000001]: @monster merman 5
02/02/2024 01:47:02 - The_DeViL_HiMSelF[2000003]: @monster merman 10
02/02/2024 01:47:11 - The_DeViL_HiMSelF[2000003]: @monster merman 10
02/02/2024 01:47:21 - The_DeViL_HiMSelF[2000003]: @monster merman 10
02/02/2024 01:47:25 - The_Killer[2000001]: @monster merman 5
02/02/2024 03:01:36 - The_Killer[2000001]: @monster merman 4
02/02/2024 03:01:45 - The_DeViL_HiMSelF[2000003]: @monster merman 4
02/02/2024 03:01:48 - The_Killer[2000001]: @monster merman 4
02/02/2024 03:01:49 - The_DeViL_HiMSelF[2000003]: @monster merman 4
02/02/2024 03:01:50 - The_Killer[2000001]: @monster merman 4
02/02/2024 03:01:51 - The_DeViL_HiMSelF[2000003]: @monster merman 4
02/02/2024 03:01:52 - The_Killer[2000001]: @monster merman 4
02/02/2024 03:01:53 - The_DeViL_HiMSelF[2000003]: @monster merman 4
02/02/2024 03:01:53 - The_Killer[2000001]: @monster merman 4
02/02/2024 03:01:54 - The_DeViL_HiMSelF[2000003]: @monster merman 4
02/02/2024 03:01:57 - The_Killer[2000001]: @monster merman 4
02/02/2024 03:01:58 - The_DeViL_HiMSelF[2000003]: @monster merman 4
02/02/2024 03:01:59 - The_Killer[2000001]: @monster merman 4
02/02/2024 03:02:00 - The_DeViL_HiMSelF[2000003]: @monster merman 4
02/02/2024 03:02:12 - The_DeViL_HiMSelF[2000003]: @monster merman 4
02/02/2024 03:02:13 - The_Killer[2000001]: @monster merman 4
02/02/2024 03:09:42 - DiRT_Nap[2000002]: @item blue_potion 40
02/02/2024 03:09:57 - DiRT_Nap[2000002]: @warp gl_prison
02/02/2024 03:11:20 - DiRT_Nap[2000002]: @item blue_potion 20
02/02/2024 03:11:22 - DiRT_Nap[2000002]: @item blue_potion 20
02/02/2024 03:12:15 - HooliGan-B@stard[2000005]: @jump
02/02/2024 03:12:25 - HooliGan-B@stard[2000005]: @jump
02/02/2024 03:12:28 - HooliGan-B@stard[2000005]: @jump
02/02/2024 03:12:31 - HooliGan-B@stard[2000005]: @jump
02/02/2024 03:12:55 - HooliGan-B@stard[2000005]: @jump
02/02/2024 03:13:03 - HooliGan-B@stard[2000005]: @jump
02/02/2024 03:13:08 - HooliGan-B@stard[2000005]: @jump
02/02/2024 03:13:11 - HooliGan-B@stard[2000005]: @jump
02/02/2024 03:13:14 - HooliGan-B@stard[2000005]: @jump
02/02/2024 03:13:17 - HooliGan-B@stard[2000005]: @jump
02/02/2024 03:13:31 - HooliGan-B@stard[2000005]: @jump
02/02/2024 03:15:08 - Dark_Fire[2000004]: @monster zombie_prisoner 5
02/02/2024 03:15:11 - Dark_Fire[2000004]: @monster zombie_prisoner 5
02/02/2024 03:15:13 - Dark_Fire[2000004]: @monster zombie_prisoner 5
02/02/2024 03:15:14 - Dark_Fire[2000004]: @monster zombie_prisoner 5
02/02/2024 03:15:15 - Dark_Fire[2000004]: @monster zombie_prisoner 5
02/02/2024 03:15:15 - Dark_Fire[2000004]: @monster zombie_prisoner 5
02/02/2024 03:18:15 - U CaNNoT StoP ME[2000007]: @item blue_potion 50
02/02/2024 03:18:24 - U CaNNoT StoP ME[2000007]: @item white_potion 100
02/02/2024 03:18:28 - U CaNNoT StoP ME[2000007]: @item blue_potion 50
02/02/2024 03:18:50 - U CaNNoT StoP ME[2000007]: @monster high_orc 5
02/02/2024 03:18:52 - U CaNNoT StoP ME[2000007]: @monster high_orc 5
02/02/2024 03:18:53 - U CaNNoT StoP ME[2000007]: @monster high_orc 5
02/02/2024 03:18:55 - U CaNNoT StoP ME[2000007]: @monster high_orc 5
02/02/2024 03:18:55 - U CaNNoT StoP ME[2000007]: @monster high_orc 5
02/02/2024 03:18:56 - U CaNNoT StoP ME[2000007]: @monster high_orc 5
02/02/2024 03:18:58 - U CaNNoT StoP ME[2000007]: @monster high_orc 5
02/02/2024 03:18:59 - U CaNNoT StoP ME[2000007]: @monster high_orc 5
02/02/2024 03:19:01 - U CaNNoT StoP ME[2000007]: @monster high_orc 5
02/02/2024 03:19:01 - U CaNNoT StoP ME[2000007]: @monster high_orc 5
02/02/2024 03:22:00 - The_Killer[2000001]: @monster merman 4
02/02/2024 03:22:00 - The_Killer[2000001]: @monster merman 4
02/02/2024 03:22:41 - U CaNNoT StoP ME[2000007]: @monster high_orc 5
02/02/2024 03:22:42 - U CaNNoT StoP ME[2000007]: @monster high_orc 5
02/02/2024 03:22:44 - U CaNNoT StoP ME[2000007]: @monster high_orc 5
02/02/2024 03:22:46 - U CaNNoT StoP ME[2000007]: @monster high_orc 5
02/02/2024 03:22:47 - U CaNNoT StoP ME[2000007]: @monster high_orc 5
02/02/2024 03:33:04 - HooliGan-B@stard[2000005]: @monster rideword 3
02/02/2024 03:33:12 - HooliGan-B@stard[2000005]: @monster rideword 3
02/02/2024 03:33:13 - HooliGan-B@stard[2000005]: @monster rideword 3
02/02/2024 03:34:14 - Dark_Fire[2000004]: @speed 5
02/02/2024 03:34:18 - U CaNNoT StoP ME[2000007]: @speed 5
02/02/2024 03:34:24 - SoLiTuDE[2000000]: @speed 5
02/02/2024 03:34:29 - The_Killer[2000001]: @speed 5
02/02/2024 03:34:35 - DiRT_Nap[2000002]: @speed 5
02/02/2024 03:34:40 - HooliGan-B@stard[2000005]: @speed 5
02/02/2024 03:34:50 - Dark_Fire[2000004]: @speed 5
02/02/2024 03:38:58 - DiRT_Nap[2000002]: @heal
02/02/2024 03:39:07 - U CaNNoT StoP ME[2000007]: @heal
02/02/2024 03:39:25 - SoLiTuDE[2000000]: @heal
02/02/2024 03:39:30 - HooliGan-B@stard[2000005]: @heal
02/02/2024 03:39:53 - The_Killer[2000001]: @monster sword fish 10
02/02/2024 03:40:02 - The_Killer[2000001]: @monster sword fish 10
02/02/2024 03:40:33 - The_DeViL_HiMSelF[2000003]: @monster sword fish 10
02/02/2024 03:40:40 - The_DeViL_HiMSelF[2000003]: @monster sword_fish 10
02/02/2024 03:40:47 - The_Killer[2000001]: @monster sword_fish 10
02/02/2024 03:40:58 - The_Killer[2000001]: @monster sword_fish 10
02/02/2024 03:41:02 - The_DeViL_HiMSelF[2000003]: @monster sword_fish 10
02/02/2024 03:41:57 - HooliGan-B@stard[2000005]: @monster khalitzburg 2
02/02/2024 03:42:00 - HooliGan-B@stard[2000005]: @monster khalitzburg 2
02/02/2024 03:42:10 - HooliGan-B@stard[2000005]: @monster khalitzburg 2
02/02/2024 03:42:14 - HooliGan-B@stard[2000005]: @monster khalitzburg 2
02/02/2024 03:42:24 - The_Killer[2000001]: @monster sword_fish 10
02/02/2024 03:42:27 - The_DeViL_HiMSelF[2000003]: @monster sword_fish 10
02/02/2024 11:20:03 - U CaNNoT StoP ME[2000007]: @heal
02/02/2024 11:20:24 - DiRT_Nap[2000002]: @heal
02/02/2024 11:20:28 - DiRT_Nap[2000002]: @warp gl_prison
02/02/2024 11:20:40 - The_Killer[2000001]: @heal
02/02/2024 11:23:32 - The_Killer[2000001]: @hide
02/02/2024 11:24:22 - The_Killer[2000001]: @item white_potion 30
02/02/2024 11:25:30 - U CaNNoT StoP ME[2000007]: @hide
02/02/2024 11:27:18 - U CaNNoT StoP ME[2000007]: @item blue_potion 50
02/02/2024 11:27:39 - U CaNNoT StoP ME[2000007]: @warp gef_fild14
02/02/2024 11:27:46 - U CaNNoT StoP ME[2000007]: @heal
02/02/2024 11:28:32 - DiRT_Nap[2000002]: @hide
02/02/2024 11:29:49 - DiRT_Nap[2000002]: @item silver_arrow 30000
02/02/2024 11:30:00 - DiRT_Nap[2000002]: @item white_potion 100
02/02/2024 11:30:08 - DiRT_Nap[2000002]: @item blue_potion 100
02/02/2024 11:30:09 - DiRT_Nap[2000002]: @heal
02/02/2024 11:30:13 - DiRT_Nap[2000002]: @warp gl_prison
02/02/2024 11:31:35 - Dark_Fire[2000004]: @hide
02/02/2024 11:32:54 - Dark_Fire[2000004]: @item blue_potion 50
02/02/2024 11:33:02 - Dark_Fire[2000004]: @item white_potion 70
02/02/2024 11:33:04 - Dark_Fire[2000004]: @heal
02/02/2024 11:33:55 - The_DeViL_HiMSelF[2000003]: @hide
02/02/2024 11:53:33 - HooliGan-B@stard[2000005]: @hide
02/02/2024 11:55:20 - Hit Man![2000006]: @str 200
02/02/2024 12:51:43 - The_DeViL_HiMSelF[2000003]: @item 5074
02/02/2024 12:52:23 - The_DeViL_HiMSelF[2000003]: @item 5280
02/02/2024 12:54:29 - The_Killer[2000001]: @item 5068
02/02/2024 12:55:02 - The_Killer[2000001]: @warp cmd_fild04
02/02/2024 12:55:13 - The_Killer[2000001]: @hide
02/02/2024 12:56:57 - The_Killer[2000001]: @hide
02/02/2024 12:57:04 - The_Killer[2000001]: @speed 5
02/02/2024 13:14:16 - Hit Man![2000006]: @hide
02/02/2024 13:14:27 - Hit Man![2000006]: @item 5081
02/02/2024 13:14:53 - Hit Man![2000006]: @item 5074
02/02/2024 13:15:07 - Hit Man![2000006]: @jump
02/02/2024 13:15:39 - Hit Man![2000006]: @hide
02/02/2024 13:44:02 - The_DeViL_HiMSelF[2000003]: @warp cmd_fild04
02/02/2024 13:44:57 - The_DeViL_HiMSelF[2000003]: @jobchange 10
02/02/2024 13:45:17 - The_Killer[2000001]: @jobchange 12
02/02/2024 13:45:45 - DiRT_Nap[2000002]: @warp gl_prison
02/02/2024 14:20:48 - DiRT_Nap[2000002]: @monster zombie_prisoner 5
02/02/2024 14:20:51 - DiRT_Nap[2000002]: @monster zombie_prisoner 5
02/02/2024 14:20:53 - DiRT_Nap[2000002]: @monster zombie_prisoner 5
02/02/2024 14:22:27 - U CaNNoT StoP ME[2000007]: @heal
02/02/2024 14:24:16 - U CaNNoT StoP ME[2000007]: @item bluepotion 30
02/02/2024 14:24:35 - U CaNNoT StoP ME[2000007]: @item blue_potion 30
02/02/2024 14:25:26 - U CaNNoT StoP ME[2000007]: @monster high_orc 10
02/02/2024 14:25:30 - U CaNNoT StoP ME[2000007]: @monster high_orc 10
02/02/2024 14:25:32 - U CaNNoT StoP ME[2000007]: @monster high_orc 10
02/02/2024 14:25:43 - U CaNNoT StoP ME[2000007]: @monster high_orc 10
02/02/2024 14:29:05 - U CaNNoT StoP ME[2000007]: @monster high_orc 10
02/02/2024 14:29:33 - U CaNNoT StoP ME[2000007]: @monster high_orc 10
02/02/2024 14:32:09 - U CaNNoT StoP ME[2000007]: @monster high_orc 10
02/02/2024 14:32:19 - U CaNNoT StoP ME[2000007]: @monster high_orc 10
02/02/2024 14:32:22 - U CaNNoT StoP ME[2000007]: @monster high_orc 10
02/02/2024 15:51:08 - U CaNNoT StoP ME[2000007]: @heal
02/02/2024 15:51:35 - U CaNNoT StoP ME[2000007]: @item white_potion 20
02/02/2024 15:51:42 - U CaNNoT StoP ME[2000007]: @item blue_potion 20
02/02/2024 15:54:27 - U CaNNoT StoP ME[2000007]: @item white_potion 20
02/02/2024 15:54:39 - U CaNNoT StoP ME[2000007]: @heal
02/02/2024 15:54:44 - The_Killer[2000001]: @heal
02/02/2024 16:25:01 - U CaNNoT StoP ME[2000007]: @heal
02/02/2024 16:25:51 - U CaNNoT StoP ME[2000007]: @heal
02/02/2024 16:44:22 - U CaNNoT StoP ME[2000007]: @heal
02/02/2024 16:45:20 - U CaNNoT StoP ME[2000007]: @hide
02/02/2024 16:46:27 - U CaNNoT StoP ME[2000007]: @item white_potion 100
02/02/2024 16:46:31 - U CaNNoT StoP ME[2000007]: @item blue_potion 100
02/02/2024 16:46:36 - U CaNNoT StoP ME[2000007]: @heal
02/02/2024 16:46:39 - U CaNNoT StoP ME[2000007]: @item 656 10
02/02/2024 16:48:14 - DiRT_Nap[2000002]: @heal
02/02/2024 16:53:52 - DiRT_Nap[2000002]: @item blue_potion 100
02/02/2024 16:54:07 - DiRT_Nap[2000002]: @monster zombie_prisoner 5
02/02/2024 16:54:11 - DiRT_Nap[2000002]: @item blue_potion 100
02/02/2024 16:54:12 - DiRT_Nap[2000002]: @item blue_potion 100
02/02/2024 17:11:30 - HooliGan-B@stard[2000005]: @jump
02/02/2024 17:11:34 - HooliGan-B@stard[2000005]: @jump
02/02/2024 17:11:57 - HooliGan-B@stard[2000005]: @jump
02/02/2024 17:12:02 - HooliGan-B@stard[2000005]: @jump
02/02/2024 17:12:05 - HooliGan-B@stard[2000005]: @jump
02/02/2024 17:16:59 - U CaNNoT StoP ME[2000007]: @monster high_orc 10
02/02/2024 17:17:31 - U CaNNoT StoP ME[2000007]: @monster high_orc 10
02/02/2024 17:17:37 - U CaNNoT StoP ME[2000007]: @monster high_orc 10
02/02/2024 17:17:46 - U CaNNoT StoP ME[2000007]: @monster high_orc 10
02/02/2024 17:18:14 - U CaNNoT StoP ME[2000007]: @monster high_orc 10
02/02/2024 17:18:15 - U CaNNoT StoP ME[2000007]: @monster high_orc 10
02/02/2024 17:18:19 - U CaNNoT StoP ME[2000007]: @monster high_orc 10
02/02/2024 17:18:23 - U CaNNoT StoP ME[2000007]: @monster high_orc 10
02/02/2024 17:18:26 - U CaNNoT StoP ME[2000007]: @monster high_orc 10
02/02/2024 17:18:34 - U CaNNoT StoP ME[2000007]: @monster high_orc 10
02/02/2024 17:18:40 - U CaNNoT StoP ME[2000007]: @monster high_orc 10
02/02/2024 17:18:46 - U CaNNoT StoP ME[2000007]: @monster high_orc 10
02/02/2024 17:18:55 - U CaNNoT StoP ME[2000007]: @monster high_orc 10
02/02/2024 17:19:08 - U CaNNoT StoP ME[2000007]: @monster high_orc 10
02/02/2024 17:19:11 - U CaNNoT StoP ME[2000007]: @monster high_orc 10
02/02/2024 17:19:39 - U CaNNoT StoP ME[2000007]: @monster high_orc 10
02/02/2024 17:20:12 - U CaNNoT StoP ME[2000007]: @monster high_orc 10
02/02/2024 17:20:28 - U CaNNoT StoP ME[2000007]: @monster high_orc 10
02/02/2024 17:20:32 - U CaNNoT StoP ME[2000007]: @monster high_orc 10
02/02/2024 17:20:49 - U CaNNoT StoP ME[2000007]: @monster high_orc 10
02/02/2024 17:23:48 - SoLiTuDE[2000000]: @monster abyss_of_knight
02/02/2024 17:23:53 - SoLiTuDE[2000000]: @monster abyss_of_knight
02/02/2024 17:24:01 - SoLiTuDE[2000000]: @monster knight_of_abyss
02/02/2024 17:24:05 - SoLiTuDE[2000000]: @monster knight_of_abyss
02/02/2024 17:24:08 - SoLiTuDE[2000000]: @monster knight_of_abyss
02/02/2024 17:24:12 - SoLiTuDE[2000000]: @monster knight_of_abyss
02/02/2024 17:48:27 - SoLiTuDE[2000000]: @hide
02/02/2024 17:49:09 - SoLiTuDE[2000000]: @item white_potion 30
02/02/2024 17:49:15 - SoLiTuDE[2000000]: @heal
02/02/2024 17:49:59 - HooliGan-B@stard[2000005]: @hide
02/02/2024 17:51:09 - HooliGan-B@stard[2000005]: @item white_potion 30
02/02/2024 17:51:54 - DiRT_Nap[2000002]: @hide
02/02/2024 17:52:15 - DiRT_Nap[2000002]: @item white_potion 30
02/02/2024 17:52:57 - DiRT_Nap[2000002]: @item silver_arrow 10000
02/02/2024 17:57:19 - The_Killer[2000001]: @skillall
02/02/2024 17:57:41 - The_Killer[2000001]: @produce damascus 4 3
02/02/2024 17:57:48 - The_Killer[2000001]: @refine 0 10
02/02/2024 17:58:33 - The_DeViL_HiMSelF[2000003]: @skillall
02/02/2024 17:58:57 - The_Killer[2000001]: @skillall
02/02/2024 18:02:24 - U CaNNoT StoP ME[2000007]: @item white_potion 30
02/02/2024 19:58:29 - HooliGan-B@stard[2000005]: @speed 5
02/02/2024 19:58:33 - The_Killer[2000001]: @speed 5
02/02/2024 19:58:37 - U CaNNoT StoP ME[2000007]: @speed 5
02/02/2024 19:58:44 - DiRT_Nap[2000002]: @speed 5
02/02/2024 19:58:48 - The_DeViL_HiMSelF[2000003]: @speed 5
02/02/2024 19:58:52 - Hit Man![2000006]: @speed 5
02/02/2024 19:58:57 - HooliGan-B@stard[2000005]: @speed 5
02/02/2024 19:59:25 - The_DeViL_HiMSelF[2000003]: @speed 5
02/02/2024 19:59:58 - SoLiTuDE[2000000]: @speed 5
02/02/2024 23:19:26 - U CaNNoT StoP ME[2000007]: @item white_potion 100
02/02/2024 23:19:34 - U CaNNoT StoP ME[2000007]: @item blue_potion 100
02/02/2024 23:20:10 - U CaNNoT StoP ME[2000007]: @warp gef_fild14
02/02/2024 23:24:01 - The_DeViL_HiMSelF[2000003]: @skillall
02/02/2024 23:26:07 - U CaNNoT StoP ME[2000007]: @jump
02/02/2024 23:26:48 - U CaNNoT StoP ME[2000007]: @jump
02/02/2024 23:26:59 - U CaNNoT StoP ME[2000007]: @jump
02/02/2024 23:28:02 - U CaNNoT StoP ME[2000007]: @skillall
02/02/2024 23:28:29 - U CaNNoT StoP ME[2000007]: @item 656 8
02/02/2024 23:31:29 - The_DeViL_HiMSelF[2000003]: @produce 1362 4 3
02/02/2024 23:31:40 - The_DeViL_HiMSelF[2000003]: @refine 0 10
02/02/2024 23:36:01 - The_DeViL_HiMSelF[2000003]: @questskill 153
02/02/2024 23:36:23 - The_DeViL_HiMSelF[2000003]: @questskill 154
02/02/2024 23:38:32 - The_Killer[2000001]: @repairall
02/02/2024 23:39:25 - The_DeViL_HiMSelF[2000003]: @option 0 0 1024
02/02/2024 23:39:52 - The_DeViL_HiMSelF[2000003]: @item blue_potion 30
02/02/2024 23:41:43 - The_DeViL_HiMSelF[2000003]: @questskill 155
02/02/2024 23:50:16 - The_DeViL_HiMSelF[2000003]: @item berserk_potion 10
02/02/2024 23:50:51 - The_DeViL_HiMSelF[2000003]: @monster alligator 100
02/02/2024 23:53:35 - The_DeViL_HiMSelF[2000003]: @item blue_potion 100
02/02/2024 23:53:43 - The_DeViL_HiMSelF[2000003]: @item berserk_potion 10
02/02/2024 23:53:47 - The_DeViL_HiMSelF[2000003]: @monster alligator 100
02/02/2024 23:53:48 - The_DeViL_HiMSelF[2000003]: @monster alligator 100
02/02/2024 23:53:48 - The_DeViL_HiMSelF[2000003]: @monster alligator 100
02/02/2024 23:53:49 - The_DeViL_HiMSelF[2000003]: @monster alligator 100
02/02/2024 23:53:49 - The_DeViL_HiMSelF[2000003]: @monster alligator 100
02/02/2024 23:54:01 - The_DeViL_HiMSelF[2000003]: @monster sea_otter 100
02/02/2024 23:54:36 - The_DeViL_HiMSelF[2000003]: @monster 1323 5
02/02/2024 23:54:37 - The_DeViL_HiMSelF[2000003]: @monster 1323 5
02/02/2024 23:54:38 - The_DeViL_HiMSelF[2000003]: @monster 1323 5
02/02/2024 23:54:38 - The_DeViL_HiMSelF[2000003]: @monster 1323 5
02/02/2024 23:54:39 - The_DeViL_HiMSelF[2000003]: @monster 1323 5
02/02/2024 23:54:41 - The_DeViL_HiMSelF[2000003]: @monster 1323 5
02/02/2024 23:54:41 - The_DeViL_HiMSelF[2000003]: @monster 1323 5
02/02/2024 23:54:53 - The_DeViL_HiMSelF[2000003]: @monster 1323 5
02/02/2024 23:55:11 - The_DeViL_HiMSelF[2000003]: @heal
02/02/2024 23:55:15 - The_DeViL_HiMSelF[2000003]: @speed 5
02/02/2024 23:56:05 - The_DeViL_HiMSelF[2000003]: @agi 100
02/02/2024 23:56:13 - The_DeViL_HiMSelF[2000003]: @int 100
02/02/2024 23:56:15 - The_DeViL_HiMSelF[2000003]: @dex 100
02/02/2024 23:57:11 - The_DeViL_HiMSelF[2000003]: @monster alligator 100
02/02/2024 23:57:12 - The_DeViL_HiMSelF[2000003]: @monster alligator 100
02/02/2024 23:57:13 - The_DeViL_HiMSelF[2000003]: @monster alligator 100
02/02/2024 23:57:14 - The_DeViL_HiMSelF[2000003]: @monster alligator 100
02/02/2024 23:57:14 - The_DeViL_HiMSelF[2000003]: @monster alligator 100
02/02/2024 23:57:18 - The_DeViL_HiMSelF[2000003]: @monster alligator 1000
02/02/2024 23:57:28 - The_DeViL_HiMSelF[2000003]: @monster 1323
02/02/2024 23:57:31 - The_DeViL_HiMSelF[2000003]: @monster 1323
02/02/2024 23:57:35 - The_DeViL_HiMSelF[2000003]: @monster 1323
02/02/2024 23:57:39 - The_DeViL_HiMSelF[2000003]: @monster 1323
02/03/2024 00:01:44 - The_DeViL_HiMSelF[2000003]: @monster ghostring
02/03/2024 00:04:06 - The_DeViL_HiMSelF[2000003]: @questskill 459
02/03/2024 00:04:34 - The_DeViL_HiMSelF[2000003]: @questskill 459
02/03/2024 00:09:13 - The_DeViL_HiMSelF[2000003]: @skillsall
02/03/2024 00:09:37 - The_DeViL_HiMSelF[2000003]: @skillid 459
02/03/2024 00:09:49 - The_DeViL_HiMSelF[2000003]: @skillid 459
02/03/2024 00:10:14 - The_DeViL_HiMSelF[2000003]: @questskill 459
02/03/2024 00:10:28 - The_DeViL_HiMSelF[2000003]: @skilltree
02/03/2024 00:10:33 - The_DeViL_HiMSelF[2000003]: @skilltree <
02/03/2024 00:10:36 - The_DeViL_HiMSelF[2000003]: @skilltree <
02/03/2024 00:10:41 - The_DeViL_HiMSelF[2000003]: @skilltree < 459
02/03/2024 00:10:43 - The_DeViL_HiMSelF[2000003]: @skilltree < 459
02/03/2024 00:12:17 - The_DeViL_HiMSelF[2000003]: @questskill 717
02/03/2024 00:14:04 - The_DeViL_HiMSelF[2000003]: @monster alligator 1000
02/03/2024 00:14:05 - The_DeViL_HiMSelF[2000003]: @monster alligator 1000
02/03/2024 00:14:06 - The_DeViL_HiMSelF[2000003]: @monster alligator 1000
02/03/2024 00:15:19 - The_DeViL_HiMSelF[2000003]: @str 100
02/03/2024 00:15:28 - The_DeViL_HiMSelF[2000003]: @monster alligator 1000
02/03/2024 00:15:28 - The_DeViL_HiMSelF[2000003]: @monster alligator 1000
02/03/2024 00:15:36 - The_DeViL_HiMSelF[2000003]: @monster alligator 1000
02/03/2024 00:15:59 - The_DeViL_HiMSelF[2000003]: @monster 1323 5
02/03/2024 00:16:04 - The_DeViL_HiMSelF[2000003]: @monster 1323 5
02/03/2024 00:16:07 - The_DeViL_HiMSelF[2000003]: @monster 1323 5
02/03/2024 00:16:14 - The_DeViL_HiMSelF[2000003]: @heal
02/03/2024 00:16:22 - The_DeViL_HiMSelF[2000003]: @heal
02/03/2024 00:39:24 - The_DeViL_HiMSelF[2000003]: @monster 1323 5
02/03/2024 00:40:27 - U CaNNoT StoP ME[2000007]: @monster high_orc 10
02/03/2024 00:40:35 - U CaNNoT StoP ME[2000007]: @monster high_orc 10
02/03/2024 00:41:00 - U CaNNoT StoP ME[2000007]: @monster high_orc 10
02/03/2024 00:41:13 - U CaNNoT StoP ME[2000007]: @monster high_orc 10
02/03/2024 00:41:19 - U CaNNoT StoP ME[2000007]: @monster high_orc 10
02/03/2024 00:41:29 - U CaNNoT StoP ME[2000007]: @monster high_orc 10
02/03/2024 00:41:30 - U CaNNoT StoP ME[2000007]: @monster high_orc 10
02/03/2024 00:41:30 - U CaNNoT StoP ME[2000007]: @monster high_orc 10
02/03/2024 00:41:40 - U CaNNoT StoP ME[2000007]: @monster high_orc 10
02/03/2024 00:41:42 - U CaNNoT StoP ME[2000007]: @monster high_orc 10
02/03/2024 00:41:50 - U CaNNoT StoP ME[2000007]: @monster high_orc 10
02/03/2024 00:42:47 - U CaNNoT StoP ME[2000007]: @monster high_orc 10
02/03/2024 00:42:55 - U CaNNoT StoP ME[2000007]: @heal
02/03/2024 00:42:59 - U CaNNoT StoP ME[2000007]: @heal
02/03/2024 00:43:04 - U CaNNoT StoP ME[2000007]: @heal
02/03/2024 00:43:09 - U CaNNoT StoP ME[2000007]: @heal
02/03/2024 00:43:11 - U CaNNoT StoP ME[2000007]: @heal
02/03/2024 00:43:19 - U CaNNoT StoP ME[2000007]: @heal
02/03/2024 00:43:24 - U CaNNoT StoP ME[2000007]: @heal
02/03/2024 00:43:31 - The_DeViL_HiMSelF[2000003]: @monster alligator 1000
02/03/2024 00:43:31 - The_DeViL_HiMSelF[2000003]: @monster alligator 1000
02/03/2024 00:43:32 - The_DeViL_HiMSelF[2000003]: @monster alligator 1000
02/03/2024 00:43:33 - The_DeViL_HiMSelF[2000003]: @monster alligator 1000
02/03/2024 00:43:34 - The_DeViL_HiMSelF[2000003]: @monster alligator 1000
02/03/2024 00:43:34 - The_DeViL_HiMSelF[2000003]: @monster alligator 1000
02/03/2024 00:43:35 - The_DeViL_HiMSelF[2000003]: @monster alligator 1000
02/03/2024 00:44:00 - U CaNNoT StoP ME[2000007]: @jump
02/03/2024 00:44:02 - U CaNNoT StoP ME[2000007]: @heal
02/03/2024 00:44:21 - U CaNNoT StoP ME[2000007]: @item white_potion 100
02/03/2024 00:44:41 - U CaNNoT StoP ME[2000007]: @jump
02/03/2024 00:45:00 - U CaNNoT StoP ME[2000007]: @jump
02/03/2024 00:45:04 - U CaNNoT StoP ME[2000007]: @jump
02/03/2024 00:45:23 - U CaNNoT StoP ME[2000007]: @jump
02/03/2024 00:46:04 - U CaNNoT StoP ME[2000007]: @heal
02/03/2024 00:46:11 - The_DeViL_HiMSelF[2000003]: @monster alligator 1000
02/03/2024 00:46:12 - The_DeViL_HiMSelF[2000003]: @monster alligator 1000
02/03/2024 00:46:12 - The_DeViL_HiMSelF[2000003]: @monster alligator 1000
02/03/2024 00:51:44 - The_DeViL_HiMSelF[2000003]: @heal
02/03/2024 00:52:10 - The_DeViL_HiMSelF[2000003]: @monster alligator 10000
02/03/2024 00:52:11 - The_DeViL_HiMSelF[2000003]: @monster alligator 10000
02/03/2024 00:52:12 - The_DeViL_HiMSelF[2000003]: @monster alligator 10000
02/03/2024 00:52:12 - The_DeViL_HiMSelF[2000003]: @monster alligator 10000
02/03/2024 00:52:13 - The_DeViL_HiMSelF[2000003]: @monster alligator 10000
02/03/2024 00:52:13 - The_DeViL_HiMSelF[2000003]: @monster alligator 10000
02/03/2024 00:52:13 - The_DeViL_HiMSelF[2000003]: @monster alligator 10000
02/03/2024 00:52:15 - The_DeViL_HiMSelF[2000003]: @heal
02/03/2024 00:54:30 - The_Killer[2000001]: @heal
02/03/2024 00:54:46 - The_Killer[2000001]: @hide
02/03/2024 00:54:51 - The_Killer[2000001]: @monster alligator 1000
02/03/2024 00:54:52 - The_Killer[2000001]: @monster alligator 1000
02/03/2024 00:54:52 - The_Killer[2000001]: @monster alligator 1000
02/03/2024 00:54:53 - The_Killer[2000001]: @monster alligator 1000
02/03/2024 00:54:53 - The_Killer[2000001]: @monster alligator 1000
02/03/2024 00:54:53 - The_Killer[2000001]: @monster alligator 1000
02/03/2024 00:54:54 - The_Killer[2000001]: @monster alligator 1000
02/03/2024 00:55:32 - Hit Man![2000006]: @hide
02/03/2024 00:56:21 - Hit Man![2000006]: @heal
02/03/2024 00:57:03 - HooliGan-B@stard[2000005]: @hide
02/03/2024 00:58:04 - SoLiTuDE[2000000]: @hide
02/03/2024 00:58:07 - SoLiTuDE[2000000]: @heal
02/03/2024 00:58:58 - SoLiTuDE[2000000]: @item blue_potion 50
02/03/2024 00:59:39 - U CaNNoT StoP ME[2000007]: @hide
02/03/2024 01:00:05 - U CaNNoT StoP ME[2000007]: @item white_potion 50
02/03/2024 01:00:07 - U CaNNoT StoP ME[2000007]: @heal
02/03/2024 01:00:39 - DiRT_Nap[2000002]: @hide
02/03/2024 01:01:24 - DiRT_Nap[2000002]: @item white_potion 50
02/03/2024 01:01:30 - DiRT_Nap[2000002]: @heal
02/03/2024 01:01:38 - DiRT_Nap[2000002]: @item silver_arrow 3000
02/03/2024 01:02:10 - Dark_Fire[2000004]: @hide
02/03/2024 01:02:43 - Dark_Fire[2000004]: @heal
02/03/2024 01:03:00 - The_DeViL_HiMSelF[2000003]: @monster alligator 10000
02/03/2024 01:03:01 - The_DeViL_HiMSelF[2000003]: @monster alligator 10000
02/03/2024 01:03:01 - The_DeViL_HiMSelF[2000003]: @monster alligator 10000
02/03/2024 01:04:39 - U CaNNoT StoP ME[2000007]: @speed 5
02/03/2024 01:04:43 - HooliGan-B@stard[2000005]: @speed 5
02/03/2024 01:04:46 - SoLiTuDE[2000000]: @speed 5
02/03/2024 01:04:51 - Hit Man![2000006]: @speed 5
02/03/2024 01:04:56 - Dark_Fire[2000004]: @speed 5
02/03/2024 01:05:11 - DiRT_Nap[2000002]: @speed 5
02/03/2024 01:05:20 - The_DeViL_HiMSelF[2000003]: @speed 5
02/03/2024 01:05:31 - The_DeViL_HiMSelF[2000003]: @monster alligator 10000
02/03/2024 01:05:32 - The_DeViL_HiMSelF[2000003]: @monster alligator 10000
02/03/2024 01:05:32 - The_DeViL_HiMSelF[2000003]: @monster alligator 10000
02/03/2024 01:05:33 - The_DeViL_HiMSelF[2000003]: @monster alligator 10000
02/03/2024 01:05:33 - The_DeViL_HiMSelF[2000003]: @monster alligator 10000
02/03/2024 01:06:38 - The_DeViL_HiMSelF[2000003]: @monster alligator 10000
02/03/2024 01:06:51 - U CaNNoT StoP ME[2000007]: @heal
02/03/2024 01:06:54 - U CaNNoT StoP ME[2000007]: @heal
02/03/2024 01:06:59 - U CaNNoT StoP ME[2000007]: @heal
02/03/2024 01:30:23 - U CaNNoT StoP ME[2000007]: @item white_potion 50
02/03/2024 01:30:39 - U CaNNoT StoP ME[2000007]: @item blue_potion 50
02/03/2024 01:31:36 - The_DeViL_HiMSelF[2000003]: @monster alligator 10000
02/03/2024 01:31:36 - The_DeViL_HiMSelF[2000003]: @monster alligator 10000
02/03/2024 01:31:39 - The_DeViL_HiMSelF[2000003]: @monster alligator 10000
02/03/2024 01:31:41 - The_DeViL_HiMSelF[2000003]: @monster alligator 10000
02/03/2024 01:32:02 - The_DeViL_HiMSelF[2000003]: @monster raydric 5
02/03/2024 01:32:24 - The_DeViL_HiMSelF[2000003]: @monster alligator 10000
02/03/2024 01:32:25 - The_DeViL_HiMSelF[2000003]: @monster alligator 10000
02/03/2024 01:32:26 - The_DeViL_HiMSelF[2000003]: @monster alligator 10000
02/03/2024 01:36:11 - The_DeViL_HiMSelF[2000003]: @monster alligator 10000
02/03/2024 01:36:12 - The_DeViL_HiMSelF[2000003]: @monster alligator 10000
02/03/2024 01:36:12 - The_DeViL_HiMSelF[2000003]: @monster alligator 10000
02/03/2024 01:36:13 - The_DeViL_HiMSelF[2000003]: @monster alligator 10000
02/03/2024 01:36:14 - The_DeViL_HiMSelF[2000003]: @monster alligator 10000
02/03/2024 01:36:15 - The_DeViL_HiMSelF[2000003]: @monster alligator 10000
02/03/2024 01:36:15 - The_DeViL_HiMSelF[2000003]: @monster alligator 10000
02/03/2024 01:36:16 - The_DeViL_HiMSelF[2000003]: @monster alligator 10000
02/03/2024 01:36:45 - Hit Man![2000006]: @monster Knight of Abyss 2
02/03/2024 01:36:49 - Hit Man![2000006]: @monster Knight of Abyss 2
02/03/2024 01:37:02 - Hit Man![2000006]: @monster Knight_of_Abyss 2
02/03/2024 01:37:07 - Hit Man![2000006]: @monster Knight of Abyss 2
02/03/2024 01:37:09 - Hit Man![2000006]: @monster Knight of Abyss 2
02/03/2024 01:37:15 - Hit Man![2000006]: @monster Knight of Abyss 2
02/03/2024 01:37:17 - Hit Man![2000006]: @monster Knight of Abyss 2
02/03/2024 01:37:21 - Hit Man![2000006]: @monster Knight_of_Abyss 2
02/03/2024 01:37:23 - Hit Man![2000006]: @monster Knight_of_Abyss 2
02/03/2024 01:37:27 - Hit Man![2000006]: @monster Knight_of_Abyss 2
02/03/2024 01:37:28 - Hit Man![2000006]: @monster Knight_of_Abyss 2
02/03/2024 01:38:50 - Dark_Fire[2000004]: @monster Knight_of_Abyss 2
02/03/2024 01:38:53 - Dark_Fire[2000004]: @monster Knight_of_Abyss 2
02/03/2024 01:38:58 - Dark_Fire[2000004]: @monster Knight_of_Abyss 2
02/03/2024 01:39:00 - Dark_Fire[2000004]: @monster Knight_of_Abyss 2
02/03/2024 01:39:15 - SoLiTuDE[2000000]: @monster Knight_of_Abyss 2
02/03/2024 01:39:19 - SoLiTuDE[2000000]: @monster Knight_of_Abyss 2
02/03/2024 01:39:31 - SoLiTuDE[2000000]: @heal
02/03/2024 01:39:44 - SoLiTuDE[2000000]: @monster Knight_of_Abyss 2
02/03/2024 01:40:29 - HooliGan-B@stard[2000005]: @monster Knight_of_Abyss 2
02/03/2024 01:40:45 - HooliGan-B@stard[2000005]: @monster Knight_of_Abyss 2
02/03/2024 01:40:46 - HooliGan-B@stard[2000005]: @monster Knight_of_Abyss 2
02/03/2024 01:40:59 - HooliGan-B@stard[2000005]: @monster Knight_of_Abyss 2
02/03/2024 01:41:14 - The_DeViL_HiMSelF[2000003]: @monster alligator 10000
02/03/2024 01:41:17 - The_DeViL_HiMSelF[2000003]: @monster alligator 10000
02/03/2024 01:41:19 - The_DeViL_HiMSelF[2000003]: @monster alligator 10000
02/03/2024 01:41:21 - The_DeViL_HiMSelF[2000003]: @monster alligator 10000
02/03/2024 11:44:28 - The_Killer[2000001]: @item red_gemstone 2
02/03/2024 11:44:36 - The_Killer[2000001]: @item red_gemstone 2
02/03/2024 11:44:46 - The_Killer[2000001]: @item red_gemstone 2
02/03/2024 11:48:35 - The_Killer[2000001]: @warp tur_dun02
02/03/2024 11:49:25 - The_Killer[2000001]: @warp tur_dun03
02/03/2024 11:50:05 - The_Killer[2000001]: @warp prontera
02/03/2024 11:51:04 - The_Killer[2000001]: @storeall
02/03/2024 11:51:24 - The_Killer[2000001]: @zeny 100000
02/03/2024 11:51:28 - The_Killer[2000001]: @zeny 100000
02/03/2024 11:51:31 - The_Killer[2000001]: @zeny 1000000
02/03/2024 11:52:26 - The_Killer[2000001]: @warp yuno
02/03/2024 11:52:47 - The_Killer[2000001]: @item berserk_potion
02/03/2024 11:53:00 - The_Killer[2000001]: @zeny -500000
02/03/2024 11:53:11 - The_Killer[2000001]: @zeny 14000
02/03/2024 11:53:18 - The_Killer[2000001]: @zeny -180
02/03/2024 11:53:33 - The_Killer[2000001]: @jump
02/03/2024 11:53:34 - The_Killer[2000001]: @jump
02/03/2024 11:53:36 - The_Killer[2000001]: @jump
02/03/2024 11:53:42 - The_Killer[2000001]: @speed 5
02/03/2024 11:53:55 - The_Killer[2000001]: @jump
02/03/2024 11:53:57 - The_Killer[2000001]: @jump
02/03/2024 11:53:58 - The_Killer[2000001]: @jump
02/03/2024 11:53:59 - The_Killer[2000001]: @jump
02/03/2024 11:54:00 - The_Killer[2000001]: @jump
02/03/2024 11:54:01 - The_Killer[2000001]: @jump
02/03/2024 11:54:02 - The_Killer[2000001]: @jump
02/03/2024 11:54:03 - The_Killer[2000001]: @jump
02/03/2024 11:54:04 - The_Killer[2000001]: @jump
02/03/2024 11:54:05 - The_Killer[2000001]: @jump
02/03/2024 11:54:06 - The_Killer[2000001]: @jump
02/03/2024 11:54:07 - The_Killer[2000001]: @jump
02/03/2024 11:54:08 - The_Killer[2000001]: @jump
02/03/2024 11:54:10 - The_Killer[2000001]: @jump
02/03/2024 11:54:11 - The_Killer[2000001]: @jump
02/03/2024 12:00:19 - The_Killer[2000001]: @jobchange 18
02/03/2024 12:00:43 - The_Killer[2000001]: @jobchange 4019
02/03/2024 12:01:14 - The_Killer[2000001]: @jobchange 12
02/03/2024 12:01:27 - The_Killer[2000001]: @jobchange 4001
02/03/2024 12:01:45 - The_Killer[2000001]: @jobchange 12
02/03/2024 12:01:51 - The_Killer[2000001]: @heal
02/03/2024 12:02:20 - The_Killer[2000001]: @speed 2
02/03/2024 12:11:18 - The_Killer[2000001]: @jobchange 4001
02/03/2024 12:12:11 - The_Killer[2000001]: @streset
02/03/2024 12:12:52 - The_Killer[2000001]: @reloaditemdb
02/03/2024 12:14:01 - The_Killer[2000001]: @blevel -98
02/03/2024 12:14:12 - The_Killer[2000001]: @warp prontera
02/03/2024 12:14:24 - The_Killer[2000001]: @str 100
02/03/2024 12:14:28 - The_Killer[2000001]: @dex 100
02/03/2024 12:14:31 - The_Killer[2000001]: @agi 100
02/03/2024 12:14:37 - The_Killer[2000001]: @vit 100
02/03/2024 12:14:39 - The_Killer[2000001]: @item knife
02/03/2024 12:14:45 - The_Killer[2000001]: @monster poporing
02/03/2024 12:14:49 - The_Killer[2000001]: @monster poporing
02/03/2024 12:14:52 - The_Killer[2000001]: @monster poporing
02/03/2024 12:14:53 - The_Killer[2000001]: @monster poporing
02/03/2024 12:14:57 - The_Killer[2000001]: @monster poporing
02/03/2024 12:14:58 - The_Killer[2000001]: @monster poporing
02/03/2024 12:15:11 - The_Killer[2000001]: @skpoint -9
02/03/2024 12:15:20 - The_Killer[2000001]: @jobchange 4007
02/03/2024 12:15:23 - The_Killer[2000001]: @monster poporing
02/03/2024 12:15:26 - The_Killer[2000001]: @monster poporing
02/03/2024 12:15:27 - The_Killer[2000001]: @monster poporing
02/03/2024 12:15:31 - The_Killer[2000001]: @monster poporing
02/03/2024 12:15:33 - The_Killer[2000001]: @monster poporing
02/03/2024 12:15:36 - The_Killer[2000001]: @monster poporing
02/03/2024 12:15:38 - The_Killer[2000001]: @monster poporing
02/03/2024 12:15:40 - The_Killer[2000001]: @monster poporing
02/03/2024 12:15:42 - The_Killer[2000001]: @monster poporing
02/03/2024 12:15:44 - The_Killer[2000001]: @monster poporing
02/03/2024 12:15:46 - The_Killer[2000001]: @monster poporing
02/03/2024 12:15:48 - The_Killer[2000001]: @monster poporing
02/03/2024 12:15:50 - The_Killer[2000001]: @monster poporing
02/03/2024 12:15:51 - The_Killer[2000001]: @monster poporing
02/03/2024 12:15:54 - The_Killer[2000001]: @monster poporing
02/03/2024 12:15:56 - The_Killer[2000001]: @monster poporing
02/03/2024 12:16:36 - The_Killer[2000001]: @monster mer
02/03/2024 12:17:29 - The_Killer[2000001]: @monster merman
02/03/2024 12:17:32 - The_Killer[2000001]: @monster merman
02/03/2024 12:17:35 - The_Killer[2000001]: @monster merman
02/03/2024 12:17:38 - The_Killer[2000001]: @monster merman
02/03/2024 12:17:40 - The_Killer[2000001]: @monster merman
02/03/2024 12:17:43 - The_Killer[2000001]: @monster merman
02/03/2024 12:17:45 - The_Killer[2000001]: @monster merman
02/03/2024 12:17:47 - The_Killer[2000001]: @monster merman
02/03/2024 12:17:54 - The_Killer[2000001]: @monster raydric
02/03/2024 12:17:57 - The_Killer[2000001]: @monster raydric
02/03/2024 12:17:58 - The_Killer[2000001]: @monster raydric
02/03/2024 12:18:00 - The_Killer[2000001]: @monster raydric
02/03/2024 12:18:02 - The_Killer[2000001]: @monster raydric
02/03/2024 12:18:04 - The_Killer[2000001]: @monster raydric
02/03/2024 12:18:06 - The_Killer[2000001]: @monster raydric
02/03/2024 12:18:08 - The_Killer[2000001]: @monster raydric
02/03/2024 12:18:10 - The_Killer[2000001]: @monster raydric
02/03/2024 12:18:13 - The_Killer[2000001]: @monster raydric
02/03/2024 12:18:15 - The_Killer[2000001]: @monster raydric
02/03/2024 12:18:22 - The_Killer[2000001]: @monster raydric
02/03/2024 12:18:25 - The_Killer[2000001]: @monster raydric
02/03/2024 12:18:29 - The_Killer[2000001]: @monster raydric
02/03/2024 12:18:31 - The_Killer[2000001]: @monster raydric
02/03/2024 12:18:34 - The_Killer[2000001]: @monster raydric
02/03/2024 12:18:36 - The_Killer[2000001]: @monster raydric
02/03/2024 12:18:37 - The_Killer[2000001]: @monster raydric
02/03/2024 12:18:38 - The_Killer[2000001]: @monster raydric
02/03/2024 12:18:42 - The_Killer[2000001]: @monster raydric
02/03/2024 12:18:44 - The_Killer[2000001]: @monster raydric
02/03/2024 12:18:45 - The_Killer[2000001]: @monster raydric
02/03/2024 12:18:47 - The_Killer[2000001]: @monster raydric
02/03/2024 12:18:49 - The_Killer[2000001]: @monster raydric
02/03/2024 12:18:51 - The_Killer[2000001]: @monster raydric
02/03/2024 12:18:54 - The_Killer[2000001]: @monster raydric
02/03/2024 12:18:55 - The_Killer[2000001]: @monster raydric
02/03/2024 12:18:58 - The_Killer[2000001]: @monster raydric
02/03/2024 12:19:00 - The_Killer[2000001]: @monster raydric
02/03/2024 12:19:02 - The_Killer[2000001]: @monster raydric
02/03/2024 12:19:04 - The_Killer[2000001]: @monster raydric
02/03/2024 12:19:05 - The_Killer[2000001]: @monster raydric
02/03/2024 12:19:08 - The_Killer[2000001]: @monster raydric
02/03/2024 12:19:09 - The_Killer[2000001]: @monster raydric
02/03/2024 12:19:12 - The_Killer[2000001]: @monster raydric
02/03/2024 12:19:14 - The_Killer[2000001]: @monster raydric
02/03/2024 12:19:16 - The_Killer[2000001]: @monster raydric
02/03/2024 12:19:18 - The_Killer[2000001]: @monster raydric
02/03/2024 12:19:21 - The_Killer[2000001]: @monster raydric
02/03/2024 12:19:23 - The_Killer[2000001]: @monster raydric
02/03/2024 12:19:25 - The_Killer[2000001]: @monster raydric
02/03/2024 12:19:26 - The_Killer[2000001]: @monster raydric
02/03/2024 12:19:28 - The_Killer[2000001]: @monster raydric
02/03/2024 12:19:31 - The_Killer[2000001]: @monster raydric
02/03/2024 12:19:32 - The_Killer[2000001]: @monster raydric
02/03/2024 12:19:34 - The_Killer[2000001]: @monster raydric
02/03/2024 12:19:36 - The_Killer[2000001]: @monster raydric
02/03/2024 12:19:38 - The_Killer[2000001]: @monster raydric
02/03/2024 12:19:40 - The_Killer[2000001]: @monster raydric
02/03/2024 12:19:41 - The_Killer[2000001]: @monster raydric
02/03/2024 12:19:44 - The_Killer[2000001]: @monster raydric
02/03/2024 12:19:45 - The_Killer[2000001]: @monster raydric
02/03/2024 12:19:47 - The_Killer[2000001]: @monster raydric
02/03/2024 12:19:49 - The_Killer[2000001]: @monster raydric
02/03/2024 12:19:51 - The_Killer[2000001]: @monster raydric
02/03/2024 12:19:53 - The_Killer[2000001]: @monster raydric
02/03/2024 12:19:55 - The_Killer[2000001]: @monster raydric
02/03/2024 12:19:55 - The_Killer[2000001]: @monster raydric
02/03/2024 12:19:55 - The_Killer[2000001]: @monster raydric
02/03/2024 12:19:59 - The_Killer[2000001]: @monster raydric
02/03/2024 12:20:02 - The_Killer[2000001]: @monster raydric
02/03/2024 12:20:03 - The_Killer[2000001]: @monster raydric
02/03/2024 12:20:05 - The_Killer[2000001]: @monster raydric
02/03/2024 12:20:08 - The_Killer[2000001]: @monster raydric
02/03/2024 12:20:10 - The_Killer[2000001]: @monster raydric
02/03/2024 12:20:12 - The_Killer[2000001]: @monster raydric
02/03/2024 12:20:14 - The_Killer[2000001]: @monster raydric
02/03/2024 12:20:16 - The_Killer[2000001]: @monster raydric
02/03/2024 12:20:19 - The_Killer[2000001]: @monster raydric
02/03/2024 12:20:22 - The_Killer[2000001]: @monster raydric
02/03/2024 12:20:25 - The_Killer[2000001]: @monster raydric
02/03/2024 12:20:27 - The_Killer[2000001]: @monster raydric
02/03/2024 12:20:28 - The_Killer[2000001]: @monster raydric
02/03/2024 12:20:30 - The_Killer[2000001]: @monster raydric
02/03/2024 12:20:30 - The_Killer[2000001]: @monster raydric
02/03/2024 12:20:33 - The_Killer[2000001]: @monster raydric
02/03/2024 12:20:36 - The_Killer[2000001]: @monster raydric
02/03/2024 12:20:37 - The_Killer[2000001]: @monster raydric
02/03/2024 12:20:39 - The_Killer[2000001]: @monster raydric
02/03/2024 12:20:47 - The_Killer[2000001]: @monster poporing 2000
02/03/2024 12:20:49 - The_Killer[2000001]: @monster raydric
02/03/2024 12:20:53 - The_Killer[2000001]: @monster raydric
02/03/2024 12:20:58 - The_Killer[2000001]: @monster raydric
02/03/2024 12:21:00 - The_Killer[2000001]: @monster raydric
02/03/2024 12:21:02 - The_Killer[2000001]: @monster raydric
02/03/2024 12:21:03 - The_Killer[2000001]: @monster raydric
02/03/2024 12:21:05 - The_Killer[2000001]: @monster raydric
02/03/2024 12:21:08 - The_Killer[2000001]: @monster raydric
02/03/2024 12:21:11 - The_Killer[2000001]: @monster raydric
02/03/2024 12:21:12 - The_Killer[2000001]: @monster raydric
02/03/2024 12:21:16 - The_Killer[2000001]: @monster raydric
02/03/2024 12:21:20 - The_Killer[2000001]: @monster raydric
02/03/2024 12:21:21 - The_Killer[2000001]: @monster raydric
02/03/2024 12:21:31 - The_Killer[2000001]: @skpoint -49
02/03/2024 12:21:52 - The_Killer[2000001]: @jobchange 4013
02/03/2024 12:22:59 - The_Killer[2000001]: @produce damascus 3 3
02/03/2024 12:23:09 - The_Killer[2000001]: @refine 0 10
02/03/2024 12:23:20 - The_Killer[2000001]: @refine 0 10
02/03/2024 12:23:31 - The_Killer[2000001]: @heal
02/03/2024 12:23:36 - The_Killer[2000001]: @warp gl_cas02
02/03/2024 12:24:05 - The_Killer[2000001]: @speed 5
02/03/2024 12:24:07 - The_Killer[2000001]: @jump
02/03/2024 12:24:29 - The_Killer[2000001]: @agi 100
02/03/2024 12:24:36 - The_Killer[2000001]: @str 50
02/03/2024 12:24:54 - The_Killer[2000001]: @item white_potion 30
02/03/2024 12:25:04 - The_Killer[2000001]: @item 656 10
02/03/2024 12:27:18 - Hit Man![2000006]: @hide
02/03/2024 12:28:46 - Hit Man![2000006]: @jobchange 4001
02/03/2024 12:28:56 - Hit Man![2000006]: @blevel -98
02/03/2024 12:29:02 - Hit Man![2000006]: @item knife
02/03/2024 12:29:27 - Hit Man![2000006]: @item knife
02/03/2024 12:29:54 - Hit Man![2000006]: @str 150
02/03/2024 12:29:58 - Hit Man![2000006]: @agi 150
02/03/2024 12:30:01 - Hit Man![2000006]: @dex 100
02/03/2024 12:30:03 - Hit Man![2000006]: @vit 100
02/03/2024 12:30:05 - Hit Man![2000006]: @luk 50
02/03/2024 12:30:14 - Hit Man![2000006]: @monster poporing
02/03/2024 12:30:31 - Hit Man![2000006]: @jobchange 4007
02/03/2024 12:30:44 - Hit Man![2000006]: @monster poporing
02/03/2024 12:30:46 - Hit Man![2000006]: @monster poporing
02/03/2024 12:30:47 - Hit Man![2000006]: @monster poporing
02/03/2024 12:30:49 - Hit Man![2000006]: @monster poporing
02/03/2024 12:30:54 - Hit Man![2000006]: @monster poporing
02/03/2024 12:30:55 - Hit Man![2000006]: @monster poporing
02/03/2024 12:30:58 - Hit Man![2000006]: @monster poporing
02/03/2024 12:31:00 - Hit Man![2000006]: @monster poporing
02/03/2024 12:31:02 - Hit Man![2000006]: @monster poporing
02/03/2024 12:31:04 - Hit Man![2000006]: @monster poporing
02/03/2024 12:31:53 - Hit Man![2000006]: @monster raydrc
02/03/2024 12:31:57 - Hit Man![2000006]: @monster raydric
02/03/2024 12:32:21 - Hit Man![2000006]: @monster raydric
02/03/2024 12:33:30 - The_Killer[2000001]: @heal
02/03/2024 12:33:45 - The_Killer[2000001]: @heal
02/03/2024 12:33:53 - The_Killer[2000001]: @warp gl_cas02
02/03/2024 12:33:58 - The_Killer[2000001]: @item white_potion 100
02/03/2024 12:34:02 - The_Killer[2000001]: @item blue_potion 100
02/03/2024 12:35:00 - The_Killer[2000001]: @str 50
02/03/2024 12:35:03 - The_Killer[2000001]: @agi 50
02/03/2024 12:41:50 - Hit Man![2000006]: @hide
02/03/2024 12:41:56 - Hit Man![2000006]: @item knife
02/03/2024 12:42:18 - Hit Man![2000006]: @jump
02/03/2024 12:42:20 - Hit Man![2000006]: @jump
02/03/2024 12:43:13 - Hit Man![2000006]: @monster raydric 10
02/03/2024 12:43:25 - Hit Man![2000006]: @monster raydric 10
02/03/2024 12:43:54 - Hit Man![2000006]: @monster raydric 10
02/03/2024 12:44:30 - Hit Man![2000006]: @jobchange 17
02/03/2024 12:44:46 - Hit Man![2000006]: @skillall
02/03/2024 12:45:08 - Hit Man![2000006]: @hide
02/03/2024 12:45:15 - Hit Man![2000006]: @jobchange 4013
02/03/2024 12:45:18 - Hit Man![2000006]: @allskill
02/03/2024 12:46:16 - Hit Man![2000006]: @skpoint -18
02/03/2024 12:46:40 - Hit Man![2000006]: @hide
02/03/2024 12:48:03 - Hit Man![2000006]: @monster raydric 20
02/03/2024 12:48:22 - The_Killer[2000001]: @item white_potion 100
02/03/2024 12:48:27 - The_Killer[2000001]: @warp gl_cas02
02/03/2024 12:51:35 - Hit Man![2000006]: @str 100
02/03/2024 12:51:44 - Hit Man![2000006]: @agi 100
02/03/2024 12:52:12 - HooliGan-B@stard[2000005]: @hide
02/03/2024 12:53:41 - The_Killer[2000001]: @item 656 1
02/03/2024 12:53:56 - Hit Man![2000006]: @item 656
02/03/2024 12:54:12 - HooliGan-B@stard[2000005]: @item berserk_potion
02/03/2024 12:54:17 - HooliGan-B@stard[2000005]: @item berserk_potion 10
02/03/2024 12:54:59 - SoLiTuDE[2000000]: @hide
02/03/2024 12:55:47 - SoLiTuDE[2000000]: @item blue_potion 50
02/03/2024 12:55:53 - SoLiTuDE[2000000]: @item white_potion 50
02/03/2024 12:56:03 - SoLiTuDE[2000000]: @warp gl_cas02
02/03/2024 12:56:08 - SoLiTuDE[2000000]: @heal
02/03/2024 12:57:17 - The_DeViL_HiMSelF[2000003]: @item berserk_potion 20
02/03/2024 12:58:15 - U CaNNoT StoP ME[2000007]: @heal
02/03/2024 12:58:23 - U CaNNoT StoP ME[2000007]: @hide
02/03/2024 12:58:50 - U CaNNoT StoP ME[2000007]: @warp gef_fild14
02/03/2024 12:59:03 - U CaNNoT StoP ME[2000007]: @item white_potion 100'
02/03/2024 12:59:07 - U CaNNoT StoP ME[2000007]: @item blue_potion 100
02/03/2024 12:59:53 - Dark_Fire[2000004]: @hide
02/03/2024 13:00:29 - Dark_Fire[2000004]: @item white_potion 100
02/03/2024 13:00:35 - Dark_Fire[2000004]: @item blue_potion 100
02/03/2024 13:01:27 - Dark_Fire[2000004]: @heal
02/03/2024 13:01:33 - Dark_Fire[2000004]: @warp gl_prison
02/03/2024 13:02:26 - DiRT_Nap[2000002]: @hide
02/03/2024 13:03:08 - DiRT_Nap[2000002]: @item white_potion 00
02/03/2024 13:03:10 - DiRT_Nap[2000002]: @item white_potion 100
02/03/2024 13:03:16 - DiRT_Nap[2000002]: @item blue_potion 100
02/03/2024 13:03:21 - DiRT_Nap[2000002]: @item silver_arrow 30000
02/03/2024 13:03:28 - DiRT_Nap[2000002]: @heal
02/03/2024 13:03:35 - DiRT_Nap[2000002]: @warp gl_prison
02/03/2024 13:04:15 - SoLiTuDE[2000000]: @speed 5
02/03/2024 13:04:19 - U CaNNoT StoP ME[2000007]: @speed 5
02/03/2024 13:04:22 - The_Killer[2000001]: @speed 5
02/03/2024 13:04:26 - The_Killer[2000001]: @heal
02/03/2024 13:04:29 - SoLiTuDE[2000000]: @heal
02/03/2024 13:04:34 - Hit Man![2000006]: @heal
02/03/2024 13:04:40 - Hit Man![2000006]: @speed 5
02/03/2024 13:04:50 - DiRT_Nap[2000002]: @speed 5
02/03/2024 13:04:55 - The_DeViL_HiMSelF[2000003]: @speed 5
02/03/2024 13:05:08 - Dark_Fire[2000004]: @speed 5
02/03/2024 13:05:16 - The_DeViL_HiMSelF[2000003]: @speed 5
02/03/2024 13:05:50 - The_DeViL_HiMSelF[2000003]: @monster alligator 10000
02/03/2024 13:05:51 - The_DeViL_HiMSelF[2000003]: @monster alligator 10000
02/03/2024 13:05:51 - The_DeViL_HiMSelF[2000003]: @monster alligator 10000
02/03/2024 13:05:52 - The_DeViL_HiMSelF[2000003]: @monster alligator 10000
02/03/2024 13:05:52 - The_DeViL_HiMSelF[2000003]: @monster alligator 10000
02/03/2024 13:05:53 - The_DeViL_HiMSelF[2000003]: @monster alligator 10000
02/03/2024 13:05:53 - The_DeViL_HiMSelF[2000003]: @monster alligator 10000
02/03/2024 13:05:54 - The_DeViL_HiMSelF[2000003]: @monster alligator 10000
02/03/2024 17:35:32 - The_DeViL_HiMSelF[2000003]: @heal
02/03/2024 17:39:00 - SoLiTuDE[2000000]: @item blue_potion 50
02/03/2024 17:39:04 - SoLiTuDE[2000000]: @item white_potion 30
02/03/2024 17:39:07 - SoLiTuDE[2000000]: @heal
02/03/2024 17:39:12 - SoLiTuDE[2000000]: @warp gl_cas02
02/03/2024 17:40:27 - The_Killer[2000001]: @repairall
02/03/2024 17:40:38 - The_Killer[2000001]: @heal
02/03/2024 17:40:44 - The_Killer[2000001]: @item white_potion 50
02/03/2024 17:41:20 - The_Killer[2000001]: @item berserk_potion 10
02/03/2024 17:41:37 - The_Killer[2000001]: @skillall
02/03/2024 17:41:46 - The_Killer[2000001]: @warp gl_cas02
02/03/2024 17:43:38 - U CaNNoT StoP ME[2000007]: @hide
02/03/2024 17:44:05 - U CaNNoT StoP ME[2000007]: @agi 200
02/03/2024 17:44:14 - U CaNNoT StoP ME[2000007]: @dex 50
02/03/2024 17:44:31 - U CaNNoT StoP ME[2000007]: @stpoint 0
02/03/2024 17:46:08 - U CaNNoT StoP ME[2000007]: @item bersek_potion 10
02/03/2024 17:46:15 - U CaNNoT StoP ME[2000007]: @item white_potion 50
02/03/2024 17:46:20 - U CaNNoT StoP ME[2000007]: @item blue_potion 50
02/03/2024 17:46:21 - U CaNNoT StoP ME[2000007]: @heal
02/03/2024 17:46:26 - U CaNNoT StoP ME[2000007]: @warp gef_fild14
02/03/2024 17:54:54 - The_DeViL_HiMSelF[2000003]: @produce 1362 1 3
02/03/2024 17:55:09 - The_DeViL_HiMSelF[2000003]: @produce 1362 2 3
02/03/2024 17:55:30 - The_DeViL_HiMSelF[2000003]: @refine 0 10
02/03/2024 17:57:03 - The_DeViL_HiMSelF[2000003]: @heal
02/03/2024 17:57:11 - The_DeViL_HiMSelF[2000003]: @warp gl_cas02
02/03/2024 17:57:35 - The_DeViL_HiMSelF[2000003]: @item blue_potion 30
02/03/2024 18:00:39 - SoLiTuDE[2000000]: @monster raydric 10
02/03/2024 18:00:49 - The_DeViL_HiMSelF[2000003]: @monster raydric 10
02/03/2024 18:01:22 - SoLiTuDE[2000000]: @speed 5
02/03/2024 18:01:25 - The_DeViL_HiMSelF[2000003]: @speed 5
02/03/2024 18:01:40 - The_Killer[2000001]: @speed 5
02/03/2024 18:03:26 - The_DeViL_HiMSelF[2000003]: @monster raydric 10
02/03/2024 18:03:32 - The_DeViL_HiMSelF[2000003]: @monster raydric 10
02/03/2024 18:04:29 - The_DeViL_HiMSelF[2000003]: @monster raydric 10
02/03/2024 18:09:28 - The_DeViL_HiMSelF[2000003]: @monster raydric 10
02/03/2024 18:16:47 - Hit Man![2000006]: @speed 5
02/03/2024 18:16:54 - The_Killer[2000001]: @speed 5
02/03/2024 18:17:04 - The_DeViL_HiMSelF[2000003]: @monster abyss_of_kinght 3
02/03/2024 18:17:14 - The_DeViL_HiMSelF[2000003]: @monster kinght_of_abyss 3
02/03/2024 18:17:23 - The_DeViL_HiMSelF[2000003]: @monster knight_of_abyss 3
02/03/2024 18:17:25 - The_DeViL_HiMSelF[2000003]: @monster knight_of_abyss 3
02/03/2024 18:17:27 - The_DeViL_HiMSelF[2000003]: @monster knight_of_abyss 3
02/03/2024 18:17:48 - The_DeViL_HiMSelF[2000003]: @monster knight_of_abyss 3
02/03/2024 18:17:56 - The_DeViL_HiMSelF[2000003]: @monster knight_of_abyss 3
02/03/2024 18:18:01 - The_DeViL_HiMSelF[2000003]: @monster knight_of_abyss 3
02/03/2024 18:20:40 - The_DeViL_HiMSelF[2000003]: @monster knight_of_abyss 3
02/03/2024 18:24:19 - DiRT_Nap[2000002]: @heal
02/03/2024 18:24:27 - DiRT_Nap[2000002]: @warp gl_prison
02/03/2024 18:24:34 - DiRT_Nap[2000002]: @str 10000
02/03/2024 18:25:42 - The_DeViL_HiMSelF[2000003]: @monster knight_of_abyss 3
02/03/2024 18:25:44 - The_DeViL_HiMSelF[2000003]: @monster knight_of_abyss 3
02/03/2024 18:25:50 - The_DeViL_HiMSelF[2000003]: @monster knight_of_abyss 3
02/03/2024 18:25:54 - The_DeViL_HiMSelF[2000003]: @monster knight_of_abyss 3
02/03/2024 18:26:01 - The_DeViL_HiMSelF[2000003]: @monster nightmare 5
02/03/2024 18:26:06 - The_DeViL_HiMSelF[2000003]: @monster nightmare 5
02/03/2024 18:26:08 - The_DeViL_HiMSelF[2000003]: @monster nightmare 5
02/03/2024 18:26:10 - The_DeViL_HiMSelF[2000003]: @monster nightmare 5
02/03/2024 18:26:15 - The_DeViL_HiMSelF[2000003]: @monster nightmare 5
02/03/2024 18:26:16 - The_DeViL_HiMSelF[2000003]: @monster nightmare 5
02/03/2024 18:26:18 - The_DeViL_HiMSelF[2000003]: @monster nightmare 5
02/03/2024 18:26:21 - The_DeViL_HiMSelF[2000003]: @monster knight_of_abyss 3
02/03/2024 18:26:25 - The_DeViL_HiMSelF[2000003]: @monster knight_of_abyss 3
02/03/2024 18:26:28 - The_DeViL_HiMSelF[2000003]: @monster raydric 10
02/03/2024 18:26:30 - The_DeViL_HiMSelF[2000003]: @monster nightmare 5
02/03/2024 18:26:35 - The_DeViL_HiMSelF[2000003]: @monster nightmare 5
02/03/2024 18:26:39 - The_DeViL_HiMSelF[2000003]: @monster knight_of_abyss 3
02/03/2024 18:26:47 - The_DeViL_HiMSelF[2000003]: @monster knight_of_abyss 3
02/03/2024 18:26:52 - The_DeViL_HiMSelF[2000003]: @monster nightmare 5
02/03/2024 18:27:00 - The_DeViL_HiMSelF[2000003]: @monster nightmare 5
02/03/2024 18:27:06 - The_DeViL_HiMSelF[2000003]: @monster nightmare 5
02/03/2024 18:27:07 - The_DeViL_HiMSelF[2000003]: @monster nightmare 5
02/03/2024 18:27:08 - The_DeViL_HiMSelF[2000003]: @monster nightmare 5
02/03/2024 18:27:09 - The_DeViL_HiMSelF[2000003]: @monster knight_of_abyss 3
02/03/2024 18:27:09 - The_DeViL_HiMSelF[2000003]: @monster knight_of_abyss 3
02/03/2024 18:27:10 - The_DeViL_HiMSelF[2000003]: @monster knight_of_abyss 3
02/03/2024 18:27:11 - The_DeViL_HiMSelF[2000003]: @monster knight_of_abyss 3
02/03/2024 18:27:14 - The_DeViL_HiMSelF[2000003]: @monster nightmare 5
02/03/2024 18:27:17 - The_DeViL_HiMSelF[2000003]: @monster nightmare 5
02/03/2024 18:27:23 - The_DeViL_HiMSelF[2000003]: @monster knight_of_abyss 3
02/03/2024 18:27:25 - The_DeViL_HiMSelF[2000003]: @monster nightmare 5
02/03/2024 18:27:31 - The_DeViL_HiMSelF[2000003]: @monster nightmare 5
02/03/2024 19:39:24 - The_DeViL_HiMSelF[2000003]: @monster nightmare 5
02/03/2024 19:39:26 - The_DeViL_HiMSelF[2000003]: @monster nightmare 5
02/03/2024 19:39:28 - The_DeViL_HiMSelF[2000003]: @monster knight_of_abyss 3
02/03/2024 19:39:34 - The_DeViL_HiMSelF[2000003]: @monster knight_of_abyss 3
02/03/2024 19:39:35 - The_DeViL_HiMSelF[2000003]: @monster knight_of_abyss 3
02/03/2024 19:39:37 - The_DeViL_HiMSelF[2000003]: @monster knight_of_abyss 3
02/03/2024 19:39:37 - The_DeViL_HiMSelF[2000003]: @monster knight_of_abyss 3
02/03/2024 19:39:47 - The_DeViL_HiMSelF[2000003]: @monster knight_of_abyss 3
02/03/2024 20:02:36 - Hit Man![2000006]: @heal
02/03/2024 20:02:41 - HooliGan-B@stard[2000005]: @heal
02/03/2024 20:02:49 - DiRT_Nap[2000002]: @heal
02/03/2024 20:03:00 - Dark_Fire[2000004]: @heal
02/03/2024 20:03:03 - SoLiTuDE[2000000]: @heal
02/03/2024 20:03:07 - U CaNNoT StoP ME[2000007]: @heal
02/03/2024 20:21:23 - Everything_Is_M@GiC[2000008]: @int 100
02/03/2024 20:21:27 - Everything_Is_M@GiC[2000008]: @dex 100
02/03/2024 20:21:31 - Everything_Is_M@GiC[2000008]: @str 50
02/03/2024 20:21:34 - Everything_Is_M@GiC[2000008]: @agi 100
02/03/2024 20:21:42 - Everything_Is_M@GiC[2000008]: @monster poporing 20
02/03/2024 20:22:06 - Everything_Is_M@GiC[2000008]: @monster hode 100
02/03/2024 20:22:59 - Everything_Is_M@GiC[2000008]: @jobchange 2
02/03/2024 20:23:20 - Everything_Is_M@GiC[2000008]: @skpoint 20
02/03/2024 20:24:49 - Everything_Is_M@GiC[2000008]: @monster flora
02/03/2024 20:24:58 - Everything_Is_M@GiC[2000008]: @monster flora
02/03/2024 20:26:09 - Everything_Is_M@GiC[2000008]: @hide
02/03/2024 20:26:13 - Everything_Is_M@GiC[2000008]: @Monster mummy 50
02/03/2024 20:29:54 - Everything_Is_M@GiC[2000008]: @warp pay_fld10
02/03/2024 20:29:59 - Everything_Is_M@GiC[2000008]: @warp pay_fild10
02/03/2024 20:30:05 - Everything_Is_M@GiC[2000008]: @speed 5
02/03/2024 20:30:54 - Everything_Is_M@GiC[2000008]: @warp mjolnir_11
02/03/2024 20:31:06 - Everything_Is_M@GiC[2000008]: @hide
02/03/2024 20:31:28 - Everything_Is_M@GiC[2000008]: @warp mjolnir_11==05
02/03/2024 20:31:33 - Everything_Is_M@GiC[2000008]: @warp mjolnir_05
02/03/2024 20:31:46 - Everything_Is_M@GiC[2000008]: @skpoint 10
02/03/2024 20:32:15 - Everything_Is_M@GiC[2000008]: @skpoint 10
02/03/2024 20:32:39 - Everything_Is_M@GiC[2000008]: @speed 5
02/03/2024 20:33:36 - Everything_Is_M@GiC[2000008]: @speed 5
02/03/2024 20:33:51 - Everything_Is_M@GiC[2000008]: @speed 5
02/03/2024 20:38:49 - Everything_Is_M@GiC[2000008]: @monster greatest_general
02/03/2024 20:39:11 - Everything_Is_M@GiC[2000008]: @monster greatest_general
02/03/2024 20:39:44 - Everything_Is_M@GiC[2000008]: @int 100
02/03/2024 20:39:50 - Everything_Is_M@GiC[2000008]: @vit 100
02/03/2024 20:39:52 - Everything_Is_M@GiC[2000008]: @heal
02/03/2024 20:39:55 - Everything_Is_M@GiC[2000008]: @hide
02/03/2024 20:40:01 - Everything_Is_M@GiC[2000008]: @warp gl_cas02
02/03/2024 20:40:11 - Everything_Is_M@GiC[2000008]: @skpoint 5
02/03/2024 20:40:22 - Everything_Is_M@GiC[2000008]: @speed 5
02/03/2024 20:41:43 - Everything_Is_M@GiC[2000008]: @speed 5
02/03/2024 20:41:45 - Everything_Is_M@GiC[2000008]: @skpoint 5
02/03/2024 20:42:00 - Everything_Is_M@GiC[2000008]: @skpoint 5
02/03/2024 20:42:33 - Everything_Is_M@GiC[2000008]: @hide
02/03/2024 20:44:25 - Everything_Is_M@GiC[2000008]: @skillall
02/03/2024 20:44:59 - Everything_Is_M@GiC[2000008]: @monster raydric 50
02/03/2024 20:45:10 - Everything_Is_M@GiC[2000008]: @monster knight_of_abyss 20
02/03/2024 20:45:18 - Everything_Is_M@GiC[2000008]: @monster knight_of_abyss 20
02/03/2024 20:45:22 - Everything_Is_M@GiC[2000008]: @monster nightmare 50
02/03/2024 20:53:38 - U CaNNoT StoP ME[2000007]: @item blue_potion 20
02/03/2024 20:54:25 - Everything_Is_M@GiC[2000008]: @jobchange 16
02/03/2024 20:54:28 - Everything_Is_M@GiC[2000008]: @heal
02/03/2024 20:54:47 - Everything_Is_M@GiC[2000008]: @skillall
02/03/2024 20:56:48 - Everything_Is_M@GiC[2000008]: @warp cmd_fild03
02/03/2024 20:57:30 - Everything_Is_M@GiC[2000008]: @monster mutant_dragon 5
02/03/2024 21:00:08 - Everything_Is_M@GiC[2000008]: @warp tur_dun01
02/03/2024 21:00:56 - Everything_Is_M@GiC[2000008]: @monster dragon_tail 2000
02/03/2024 21:01:09 - Everything_Is_M@GiC[2000008]: @monster dragon_tail 2000
02/03/2024 21:01:10 - Everything_Is_M@GiC[2000008]: @monster dragon_tail 2000
02/03/2024 21:01:12 - Everything_Is_M@GiC[2000008]: @monster dragon_tail 2000
02/03/2024 21:01:12 - Everything_Is_M@GiC[2000008]: @monster dragon_tail 2000
02/03/2024 21:01:13 - Everything_Is_M@GiC[2000008]: @monster dragon_tail 2000
02/03/2024 21:01:15 - Everything_Is_M@GiC[2000008]: @monster dragon_tail 2000
02/03/2024 21:01:16 - Everything_Is_M@GiC[2000008]: @monster dragon_tail 2000
02/03/2024 21:01:30 - Everything_Is_M@GiC[2000008]: @monster dragon_tail 2000
02/03/2024 21:01:30 - Everything_Is_M@GiC[2000008]: @monster dragon_tail 2000
02/03/2024 21:01:34 - Everything_Is_M@GiC[2000008]: @monster dragon_tail 2000
02/03/2024 21:01:35 - Everything_Is_M@GiC[2000008]: @monster dragon_tail 2000
02/03/2024 21:01:47 - Everything_Is_M@GiC[2000008]: @monster dragon_tail 2000
02/03/2024 21:01:48 - Everything_Is_M@GiC[2000008]: @monster dragon_tail 2000
02/03/2024 21:04:15 - Everything_Is_M@GiC[2000008]: @jobchange 9
02/03/2024 21:04:19 - Everything_Is_M@GiC[2000008]: @allskill
02/03/2024 21:05:08 - Everything_Is_M@GiC[2000008]: @monster dragon_tail 2000
02/03/2024 21:05:09 - Everything_Is_M@GiC[2000008]: @monster dragon_tail 2000
02/03/2024 21:05:10 - Everything_Is_M@GiC[2000008]: @monster dragon_tail 2000
02/03/2024 21:05:29 - Everything_Is_M@GiC[2000008]: @monster dragon_tail 2000
02/03/2024 21:08:05 - Everything_Is_M@GiC[2000008]: @warp gl_cas02
02/03/2024 21:08:21 - Everything_Is_M@GiC[2000008]: @monster knight_of_abyss 20
02/03/2024 21:08:23 - Everything_Is_M@GiC[2000008]: @monster knight_of_abyss 20
02/03/2024 21:08:24 - Everything_Is_M@GiC[2000008]: @monster knight_of_abyss 20
02/03/2024 21:08:37 - Everything_Is_M@GiC[2000008]: @dex 50
02/03/2024 21:08:46 - Everything_Is_M@GiC[2000008]: @monster knight_of_abyss 20
02/03/2024 21:09:04 - Everything_Is_M@GiC[2000008]: @monster knight_of_abyss 20
02/03/2024 21:10:20 - Everything_Is_M@GiC[2000008]: @monster knight_of_abyss 20
02/03/2024 21:11:50 - Everything_Is_M@GiC[2000008]: @monster knight_of_abyss 20
02/03/2024 21:12:16 - U CaNNoT StoP ME[2000007]: @hide
02/03/2024 21:12:19 - U CaNNoT StoP ME[2000007]: @heal
02/03/2024 21:12:33 - U CaNNoT StoP ME[2000007]: @monster high_orc 20
02/03/2024 21:12:52 - DiRT_Nap[2000002]: @hide
02/03/2024 21:12:56 - DiRT_Nap[2000002]: @heal
02/03/2024 21:13:06 - DiRT_Nap[2000002]: @hide
02/03/2024 21:13:14 - DiRT_Nap[2000002]: @monster zombie_prisoner 50
02/03/2024 21:13:35 - DiRT_Nap[2000002]: @item white_potion 100
02/03/2024 21:13:40 - DiRT_Nap[2000002]: @item blue_potion 50
02/03/2024 21:13:48 - DiRT_Nap[2000002]: @warp gl_prison
02/03/2024 21:13:53 - DiRT_Nap[2000002]: @heal
02/03/2024 21:13:55 - DiRT_Nap[2000002]: @hide
02/03/2024 21:13:57 - DiRT_Nap[2000002]: @speed 5
02/03/2024 21:14:11 - Dark_Fire[2000004]: @monster zombie_prisoner 5
02/03/2024 21:14:12 - Dark_Fire[2000004]: @monster zombie_prisoner 5
02/03/2024 21:14:13 - Dark_Fire[2000004]: @monster zombie_prisoner 5
02/03/2024 21:14:14 - Dark_Fire[2000004]: @monster zombie_prisoner 5
02/03/2024 21:14:15 - Dark_Fire[2000004]: @monster zombie_prisoner 5
02/03/2024 21:14:17 - Dark_Fire[2000004]: @monster zombie_prisoner 50
02/03/2024 21:14:22 - Dark_Fire[2000004]: @monster zombie_prisoner 50
02/03/2024 21:14:25 - Dark_Fire[2000004]: @monster zombie_prisoner 50
02/03/2024 21:14:30 - Dark_Fire[2000004]: @heal
02/03/2024 21:14:32 - Dark_Fire[2000004]: @hide
02/03/2024 21:14:55 - Dark_Fire[2000004]: @hide
02/03/2024 21:14:58 - Dark_Fire[2000004]: @hide
02/03/2024 21:15:07 - Dark_Fire[2000004]: @monster zombie_prisoner 50
02/03/2024 21:16:16 - U CaNNoT StoP ME[2000007]: @monster high_orc 20
02/03/2024 21:16:17 - U CaNNoT StoP ME[2000007]: @monster high_orc 20
02/03/2024 21:16:21 - U CaNNoT StoP ME[2000007]: @monster high_orc 20
02/03/2024 21:16:41 - U CaNNoT StoP ME[2000007]: @heal
02/03/2024 21:17:10 - Everything_Is_M@GiC[2000008]: @monster knight_of_abyss 20
02/03/2024 21:17:10 - Everything_Is_M@GiC[2000008]: @monster knight_of_abyss 20
02/03/2024 21:17:11 - Everything_Is_M@GiC[2000008]: @monster knight_of_abyss 20
02/03/2024 21:17:11 - Everything_Is_M@GiC[2000008]: @monster knight_of_abyss 20
02/03/2024 21:17:29 - Everything_Is_M@GiC[2000008]: @monster raydric 1000
02/03/2024 21:17:41 - Everything_Is_M@GiC[2000008]: @monster nightmare 100
02/03/2024 21:17:59 - Everything_Is_M@GiC[2000008]: @monster nightmare 100
02/03/2024 21:18:00 - Everything_Is_M@GiC[2000008]: @monster raydric 1000
02/03/2024 21:18:13 - Everything_Is_M@GiC[2000008]: @monster wanderer 50
02/03/2024 21:18:14 - Everything_Is_M@GiC[2000008]: @monster wanderer 50
02/03/2024 21:18:41 - Hit Man![2000006]: @heal
02/03/2024 21:18:47 - SoLiTuDE[2000000]: @heal
02/03/2024 21:20:09 - The_DeViL_HiMSelF[2000003]: @heal
02/03/2024 23:47:18 - Hit Man![2000006]: @repairall
02/03/2024 23:48:09 - SoLiTuDE[2000000]: @heal
02/03/2024 23:48:15 - SoLiTuDE[2000000]: @item blue_potion 50
02/03/2024 23:48:20 - SoLiTuDE[2000000]: @item white_potion 50
02/03/2024 23:48:25 - SoLiTuDE[2000000]: @warp gl_cas02
02/03/2024 23:49:06 - U CaNNoT StoP ME[2000007]: @str 10000
02/03/2024 23:49:11 - U CaNNoT StoP ME[2000007]: @heal
02/03/2024 23:50:23 - U CaNNoT StoP ME[2000007]: @heal
02/03/2024 23:50:54 - U CaNNoT StoP ME[2000007]: @item white_potion 100
02/03/2024 23:51:03 - U CaNNoT StoP ME[2000007]: @item  blue_potion 100
02/03/2024 23:51:14 - U CaNNoT StoP ME[2000007]: @item  blue_potion 100
02/03/2024 23:51:20 - U CaNNoT StoP ME[2000007]: @monster high_orc 1000
02/03/2024 23:51:24 - U CaNNoT StoP ME[2000007]: @monster high_orc 1000
02/03/2024 23:52:22 - U CaNNoT StoP ME[2000007]: @monster orc_hero
02/03/2024 23:52:45 - Everything_Is_M@GiC[2000008]: @speed 5
02/03/2024 23:53:10 - Everything_Is_M@GiC[2000008]: @monster nightmare 1000
02/03/2024 23:53:11 - Everything_Is_M@GiC[2000008]: @monster nightmare 1000
02/03/2024 23:53:22 - Everything_Is_M@GiC[2000008]: @monster knight_of_abyss 20
02/03/2024 23:53:22 - Everything_Is_M@GiC[2000008]: @monster knight_of_abyss 20
02/03/2024 23:53:23 - Everything_Is_M@GiC[2000008]: @monster knight_of_abyss 20
02/03/2024 23:53:27 - Everything_Is_M@GiC[2000008]: @monster raydric 1000
02/03/2024 23:54:04 - Everything_Is_M@GiC[2000008]: @monster wanderer 500
02/03/2024 23:54:24 - Everything_Is_M@GiC[2000008]: @monster wanderer 3
02/03/2024 23:54:30 - Everything_Is_M@GiC[2000008]: @monster raydric 5
02/03/2024 23:54:34 - Everything_Is_M@GiC[2000008]: @monster knight_of_abyss 20
02/03/2024 23:54:40 - Everything_Is_M@GiC[2000008]: @monster wanderer 3
02/03/2024 23:54:48 - Everything_Is_M@GiC[2000008]: @monster nightmare 10
02/03/2024 23:55:57 - SoLiTuDE[2000000]: @heal
02/03/2024 23:56:01 - SoLiTuDE[2000000]: @speed 5
02/03/2024 23:56:07 - SoLiTuDE[2000000]: @warp gl_prison
02/03/2024 23:56:13 - SoLiTuDE[2000000]: @warp gl_cas02
02/03/2024 23:56:29 - SoLiTuDE[2000000]: @speed 5
02/03/2024 23:58:04 - The_DeViL_HiMSelF[2000003]: @heal
02/03/2024 23:59:56 - SoLiTuDE[2000000]: @warp gl_cas02
02/03/2024 23:59:59 - SoLiTuDE[2000000]: @heal
02/04/2024 00:00:17 - SoLiTuDE[2000000]: @vit 1000
02/04/2024 00:00:19 - SoLiTuDE[2000000]: @heal
02/04/2024 00:00:26 - SoLiTuDE[2000000]: @str 100
02/04/2024 00:00:47 - The_DeViL_HiMSelF[2000003]: @vit 100
02/04/2024 00:00:49 - The_DeViL_HiMSelF[2000003]: @heal
02/04/2024 00:03:28 - The_DeViL_HiMSelF[2000003]: @monster baphoment
02/04/2024 00:03:46 - The_DeViL_HiMSelF[2000003]: @monster baphomet
02/04/2024 00:03:50 - The_DeViL_HiMSelF[2000003]: @monster baphomet
02/04/2024 00:04:14 - U CaNNoT StoP ME[2000007]: @monster high_orc 1000
02/04/2024 00:06:55 - Hit Man![2000006]: @item blue_potion 50
02/04/2024 00:07:55 - Everything_Is_M@GiC[2000008]: @monster nightmare
02/04/2024 00:08:02 - Everything_Is_M@GiC[2000008]: @monster wanderer 3
02/04/2024 00:08:06 - Everything_Is_M@GiC[2000008]: @monster wanderer 3
02/04/2024 00:08:08 - Everything_Is_M@GiC[2000008]: @monster wanderer 3
02/04/2024 00:08:15 - Everything_Is_M@GiC[2000008]: @monster knight_of_abyss 20
02/04/2024 00:09:12 - Everything_Is_M@GiC[2000008]: @jump
02/04/2024 00:12:36 - The_DeViL_HiMSelF[2000003]: @monster baphomet
02/04/2024 00:13:53 - The_DeViL_HiMSelF[2000003]: @monster baphomet
02/04/2024 00:13:58 - The_DeViL_HiMSelF[2000003]: @monster baphomet
02/04/2024 00:14:04 - The_DeViL_HiMSelF[2000003]: @monster baphomet
02/04/2024 00:14:16 - The_DeViL_HiMSelF[2000003]: @monster baphomet
02/04/2024 00:14:29 - The_DeViL_HiMSelF[2000003]: @monster baphomet
02/04/2024 00:15:43 - The_DeViL_HiMSelF[2000003]: @speed 5
02/04/2024 00:17:37 - The_DeViL_HiMSelF[2000003]: @warp gl_cas02
02/04/2024 00:17:40 - The_DeViL_HiMSelF[2000003]: @heal
02/04/2024 00:17:53 - The_DeViL_HiMSelF[2000003]: @item berserk_potion 20
02/04/2024 00:18:52 - Hit Man![2000006]: @heal
02/04/2024 00:18:57 - Hit Man![2000006]: @warp gl_cas02
02/04/2024 00:19:53 - Everything_Is_M@GiC[2000008]: @jump
02/04/2024 00:19:57 - Everything_Is_M@GiC[2000008]: @jump
02/04/2024 00:20:24 - Everything_Is_M@GiC[2000008]: @jump
02/04/2024 00:20:25 - Everything_Is_M@GiC[2000008]: @jump
02/04/2024 00:20:26 - Everything_Is_M@GiC[2000008]: @jump
02/04/2024 00:20:27 - Everything_Is_M@GiC[2000008]: @jump
02/04/2024 00:20:56 - Everything_Is_M@GiC[2000008]: @jump
02/04/2024 00:21:08 - Everything_Is_M@GiC[2000008]: @jump
02/04/2024 00:21:10 - Everything_Is_M@GiC[2000008]: @jump
02/04/2024 00:21:21 - Everything_Is_M@GiC[2000008]: @jump
02/04/2024 00:21:25 - Everything_Is_M@GiC[2000008]: @jump
02/04/2024 00:21:26 - Everything_Is_M@GiC[2000008]: @jump
02/04/2024 00:21:29 - Everything_Is_M@GiC[2000008]: @jump
02/04/2024 00:21:30 - Everything_Is_M@GiC[2000008]: @jump
02/04/2024 00:21:37 - Everything_Is_M@GiC[2000008]: @jump
02/04/2024 00:24:39 - The_Killer[2000001]: @item berserk_potion 10
02/04/2024 00:25:03 - Hit Man![2000006]: @item berserk_potion 10
02/04/2024 00:25:21 - SoLiTuDE[2000000]: @item 656
02/04/2024 00:25:32 - SoLiTuDE[2000000]: @item 656 10
02/04/2024 00:25:47 - SoLiTuDE[2000000]: @heal
02/04/2024 00:25:49 - Hit Man![2000006]: @heal
02/04/2024 00:25:53 - The_DeViL_HiMSelF[2000003]: @heal
02/04/2024 00:25:56 - The_Killer[2000001]: @heal
02/04/2024 00:26:08 - Hit Man![2000006]: @item white_potion 50
02/04/2024 00:26:20 - The_Killer[2000001]: @item white_potion 50
02/04/2024 00:29:00 - Hit Man![2000006]: @speed 5
02/04/2024 00:29:19 - The_Killer[2000001]: @speed 5
02/04/2024 00:31:27 - SoLiTuDE[2000000]: @speed 5
02/04/2024 00:32:07 - Hit Man![2000006]: @speed 5
02/04/2024 00:32:18 - Everything_Is_M@GiC[2000008]: @jump
02/04/2024 00:32:20 - Everything_Is_M@GiC[2000008]: @jump
02/04/2024 00:32:22 - Everything_Is_M@GiC[2000008]: @jump
02/04/2024 00:32:23 - Everything_Is_M@GiC[2000008]: @jump
02/04/2024 00:32:24 - Everything_Is_M@GiC[2000008]: @jump
02/04/2024 00:32:41 - Everything_Is_M@GiC[2000008]: @jump
02/04/2024 00:33:14 - Everything_Is_M@GiC[2000008]: @jump
02/04/2024 00:33:16 - Everything_Is_M@GiC[2000008]: @jump
02/04/2024 00:33:46 - Everything_Is_M@GiC[2000008]: @jump
02/04/2024 00:33:47 - Everything_Is_M@GiC[2000008]: @jump
02/04/2024 00:34:11 - Hit Man![2000006]: @speed 5
02/04/2024 00:34:20 - Hit Man![2000006]: @speed 5
02/04/2024 00:34:37 - Everything_Is_M@GiC[2000008]: @monster knight_of_abyss 20
02/04/2024 00:35:04 - Everything_Is_M@GiC[2000008]: @monster nightmare 10
02/04/2024 00:38:18 - SoLiTuDE[2000000]: @speed 5
02/04/2024 00:38:25 - SoLiTuDE[2000000]: @speed 5
02/04/2024 00:38:31 - SoLiTuDE[2000000]: @speed 3
02/04/2024 00:41:39 - Hit Man![2000006]: @heal
02/04/2024 00:41:42 - Hit Man![2000006]: @speed 3
02/04/2024 00:43:56 - The_DeViL_HiMSelF[2000003]: @jump
02/04/2024 00:43:57 - The_DeViL_HiMSelF[2000003]: @jump
02/04/2024 00:43:59 - The_DeViL_HiMSelF[2000003]: @jump
02/04/2024 00:44:13 - The_DeViL_HiMSelF[2000003]: @jump
02/04/2024 00:44:19 - The_DeViL_HiMSelF[2000003]: @jump
02/04/2024 12:26:15 - The_DeViL_HiMSelF[2000003]: @heal
02/04/2024 12:27:25 - The_DeViL_HiMSelF[2000003]: @warp gl_cas02
02/04/2024 12:28:15 - SoLiTuDE[2000000]: @hide
02/04/2024 12:28:17 - SoLiTuDE[2000000]: @heal
02/04/2024 12:28:38 - SoLiTuDE[2000000]: @storeall
02/04/2024 12:30:26 - SoLiTuDE[2000000]: @heal
02/04/2024 12:30:32 - SoLiTuDE[2000000]: @item blue_potion 50
02/04/2024 12:30:40 - SoLiTuDE[2000000]: @item white_potion 50
02/04/2024 12:30:46 - SoLiTuDE[2000000]: @warp gl_cas02
02/04/2024 12:30:51 - SoLiTuDE[2000000]: @speed 5
02/04/2024 12:31:39 - DiRT_Nap[2000002]: @item silver_arrow 30000
02/04/2024 12:32:18 - U CaNNoT StoP ME[2000007]: @monster high_orc 1000
02/04/2024 12:32:18 - U CaNNoT StoP ME[2000007]: @monster high_orc 1000
02/04/2024 12:32:31 - U CaNNoT StoP ME[2000007]: @hide
02/04/2024 12:32:38 - U CaNNoT StoP ME[2000007]: @hide
02/04/2024 12:33:03 - Dark_Fire[2000004]: @item blue_potion 100
02/04/2024 12:34:07 - Everything_Is_M@GiC[2000008]: @monster baphomet 5
02/04/2024 12:34:22 - Everything_Is_M@GiC[2000008]: @monster nightmare 10
02/04/2024 12:34:26 - Everything_Is_M@GiC[2000008]: @monster baphomet 5
02/04/2024 12:35:03 - Everything_Is_M@GiC[2000008]: @monster nightmare 10
02/04/2024 12:35:06 - Everything_Is_M@GiC[2000008]: @monster knight_of_abyss 20
02/04/2024 12:35:23 - Everything_Is_M@GiC[2000008]: @monster knight_of_abyss 20
02/04/2024 12:35:42 - Everything_Is_M@GiC[2000008]: @monster nightmare 20
02/04/2024 12:35:49 - Everything_Is_M@GiC[2000008]: @monster wanderer 30
02/04/2024 12:36:15 - Everything_Is_M@GiC[2000008]: @monster wanderer 30
02/04/2024 12:36:34 - Everything_Is_M@GiC[2000008]: @monster wanderer 30
02/04/2024 12:38:03 - Dark_Fire[2000004]: @item blue_potion 100
02/04/2024 12:38:38 - Everything_Is_M@GiC[2000008]: @monster wanderer 30
02/04/2024 12:38:41 - Everything_Is_M@GiC[2000008]: @monster nightmare 20
02/04/2024 12:38:48 - Everything_Is_M@GiC[2000008]: @monster nightmare 20
02/04/2024 12:39:41 - Everything_Is_M@GiC[2000008]: @monster knight_of_abyss 2
02/04/2024 12:40:25 - Everything_Is_M@GiC[2000008]: @monster knight_of_abyss 2
02/04/2024 12:43:09 - Everything_Is_M@GiC[2000008]: @monster knight_of_abyss 2
02/04/2024 12:43:17 - Everything_Is_M@GiC[2000008]: @monster knight_of_abyss 2
02/04/2024 12:43:23 - Everything_Is_M@GiC[2000008]: @monster knight_of_abyss 2
02/04/2024 12:43:29 - Everything_Is_M@GiC[2000008]: @monster nightmare 10
02/04/2024 12:46:03 - Everything_Is_M@GiC[2000008]: @jump
02/04/2024 12:46:05 - Everything_Is_M@GiC[2000008]: @monster nightmare 10
02/04/2024 12:46:09 - Everything_Is_M@GiC[2000008]: @monster knight_of_abyss 20
02/04/2024 12:47:15 - Everything_Is_M@GiC[2000008]: @monster knight_of_abyss 2
02/04/2024 12:47:17 - Everything_Is_M@GiC[2000008]: @monster knight_of_abyss 2
02/04/2024 12:47:26 - Everything_Is_M@GiC[2000008]: @monster nightmare
02/04/2024 12:47:29 - Everything_Is_M@GiC[2000008]: @monster nightmare
02/04/2024 12:47:31 - Everything_Is_M@GiC[2000008]: @monster nightmare
02/04/2024 12:47:35 - Everything_Is_M@GiC[2000008]: @monster nightmare
02/04/2024 12:47:40 - Everything_Is_M@GiC[2000008]: @monster nightmare
02/04/2024 12:47:42 - Everything_Is_M@GiC[2000008]: @monster knight_of_abyss 2
02/04/2024 12:47:52 - Everything_Is_M@GiC[2000008]: @monster knight_of_abyss 2
02/04/2024 12:47:55 - Everything_Is_M@GiC[2000008]: @monster knight_of_abyss 2
02/04/2024 12:48:11 - Everything_Is_M@GiC[2000008]: @monster nightmare
02/04/2024 12:48:18 - Everything_Is_M@GiC[2000008]: @monster nightmare
02/04/2024 12:48:58 - Everything_Is_M@GiC[2000008]: @monster nightmare
02/04/2024 12:49:07 - Everything_Is_M@GiC[2000008]: @monster knight_of_abyss 2
02/04/2024 12:49:25 - Everything_Is_M@GiC[2000008]: @monster knight_of_abyss 2
02/04/2024 12:49:31 - Everything_Is_M@GiC[2000008]: @monster nightmare
02/04/2024 12:49:34 - Everything_Is_M@GiC[2000008]: @monster nightmare
02/04/2024 12:49:35 - Everything_Is_M@GiC[2000008]: @monster nightmare
02/04/2024 12:49:42 - Everything_Is_M@GiC[2000008]: @monster nightmare
02/04/2024 12:49:48 - Everything_Is_M@GiC[2000008]: @monster knight_of_abyss 2
02/04/2024 12:50:15 - Everything_Is_M@GiC[2000008]: @jump
02/04/2024 12:50:16 - Everything_Is_M@GiC[2000008]: @jump
02/04/2024 12:50:17 - Everything_Is_M@GiC[2000008]: @jump
02/04/2024 12:50:18 - Everything_Is_M@GiC[2000008]: @jump
02/04/2024 12:50:19 - Everything_Is_M@GiC[2000008]: @jump
02/04/2024 12:50:20 - Everything_Is_M@GiC[2000008]: @jump
02/04/2024 12:50:21 - Everything_Is_M@GiC[2000008]: @jump
02/04/2024 12:50:23 - Everything_Is_M@GiC[2000008]: @jump
02/04/2024 12:50:25 - Everything_Is_M@GiC[2000008]: @jump
02/04/2024 12:50:28 - Everything_Is_M@GiC[2000008]: @monster knight_of_abyss 2
02/04/2024 12:50:34 - Everything_Is_M@GiC[2000008]: @monster nightmare
02/04/2024 12:50:35 - Everything_Is_M@GiC[2000008]: @monster nightmare
02/04/2024 12:50:44 - Everything_Is_M@GiC[2000008]: @monster wanderer 30
02/04/2024 12:50:46 - Everything_Is_M@GiC[2000008]: @monster nightmare 20
02/04/2024 12:51:13 - Everything_Is_M@GiC[2000008]: @jump
02/04/2024 12:51:14 - Everything_Is_M@GiC[2000008]: @jump
02/04/2024 12:51:19 - Everything_Is_M@GiC[2000008]: @monster nightmare 20
02/04/2024 12:51:23 - Everything_Is_M@GiC[2000008]: @jump
02/04/2024 12:51:26 - Everything_Is_M@GiC[2000008]: @jump
02/04/2024 12:52:04 - Everything_Is_M@GiC[2000008]: @monster nightmare 2
02/04/2024 12:52:26 - Everything_Is_M@GiC[2000008]: @monster nightmare 2
02/04/2024 12:52:30 - Everything_Is_M@GiC[2000008]: @monster nightmare 2
02/04/2024 12:52:39 - Everything_Is_M@GiC[2000008]: @monster knight_of_abyss 2
02/04/2024 12:52:56 - Everything_Is_M@GiC[2000008]: @monster knight_of_abyss 2
02/04/2024 12:52:59 - Everything_Is_M@GiC[2000008]: @monster knight_of_abyss 2
02/04/2024 12:54:16 - The_DeViL_HiMSelF[2000003]: @agi 100
02/04/2024 12:54:19 - The_DeViL_HiMSelF[2000003]: @str 100
02/04/2024 12:54:38 - SoLiTuDE[2000000]: @int 100
02/04/2024 12:54:41 - SoLiTuDE[2000000]: @agi 100
02/04/2024 12:54:46 - SoLiTuDE[2000000]: @agi 10100
02/04/2024 12:54:51 - SoLiTuDE[2000000]: @int 100
02/04/2024 12:54:58 - SoLiTuDE[2000000]: @agi -10100
02/04/2024 12:55:01 - SoLiTuDE[2000000]: @agi 100
02/04/2024 12:55:09 - SoLiTuDE[2000000]: @dex 200
02/04/2024 12:55:24 - Everything_Is_M@GiC[2000008]: @jump
02/04/2024 12:55:31 - Everything_Is_M@GiC[2000008]: @jump
02/04/2024 12:55:43 - Everything_Is_M@GiC[2000008]: @speed 5
02/04/2024 12:56:23 - Hit Man![2000006]: @speed 5
02/04/2024 12:57:35 - Everything_Is_M@GiC[2000008]: @jump
02/04/2024 12:57:43 - Everything_Is_M@GiC[2000008]: @jump
02/04/2024 12:57:44 - Everything_Is_M@GiC[2000008]: @jump
02/04/2024 12:57:47 - Everything_Is_M@GiC[2000008]: @jump
02/04/2024 12:57:50 - Everything_Is_M@GiC[2000008]: @jump
02/04/2024 12:58:02 - SoLiTuDE[2000000]: @speed 5
02/04/2024 12:58:07 - SoLiTuDE[2000000]: @speed 5
02/04/2024 12:58:18 - Hit Man![2000006]: @speed 5
02/04/2024 13:00:48 - Everything_Is_M@GiC[2000008]: @jump
02/04/2024 13:02:05 - Hit Man![2000006]: @jump
02/04/2024 13:03:00 - Hit Man![2000006]: @jump
02/04/2024 13:03:02 - Hit Man![2000006]: @jump
02/04/2024 13:03:04 - Hit Man![2000006]: @jump
02/04/2024 13:03:05 - Hit Man![2000006]: @jump
02/04/2024 13:03:19 - Everything_Is_M@GiC[2000008]: @jump
02/04/2024 13:03:25 - Everything_Is_M@GiC[2000008]: @jump
02/04/2024 13:03:26 - Everything_Is_M@GiC[2000008]: @jump
02/04/2024 13:04:55 - The_DeViL_HiMSelF[2000003]: @jump
02/04/2024 13:04:58 - The_DeViL_HiMSelF[2000003]: @jump
02/04/2024 13:05:00 - The_DeViL_HiMSelF[2000003]: @jump
02/04/2024 13:05:01 - The_DeViL_HiMSelF[2000003]: @jump
02/04/2024 13:05:03 - The_DeViL_HiMSelF[2000003]: @jump
02/04/2024 13:05:04 - The_DeViL_HiMSelF[2000003]: @jump
02/04/2024 13:05:05 - The_DeViL_HiMSelF[2000003]: @jump
02/04/2024 13:05:06 - The_DeViL_HiMSelF[2000003]: @jump
02/04/2024 13:05:07 - The_DeViL_HiMSelF[2000003]: @jump
02/04/2024 13:05:09 - The_DeViL_HiMSelF[2000003]: @jump
02/04/2024 13:05:10 - The_DeViL_HiMSelF[2000003]: @jump
02/04/2024 13:05:11 - The_DeViL_HiMSelF[2000003]: @jump
02/04/2024 13:05:13 - The_DeViL_HiMSelF[2000003]: @jump
02/04/2024 13:05:15 - The_DeViL_HiMSelF[2000003]: @jump
02/04/2024 13:06:03 - Hit Man![2000006]: @jump
02/04/2024 13:06:15 - Hit Man![2000006]: @jump
02/04/2024 13:06:17 - Hit Man![2000006]: @jump
02/04/2024 13:06:19 - Hit Man![2000006]: @jump
02/04/2024 13:06:21 - Hit Man![2000006]: @jump
02/04/2024 13:06:30 - Hit Man![2000006]: @jump
02/04/2024 13:06:35 - Hit Man![2000006]: @jump
02/04/2024 13:06:36 - Hit Man![2000006]: @jump
02/04/2024 13:08:37 - Everything_Is_M@GiC[2000008]: @jump
02/04/2024 13:08:40 - Everything_Is_M@GiC[2000008]: @jump
02/04/2024 13:10:15 - Everything_Is_M@GiC[2000008]: @jump
02/04/2024 13:10:52 - Everything_Is_M@GiC[2000008]: @jump
02/04/2024 13:10:54 - Everything_Is_M@GiC[2000008]: @jump
02/04/2024 13:10:58 - Everything_Is_M@GiC[2000008]: @jump
02/04/2024 13:11:00 - Everything_Is_M@GiC[2000008]: @jump
02/04/2024 13:11:03 - Everything_Is_M@GiC[2000008]: @jump
02/04/2024 13:11:04 - Everything_Is_M@GiC[2000008]: @jump
02/04/2024 13:11:06 - Everything_Is_M@GiC[2000008]: @jump
02/04/2024 13:11:31 - Everything_Is_M@GiC[2000008]: @jump
02/04/2024 13:11:49 - Everything_Is_M@GiC[2000008]: @jump
02/04/2024 13:12:01 - Everything_Is_M@GiC[2000008]: @jump
02/04/2024 13:12:06 - Everything_Is_M@GiC[2000008]: @jump
02/04/2024 13:12:08 - Everything_Is_M@GiC[2000008]: @jump
02/04/2024 13:12:09 - Everything_Is_M@GiC[2000008]: @jump
02/04/2024 13:12:11 - Everything_Is_M@GiC[2000008]: @jump
02/04/2024 13:12:12 - Everything_Is_M@GiC[2000008]: @jump
02/04/2024 13:12:19 - Everything_Is_M@GiC[2000008]: @jump
02/04/2024 13:12:22 - Everything_Is_M@GiC[2000008]: @jump
02/04/2024 13:12:23 - Everything_Is_M@GiC[2000008]: @jump
02/04/2024 13:12:34 - Everything_Is_M@GiC[2000008]: @jump
02/04/2024 13:12:35 - Everything_Is_M@GiC[2000008]: @jump
02/04/2024 13:12:36 - Everything_Is_M@GiC[2000008]: @jump
02/04/2024 13:12:45 - Everything_Is_M@GiC[2000008]: @jump
02/04/2024 13:13:10 - Everything_Is_M@GiC[2000008]: @jump
02/04/2024 13:13:18 - Everything_Is_M@GiC[2000008]: @jump
02/04/2024 13:13:19 - Everything_Is_M@GiC[2000008]: @jump
02/04/2024 13:13:21 - Everything_Is_M@GiC[2000008]: @jump
02/04/2024 13:13:23 - Everything_Is_M@GiC[2000008]: @jump
02/04/2024 13:13:24 - Everything_Is_M@GiC[2000008]: @jump
02/04/2024 13:13:28 - Everything_Is_M@GiC[2000008]: @jump
02/04/2024 13:13:33 - SoLiTuDE[2000000]: @heal
02/04/2024 13:13:57 - The_Killer[2000001]: @heal
02/04/2024 13:14:07 - Hit Man![2000006]: @heal
02/04/2024 13:14:14 - Everything_Is_M@GiC[2000008]: @jump
02/04/2024 13:14:15 - Everything_Is_M@GiC[2000008]: @jump
02/04/2024 13:14:16 - Everything_Is_M@GiC[2000008]: @jump
02/04/2024 13:14:17 - Everything_Is_M@GiC[2000008]: @jump
02/04/2024 13:14:26 - Everything_Is_M@GiC[2000008]: @jump
02/04/2024 13:14:27 - Everything_Is_M@GiC[2000008]: @jump
02/04/2024 13:14:28 - Everything_Is_M@GiC[2000008]: @jump
02/04/2024 13:14:29 - Everything_Is_M@GiC[2000008]: @jump
02/04/2024 13:14:36 - Everything_Is_M@GiC[2000008]: @jump
02/04/2024 13:14:49 - Everything_Is_M@GiC[2000008]: @jump
02/04/2024 13:14:50 - Everything_Is_M@GiC[2000008]: @jump
02/04/2024 13:14:57 - Everything_Is_M@GiC[2000008]: @jump
02/04/2024 13:15:03 - Everything_Is_M@GiC[2000008]: @jump
02/04/2024 13:15:04 - Everything_Is_M@GiC[2000008]: @jump
02/04/2024 13:15:05 - Everything_Is_M@GiC[2000008]: @jump
02/04/2024 13:15:07 - Everything_Is_M@GiC[2000008]: @jump
02/04/2024 13:15:07 - Everything_Is_M@GiC[2000008]: @jump
02/04/2024 13:15:08 - Everything_Is_M@GiC[2000008]: @jump
02/04/2024 13:15:19 - Everything_Is_M@GiC[2000008]: @jump
02/04/2024 13:15:25 - Everything_Is_M@GiC[2000008]: @jump
02/04/2024 13:15:29 - Everything_Is_M@GiC[2000008]: @jump
02/04/2024 13:15:38 - Everything_Is_M@GiC[2000008]: @jump
02/04/2024 13:15:39 - Everything_Is_M@GiC[2000008]: @jump
02/04/2024 13:15:41 - Everything_Is_M@GiC[2000008]: @jump
02/04/2024 13:15:47 - Everything_Is_M@GiC[2000008]: @jump
02/04/2024 13:15:51 - Everything_Is_M@GiC[2000008]: @jump
02/04/2024 13:15:54 - Everything_Is_M@GiC[2000008]: @jump
02/04/2024 13:16:07 - Everything_Is_M@GiC[2000008]: @jump
02/04/2024 13:16:28 - The_DeViL_HiMSelF[2000003]: @speed 5
02/04/2024 13:16:37 - The_Killer[2000001]: @speed 5
02/04/2024 13:16:49 - Dark_Fire[2000004]: @item blue_potion 10
02/04/2024 13:17:00 - SoLiTuDE[2000000]: @heal
02/04/2024 13:17:02 - SoLiTuDE[2000000]: @speed 5
02/04/2024 13:17:45 - Everything_Is_M@GiC[2000008]: @jump
02/04/2024 13:17:47 - Everything_Is_M@GiC[2000008]: @jump
02/04/2024 13:17:48 - Everything_Is_M@GiC[2000008]: @jump
02/04/2024 13:17:49 - Everything_Is_M@GiC[2000008]: @jump
02/04/2024 13:17:50 - Everything_Is_M@GiC[2000008]: @jump
02/04/2024 13:17:51 - Everything_Is_M@GiC[2000008]: @jump
02/04/2024 13:18:23 - Everything_Is_M@GiC[2000008]: @jump
02/04/2024 13:18:24 - Everything_Is_M@GiC[2000008]: @jump
02/04/2024 13:18:26 - Everything_Is_M@GiC[2000008]: @jump
02/04/2024 13:18:27 - Everything_Is_M@GiC[2000008]: @jump
02/04/2024 13:18:37 - Everything_Is_M@GiC[2000008]: @jump
02/04/2024 13:18:38 - Everything_Is_M@GiC[2000008]: @jump
02/04/2024 13:18:39 - Everything_Is_M@GiC[2000008]: @jump
02/04/2024 13:18:40 - Everything_Is_M@GiC[2000008]: @jump
02/04/2024 13:18:42 - Everything_Is_M@GiC[2000008]: @jump
02/04/2024 13:18:54 - Everything_Is_M@GiC[2000008]: @jump
02/04/2024 13:18:55 - Everything_Is_M@GiC[2000008]: @jump
02/04/2024 13:18:56 - Everything_Is_M@GiC[2000008]: @jump
02/04/2024 13:18:58 - Everything_Is_M@GiC[2000008]: @jump
02/04/2024 13:19:06 - Everything_Is_M@GiC[2000008]: @jump
02/04/2024 13:20:48 - Hit Man![2000006]: @heal
02/04/2024 13:20:53 - Hit Man![2000006]: @warp gl_cas02
02/04/2024 13:21:12 - Hit Man![2000006]: @item white_potio 50
02/04/2024 13:22:29 - Everything_Is_M@GiC[2000008]: @jump
02/04/2024 13:22:34 - Everything_Is_M@GiC[2000008]: @jump
02/04/2024 13:22:35 - Everything_Is_M@GiC[2000008]: @jump
02/04/2024 13:22:36 - Everything_Is_M@GiC[2000008]: @jump
02/04/2024 13:23:24 - Everything_Is_M@GiC[2000008]: @jump
02/04/2024 13:23:31 - Everything_Is_M@GiC[2000008]: @jump
02/04/2024 13:23:33 - Everything_Is_M@GiC[2000008]: @jump
02/04/2024 13:23:34 - Everything_Is_M@GiC[2000008]: @jump
02/04/2024 13:23:35 - Everything_Is_M@GiC[2000008]: @jump
02/04/2024 13:23:39 - Everything_Is_M@GiC[2000008]: @jump
02/04/2024 13:23:40 - Everything_Is_M@GiC[2000008]: @jump
02/04/2024 13:23:41 - Everything_Is_M@GiC[2000008]: @jump
02/04/2024 13:23:42 - Everything_Is_M@GiC[2000008]: @jump
02/04/2024 13:23:44 - Everything_Is_M@GiC[2000008]: @jump
02/04/2024 13:23:45 - Everything_Is_M@GiC[2000008]: @jump
02/04/2024 13:23:51 - Everything_Is_M@GiC[2000008]: @jump
02/04/2024 13:23:59 - Everything_Is_M@GiC[2000008]: @jump
02/04/2024 13:24:01 - Everything_Is_M@GiC[2000008]: @jump
02/04/2024 13:24:02 - Everything_Is_M@GiC[2000008]: @jump
02/04/2024 13:24:03 - Everything_Is_M@GiC[2000008]: @jump
02/04/2024 13:24:06 - Everything_Is_M@GiC[2000008]: @jump
02/04/2024 13:24:07 - Everything_Is_M@GiC[2000008]: @jump
02/04/2024 13:24:08 - Everything_Is_M@GiC[2000008]: @jump
02/04/2024 13:24:14 - Everything_Is_M@GiC[2000008]: @jump
02/04/2024 13:24:20 - Everything_Is_M@GiC[2000008]: @jump
02/04/2024 13:24:44 - Everything_Is_M@GiC[2000008]: @jump
02/04/2024 13:24:48 - Everything_Is_M@GiC[2000008]: @jump
02/04/2024 13:24:50 - Everything_Is_M@GiC[2000008]: @jump
02/04/2024 13:25:05 - Everything_Is_M@GiC[2000008]: @jump
02/04/2024 13:25:09 - Everything_Is_M@GiC[2000008]: @jump
02/04/2024 13:25:12 - Everything_Is_M@GiC[2000008]: @jump
02/04/2024 13:25:22 - Everything_Is_M@GiC[2000008]: @jump
02/04/2024 13:25:23 - Everything_Is_M@GiC[2000008]: @jump
02/04/2024 13:25:25 - Everything_Is_M@GiC[2000008]: @jump
02/04/2024 13:25:26 - Everything_Is_M@GiC[2000008]: @jump
02/04/2024 13:25:27 - Everything_Is_M@GiC[2000008]: @jump
02/04/2024 13:25:28 - Everything_Is_M@GiC[2000008]: @jump
02/04/2024 13:25:29 - Everything_Is_M@GiC[2000008]: @jump
02/04/2024 13:25:30 - Everything_Is_M@GiC[2000008]: @jump
02/04/2024 13:25:31 - Everything_Is_M@GiC[2000008]: @jump
02/04/2024 13:25:54 - Everything_Is_M@GiC[2000008]: @jump
02/04/2024 13:25:55 - Everything_Is_M@GiC[2000008]: @jump
02/04/2024 13:25:57 - Everything_Is_M@GiC[2000008]: @jump
02/04/2024 13:26:13 - Everything_Is_M@GiC[2000008]: @jump
02/04/2024 13:26:17 - Everything_Is_M@GiC[2000008]: @jump
02/04/2024 13:26:18 - Everything_Is_M@GiC[2000008]: @jump
02/04/2024 13:26:20 - Everything_Is_M@GiC[2000008]: @jump
02/04/2024 13:26:26 - Everything_Is_M@GiC[2000008]: @jump
02/04/2024 13:26:27 - Everything_Is_M@GiC[2000008]: @jump
02/04/2024 13:26:28 - Everything_Is_M@GiC[2000008]: @jump
02/04/2024 14:03:53 - U CaNNoT StoP ME[2000007]: @monster high_orc 1000
02/04/2024 14:04:45 - The_DeViL_HiMSelF[2000003]: @heal
02/04/2024 14:05:09 - The_DeViL_HiMSelF[2000003]: @hide
02/04/2024 14:05:57 - The_DeViL_HiMSelF[2000003]: @hide
02/04/2024 14:11:44 - Hit Man![2000006]: @warp gl_cas02
02/04/2024 16:48:39 - SoLiTuDE[2000000]: @str 200
02/04/2024 16:48:42 - SoLiTuDE[2000000]: @str 200
02/04/2024 16:48:44 - SoLiTuDE[2000000]: @str 200
02/04/2024 16:48:54 - SoLiTuDE[2000000]: @heal
02/04/2024 16:49:05 - DiRT_Nap[2000002]: @heal
02/04/2024 16:49:30 - The_DeViL_HiMSelF[2000003]: @str 500
02/04/2024 16:49:35 - The_DeViL_HiMSelF[2000003]: @str 50
02/04/2024 18:15:24 - Dark_Fire[2000004]: @monster zombie_prisoner 5
02/04/2024 18:15:26 - Dark_Fire[2000004]: @heal
02/04/2024 18:15:34 - Dark_Fire[2000004]: @str 1000
02/04/2024 18:16:56 - Everything_Is_M@GiC[2000008]: @monster knight_of_abyss 200
02/04/2024 18:17:16 - Everything_Is_M@GiC[2000008]: @monster wanderer 100
02/04/2024 18:17:39 - Everything_Is_M@GiC[2000008]: @monster nigghtmare 100
02/04/2024 18:17:46 - Everything_Is_M@GiC[2000008]: @monster ngghtmare 100
02/04/2024 18:17:56 - Everything_Is_M@GiC[2000008]: @monster nightmare 100
02/04/2024 18:18:02 - Everything_Is_M@GiC[2000008]: @monster baphomet 5
02/04/2024 18:19:40 - U CaNNoT StoP ME[2000007]: @monster high_orc 1000
02/04/2024 18:19:51 - U CaNNoT StoP ME[2000007]: @monster high_orc 1000
02/04/2024 18:20:02 - U CaNNoT StoP ME[2000007]: @jump
02/04/2024 18:20:06 - U CaNNoT StoP ME[2000007]: @monster high_orc 1000
02/04/2024 18:20:08 - U CaNNoT StoP ME[2000007]: @jump
02/04/2024 18:20:09 - U CaNNoT StoP ME[2000007]: @monster high_orc 1000
02/04/2024 18:20:09 - U CaNNoT StoP ME[2000007]: @jump
02/04/2024 18:21:03 - Hit Man![2000006]: @heal
02/04/2024 18:21:08 - Hit Man![2000006]: @item white_potion 100
02/04/2024 18:21:14 - Hit Man![2000006]: @item blue_potion 30
02/04/2024 18:21:46 - The_DeViL_HiMSelF[2000003]: @speed 5
02/04/2024 18:21:55 - SoLiTuDE[2000000]: @speed 5
02/04/2024 18:21:59 - Hit Man![2000006]: @speed 5
02/04/2024 18:28:25 - Everything_Is_M@GiC[2000008]: @monster baphomet
02/04/2024 18:28:40 - Everything_Is_M@GiC[2000008]: @jump
02/04/2024 18:28:51 - Everything_Is_M@GiC[2000008]: @jump
02/04/2024 18:28:52 - Everything_Is_M@GiC[2000008]: @jump
02/04/2024 18:28:55 - Everything_Is_M@GiC[2000008]: @jump
02/04/2024 18:29:00 - Everything_Is_M@GiC[2000008]: @jump
02/04/2024 18:29:01 - Everything_Is_M@GiC[2000008]: @jump
02/04/2024 18:29:02 - Everything_Is_M@GiC[2000008]: @jump
02/04/2024 18:29:04 - Everything_Is_M@GiC[2000008]: @jump
02/04/2024 18:29:06 - Everything_Is_M@GiC[2000008]: @jump
02/04/2024 18:29:08 - Everything_Is_M@GiC[2000008]: @jump
02/04/2024 18:29:09 - Everything_Is_M@GiC[2000008]: @jump
02/04/2024 18:29:10 - Everything_Is_M@GiC[2000008]: @jump
02/04/2024 18:29:11 - Everything_Is_M@GiC[2000008]: @jump
02/04/2024 18:29:12 - Everything_Is_M@GiC[2000008]: @jump
02/04/2024 18:30:05 - Dark_Fire[2000004]: @monster zombie_prisoner 5
02/04/2024 18:30:06 - Dark_Fire[2000004]: @monster zombie_prisoner 5
02/04/2024 18:30:08 - Dark_Fire[2000004]: @monster zombie_prisoner 5
02/04/2024 18:30:10 - Dark_Fire[2000004]: @monster zombie_prisoner 5
02/04/2024 18:30:34 - Everything_Is_M@GiC[2000008]: @jump
02/04/2024 18:30:44 - Everything_Is_M@GiC[2000008]: @monster baphomet
02/04/2024 18:30:50 - Everything_Is_M@GiC[2000008]: @monster baphomet
02/04/2024 18:32:02 - SoLiTuDE[2000000]: @speed 5
02/04/2024 18:34:07 - Hit Man![2000006]: @speed 5
02/04/2024 18:34:14 - Hit Man![2000006]: @item berserk_potion 10
02/04/2024 18:34:24 - The_Killer[2000001]: @item berserkpotion 10
02/04/2024 18:35:24 - Everything_Is_M@GiC[2000008]: @jump
02/04/2024 18:35:26 - Everything_Is_M@GiC[2000008]: @jump
02/04/2024 18:35:33 - Everything_Is_M@GiC[2000008]: @jump
02/04/2024 18:35:35 - Everything_Is_M@GiC[2000008]: @jump
02/04/2024 18:35:36 - Everything_Is_M@GiC[2000008]: @jump
02/04/2024 18:35:37 - Everything_Is_M@GiC[2000008]: @jump
02/04/2024 18:35:38 - Everything_Is_M@GiC[2000008]: @jump
02/04/2024 18:35:39 - Everything_Is_M@GiC[2000008]: @jump
02/04/2024 18:35:45 - Everything_Is_M@GiC[2000008]: @jump
02/04/2024 18:35:52 - Everything_Is_M@GiC[2000008]: @jump
02/04/2024 18:35:53 - Everything_Is_M@GiC[2000008]: @jump
02/04/2024 18:35:54 - Everything_Is_M@GiC[2000008]: @jump
02/04/2024 18:35:58 - Everything_Is_M@GiC[2000008]: @jump
02/04/2024 18:35:59 - Everything_Is_M@GiC[2000008]: @jump
02/04/2024 18:36:00 - Everything_Is_M@GiC[2000008]: @jump
02/04/2024 18:36:01 - Everything_Is_M@GiC[2000008]: @jump
02/04/2024 18:36:02 - Everything_Is_M@GiC[2000008]: @jump
02/04/2024 18:36:04 - Everything_Is_M@GiC[2000008]: @jump
02/04/2024 18:36:08 - Everything_Is_M@GiC[2000008]: @jump
02/04/2024 18:36:09 - Everything_Is_M@GiC[2000008]: @jump
02/04/2024 18:36:10 - Everything_Is_M@GiC[2000008]: @jump
02/04/2024 19:44:51 - Everything_Is_M@GiC[2000008]: @monster knight_of_abyss 200
02/04/2024 19:44:58 - Everything_Is_M@GiC[2000008]: @monster nightmare 100
02/04/2024 19:45:00 - Everything_Is_M@GiC[2000008]: @monster wanderer 100
02/04/2024 19:46:12 - Everything_Is_M@GiC[2000008]: @monster baphomet 5
02/04/2024 19:46:36 - Everything_Is_M@GiC[2000008]: @jump
02/04/2024 19:46:48 - Everything_Is_M@GiC[2000008]: @jump
02/04/2024 19:46:49 - Everything_Is_M@GiC[2000008]: @jump
02/04/2024 19:46:50 - Everything_Is_M@GiC[2000008]: @jump
02/04/2024 19:46:51 - Everything_Is_M@GiC[2000008]: @jump
02/04/2024 19:46:53 - Everything_Is_M@GiC[2000008]: @jump
02/04/2024 19:47:03 - Everything_Is_M@GiC[2000008]: @jump
02/04/2024 19:47:05 - Everything_Is_M@GiC[2000008]: @jump
02/04/2024 19:48:33 - Everything_Is_M@GiC[2000008]: @monster knight_of_abyss 20
02/04/2024 19:49:22 - Hit Man![2000006]: @heal
02/04/2024 19:49:29 - Hit Man![2000006]: @warp gl_cas02
02/04/2024 19:49:35 - Hit Man![2000006]: @item white_potion 100
02/04/2024 19:49:41 - Hit Man![2000006]: @item blue_potion 100
02/04/2024 19:50:55 - The_DeViL_HiMSelF[2000003]: @item berserk_potion 10
02/04/2024 19:53:06 - DiRT_Nap[2000002]: @monster zombie_prisoner 5
02/04/2024 19:53:09 - DiRT_Nap[2000002]: @monster zombie_prisoner 5
02/04/2024 19:53:15 - DiRT_Nap[2000002]: @monster zombie_prisoner 5
02/04/2024 19:53:15 - DiRT_Nap[2000002]: @monster zombie_prisoner 5
02/04/2024 19:53:17 - DiRT_Nap[2000002]: @monster zombie_prisoner 5
02/04/2024 19:53:19 - DiRT_Nap[2000002]: @monster zombie_prisoner 5
02/04/2024 19:53:22 - DiRT_Nap[2000002]: @monster zombie_prisoner 5
02/04/2024 19:53:23 - DiRT_Nap[2000002]: @monster zombie_prisoner 5
02/04/2024 19:53:25 - DiRT_Nap[2000002]: @monster zombie_prisoner 5
02/04/2024 19:53:41 - The_DeViL_HiMSelF[2000003]: @monster baphomety
02/04/2024 19:53:55 - The_DeViL_HiMSelF[2000003]: @monster baphomety
02/04/2024 19:54:06 - The_DeViL_HiMSelF[2000003]: @monster baphomet
02/04/2024 19:54:21 - The_DeViL_HiMSelF[2000003]: @monster baphomet
02/04/2024 19:54:29 - The_DeViL_HiMSelF[2000003]: @monster baphomet
02/04/2024 19:54:33 - The_DeViL_HiMSelF[2000003]: @monster baphomet
02/04/2024 19:55:59 - The_DeViL_HiMSelF[2000003]: @heal
02/04/2024 19:56:06 - The_DeViL_HiMSelF[2000003]: @warp gl_cas
02/04/2024 19:56:09 - The_DeViL_HiMSelF[2000003]: @warp gl_cas02
02/04/2024 19:57:02 - Hit Man![2000006]: @warp gl_cas02
02/04/2024 19:57:10 - Hit Man![2000006]: @heal
02/04/2024 19:57:14 - Hit Man![2000006]: @speed 5
02/04/2024 19:58:35 - The_DeViL_HiMSelF[2000003]: @jump
02/04/2024 19:58:37 - The_DeViL_HiMSelF[2000003]: @jump
02/04/2024 19:58:51 - The_DeViL_HiMSelF[2000003]: @jump
02/04/2024 19:58:55 - The_DeViL_HiMSelF[2000003]: @jump
02/04/2024 19:58:56 - The_DeViL_HiMSelF[2000003]: @jump
02/04/2024 19:58:59 - The_DeViL_HiMSelF[2000003]: @jump
02/04/2024 19:59:01 - The_DeViL_HiMSelF[2000003]: @jump
02/04/2024 19:59:51 - The_DeViL_HiMSelF[2000003]: @jump
02/04/2024 19:59:55 - The_DeViL_HiMSelF[2000003]: @jump
02/04/2024 19:59:57 - The_DeViL_HiMSelF[2000003]: @jump
02/04/2024 20:00:03 - The_DeViL_HiMSelF[2000003]: @jump
02/04/2024 20:00:06 - The_DeViL_HiMSelF[2000003]: @jump
02/04/2024 20:00:07 - The_DeViL_HiMSelF[2000003]: @jump
02/04/2024 20:00:09 - The_DeViL_HiMSelF[2000003]: @jump
02/04/2024 20:00:10 - The_DeViL_HiMSelF[2000003]: @jump
02/04/2024 20:00:11 - The_DeViL_HiMSelF[2000003]: @jump
02/04/2024 20:00:13 - The_DeViL_HiMSelF[2000003]: @jump
02/04/2024 20:00:14 - The_DeViL_HiMSelF[2000003]: @jump
02/04/2024 20:00:15 - The_DeViL_HiMSelF[2000003]: @jump
02/04/2024 20:00:17 - The_DeViL_HiMSelF[2000003]: @jump
02/04/2024 20:00:18 - The_DeViL_HiMSelF[2000003]: @jump
02/04/2024 20:00:43 - The_DeViL_HiMSelF[2000003]: @monster baphomet
02/04/2024 20:00:52 - The_DeViL_HiMSelF[2000003]: @monster baphomet
02/04/2024 20:01:02 - The_DeViL_HiMSelF[2000003]: @monster baphomet
02/04/2024 20:01:06 - The_DeViL_HiMSelF[2000003]: @monster baphomet
02/04/2024 20:01:11 - The_DeViL_HiMSelF[2000003]: @monster baphomet
02/04/2024 20:01:22 - SoLiTuDE[2000000]: @speed 5
02/04/2024 20:01:24 - The_DeViL_HiMSelF[2000003]: @monster baphomet
02/04/2024 20:01:27 - The_DeViL_HiMSelF[2000003]: @monster baphomet
02/04/2024 20:01:33 - The_DeViL_HiMSelF[2000003]: @monster baphomet
02/04/2024 20:01:48 - The_DeViL_HiMSelF[2000003]: @monster baphomet
02/04/2024 20:01:52 - The_DeViL_HiMSelF[2000003]: @monster baphomet
02/04/2024 20:01:58 - The_DeViL_HiMSelF[2000003]: @monster baphomet
02/04/2024 20:02:03 - The_DeViL_HiMSelF[2000003]: @monster baphomet
02/04/2024 20:02:09 - The_DeViL_HiMSelF[2000003]: @monster baphomet
02/04/2024 20:02:12 - The_DeViL_HiMSelF[2000003]: @monster baphomet
02/04/2024 20:02:20 - The_DeViL_HiMSelF[2000003]: @monster baphomet
02/04/2024 20:02:28 - The_DeViL_HiMSelF[2000003]: @monster baphomet
02/04/2024 20:02:34 - The_DeViL_HiMSelF[2000003]: @monster baphomet
02/04/2024 20:02:51 - The_DeViL_HiMSelF[2000003]: @monster baphomet
02/04/2024 20:02:54 - The_DeViL_HiMSelF[2000003]: @monster baphomet
02/04/2024 20:05:09 - The_Killer[2000001]: @str 100
02/04/2024 20:05:17 - The_Killer[2000001]: @agi 100
02/04/2024 20:05:23 - The_Killer[2000001]: @vit 100
02/04/2024 20:06:49 - The_DeViL_HiMSelF[2000003]: @monster baphomet
02/04/2024 20:06:53 - The_DeViL_HiMSelF[2000003]: @monster baphomet
02/04/2024 20:06:56 - The_DeViL_HiMSelF[2000003]: @monster baphomet
02/04/2024 20:07:02 - The_DeViL_HiMSelF[2000003]: @monster baphomet
02/04/2024 20:07:13 - The_DeViL_HiMSelF[2000003]: @monster baphomet
02/04/2024 20:07:25 - The_DeViL_HiMSelF[2000003]: @monster baphomet
02/04/2024 20:07:31 - The_DeViL_HiMSelF[2000003]: @monster baphomet
02/04/2024 20:07:47 - The_DeViL_HiMSelF[2000003]: @monster baphomet
02/04/2024 20:07:58 - The_DeViL_HiMSelF[2000003]: @monster baphomet
02/04/2024 20:08:28 - The_DeViL_HiMSelF[2000003]: @monster baphomet
02/04/2024 20:08:51 - The_DeViL_HiMSelF[2000003]: @monster baphomet
02/04/2024 20:08:57 - The_DeViL_HiMSelF[2000003]: @monster baphomet
02/04/2024 20:09:27 - Hit Man![2000006]: @warp gl_cas02
02/04/2024 20:09:44 - Hit Man![2000006]: @alive
02/04/2024 20:09:46 - Hit Man![2000006]: @warp gl_cas02
02/04/2024 20:09:49 - Hit Man![2000006]: @heal
02/04/2024 20:10:31 - The_DeViL_HiMSelF[2000003]: @monster baphomet
02/04/2024 20:10:39 - The_DeViL_HiMSelF[2000003]: @monster baphomet
02/04/2024 20:10:49 - The_DeViL_HiMSelF[2000003]: @monster baphomet
02/04/2024 20:10:56 - The_DeViL_HiMSelF[2000003]: @monster baphomet
02/04/2024 20:11:08 - The_DeViL_HiMSelF[2000003]: @monster baphomet
02/04/2024 20:11:20 - The_DeViL_HiMSelF[2000003]: @monster baphomet
02/04/2024 20:11:23 - The_DeViL_HiMSelF[2000003]: @monster baphomet
02/04/2024 20:11:34 - The_DeViL_HiMSelF[2000003]: @monster baphomet
02/04/2024 20:12:15 - The_DeViL_HiMSelF[2000003]: @monster baphomet
02/04/2024 20:12:24 - The_DeViL_HiMSelF[2000003]: @monster baphomet
02/04/2024 20:12:29 - The_DeViL_HiMSelF[2000003]: @monster baphomet
02/04/2024 20:13:01 - The_DeViL_HiMSelF[2000003]: @monster baphomet
02/04/2024 20:13:08 - The_DeViL_HiMSelF[2000003]: @monster baphomet
02/04/2024 20:13:11 - The_DeViL_HiMSelF[2000003]: @monster baphomet
02/04/2024 20:15:06 - Hit Man![2000006]: @warp gl_cas002
02/04/2024 20:15:11 - Hit Man![2000006]: @warp gl_cas02
02/04/2024 20:15:14 - Hit Man![2000006]: @heal
02/04/2024 20:15:48 - The_DeViL_HiMSelF[2000003]: @monster baphomet
02/04/2024 20:15:53 - The_DeViL_HiMSelF[2000003]: @monster baphomet
02/04/2024 20:16:45 - The_DeViL_HiMSelF[2000003]: @monster baphomet
02/04/2024 20:17:01 - The_DeViL_HiMSelF[2000003]: @monster baphomet
02/04/2024 20:17:09 - The_DeViL_HiMSelF[2000003]: @monster baphomet
02/04/2024 20:17:14 - The_DeViL_HiMSelF[2000003]: @monster baphomet
02/04/2024 20:17:21 - The_DeViL_HiMSelF[2000003]: @monster baphomet
02/04/2024 20:17:27 - The_DeViL_HiMSelF[2000003]: @monster baphomet
02/04/2024 20:18:38 - The_DeViL_HiMSelF[2000003]: @monster baphomet
02/04/2024 20:18:43 - The_DeViL_HiMSelF[2000003]: @monster baphomet
02/04/2024 20:20:39 - Hit Man![2000006]: @item white_potion 100
02/04/2024 20:20:48 - Hit Man![2000006]: @warp gl_cas02
02/04/2024 20:20:54 - Hit Man![2000006]: @heal
02/04/2024 20:20:56 - Hit Man![2000006]: @speed 5
02/04/2024 20:21:12 - Hit Man![2000006]: @heal
02/05/2024 02:47:37 - The_DeViL_HiMSelF[2000003]: @heal
02/05/2024 12:03:48 - The_DeViL_HiMSelF[2000003]: @heal
02/05/2024 12:06:37 - DiRT_Nap[2000002]: @heal
02/05/2024 12:06:40 - DiRT_Nap[2000002]: @item silver_arrow 30000
02/05/2024 13:54:00 - The_DeViL_HiMSelF[2000003]: @heal
02/05/2024 13:54:05 - The_DeViL_HiMSelF[2000003]: @item berserk_potion 20
02/05/2024 13:54:56 - SoLiTuDE[2000000]: @hide
02/05/2024 13:56:30 - SoLiTuDE[2000000]: @item 656 20
02/05/2024 13:56:36 - SoLiTuDE[2000000]: @item blue_potion 50
02/05/2024 13:56:40 - SoLiTuDE[2000000]: @item white_potion 50
02/05/2024 13:58:02 - DiRT_Nap[2000002]: @hide
02/05/2024 13:59:28 - DiRT_Nap[2000002]: @item berserk_potion 20
02/05/2024 14:00:10 - U CaNNoT StoP ME[2000007]: @heal
02/05/2024 14:01:18 - U CaNNoT StoP ME[2000007]: @item blue_potion 30
02/05/2024 14:04:29 - U CaNNoT StoP ME[2000007]: @warp gef_fild14
02/05/2024 15:31:38 - Dark_Fire[2000004]: @hide
02/05/2024 15:32:18 - Dark_Fire[2000004]: @item blue_potion 50
02/05/2024 15:33:06 - U CaNNoT StoP ME[2000007]: @heal
02/05/2024 15:33:15 - U CaNNoT StoP ME[2000007]: @warp gef_fild14
02/05/2024 15:33:21 - U CaNNoT StoP ME[2000007]: @speed 5
02/05/2024 15:33:30 - U CaNNoT StoP ME[2000007]: @heal
02/05/2024 15:33:36 - U CaNNoT StoP ME[2000007]: @monster high_orc 10
02/05/2024 15:33:41 - U CaNNoT StoP ME[2000007]: @heal
02/05/2024 15:33:50 - U CaNNoT StoP ME[2000007]: @item white_potion 200
02/05/2024 15:33:55 - U CaNNoT StoP ME[2000007]: @item blue_potion 200
02/05/2024 15:34:06 - U CaNNoT StoP ME[2000007]: @item berserk_potion 30
02/05/2024 15:35:06 - Dark_Fire[2000004]: @monster zombie_prisoner 5
02/05/2024 15:35:09 - Dark_Fire[2000004]: @speed 5
02/05/2024 15:35:13 - DiRT_Nap[2000002]: @speed 5
02/05/2024 15:35:20 - DiRT_Nap[2000002]: @monster zombie_prisoner 5
02/05/2024 15:35:21 - DiRT_Nap[2000002]: @monster zombie_prisoner 5
02/05/2024 15:35:23 - Dark_Fire[2000004]: @speed 5
02/05/2024 15:35:26 - Dark_Fire[2000004]: @monster zombie_prisoner 5
02/05/2024 15:35:26 - Dark_Fire[2000004]: @monster zombie_prisoner 5
02/05/2024 15:35:27 - Dark_Fire[2000004]: @monster zombie_prisoner 5
02/05/2024 15:35:29 - DiRT_Nap[2000002]: @monster zombie_prisoner 5
02/05/2024 15:35:30 - DiRT_Nap[2000002]: @monster zombie_prisoner 5
02/05/2024 15:35:31 - Dark_Fire[2000004]: @monster zombie_prisoner 5
02/05/2024 15:35:32 - Dark_Fire[2000004]: @monster zombie_prisoner 5
02/05/2024 15:35:33 - DiRT_Nap[2000002]: @monster zombie_prisoner 5
02/05/2024 15:35:34 - DiRT_Nap[2000002]: @monster zombie_prisoner 5
02/05/2024 15:35:38 - DiRT_Nap[2000002]: @heal
02/05/2024 15:36:32 - DiRT_Nap[2000002]: @hide
02/05/2024 15:37:18 - DiRT_Nap[2000002]: @heal
02/05/2024 15:37:42 - DiRT_Nap[2000002]: @item creamy_card
02/05/2024 15:37:44 - DiRT_Nap[2000002]: @item clip
02/05/2024 15:42:37 - DiRT_Nap[2000002]: @speed 5
02/05/2024 15:44:20 - U CaNNoT StoP ME[2000007]: @heal
02/05/2024 15:44:42 - U CaNNoT StoP ME[2000007]: @warp gef_fild14
02/05/2024 15:44:55 - U CaNNoT StoP ME[2000007]: @monster high_orc 5
02/05/2024 15:44:58 - U CaNNoT StoP ME[2000007]: @vit 100
02/05/2024 15:45:02 - U CaNNoT StoP ME[2000007]: @int 100
02/05/2024 15:45:14 - U CaNNoT StoP ME[2000007]: @agi 40
02/05/2024 15:55:06 - U CaNNoT StoP ME[2000007]: @speed 5
02/05/2024 15:55:23 - U CaNNoT StoP ME[2000007]: @item white_potion 200
02/05/2024 15:55:26 - U CaNNoT StoP ME[2000007]: @heal
02/05/2024 16:05:58 - U CaNNoT StoP ME[2000007]: @warp gef_fild14
02/05/2024 16:06:05 - U CaNNoT StoP ME[2000007]: @heal
02/05/2024 16:06:08 - U CaNNoT StoP ME[2000007]: @speed 5
02/05/2024 16:06:29 - U CaNNoT StoP ME[2000007]: @monster high_orc 3
02/05/2024 16:06:30 - U CaNNoT StoP ME[2000007]: @monster high_orc 3
02/05/2024 16:06:37 - U CaNNoT StoP ME[2000007]: @heal
02/05/2024 16:11:02 - U CaNNoT StoP ME[2000007]: @item 2342
02/05/2024 16:11:18 - U CaNNoT StoP ME[2000007]: @item 4054
02/05/2024 16:12:10 - U CaNNoT StoP ME[2000007]: @refine 0 10
02/05/2024 16:12:21 - U CaNNoT StoP ME[2000007]: @monster high_orc 10
02/05/2024 16:12:37 - U CaNNoT StoP ME[2000007]: @monster high_orc 10
02/05/2024 16:12:42 - U CaNNoT StoP ME[2000007]: @heal
02/05/2024 16:12:59 - U CaNNoT StoP ME[2000007]: @warp gef_fild14
02/05/2024 16:14:50 - U CaNNoT StoP ME[2000007]: @monster high_orc 10
02/05/2024 16:15:12 - U CaNNoT StoP ME[2000007]: @heal
02/05/2024 20:20:57 - U CaNNoT StoP ME[2000007]: @monster high_orc 10
02/05/2024 20:21:06 - U CaNNoT StoP ME[2000007]: @monster high_orc 10
02/05/2024 20:21:06 - U CaNNoT StoP ME[2000007]: @monster high_orc 10
02/05/2024 20:21:07 - U CaNNoT StoP ME[2000007]: @monster high_orc 10
02/05/2024 20:21:15 - U CaNNoT StoP ME[2000007]: @heal
02/05/2024 20:21:21 - U CaNNoT StoP ME[2000007]: @monster high_orc 10
02/05/2024 20:21:21 - U CaNNoT StoP ME[2000007]: @monster high_orc 10
02/05/2024 20:21:44 - U CaNNoT StoP ME[2000007]: @monster high_orc 10
02/05/2024 20:21:46 - U CaNNoT StoP ME[2000007]: @monster high_orc 10
02/05/2024 20:28:38 - U CaNNoT StoP ME[2000007]: @monster high_orc 10
02/05/2024 20:28:39 - U CaNNoT StoP ME[2000007]: @monster high_orc 10
02/05/2024 20:28:40 - U CaNNoT StoP ME[2000007]: @monster high_orc 10
02/05/2024 20:30:12 - SoLiTuDE[2000000]: @item 656 10
02/05/2024 20:30:18 - SoLiTuDE[2000000]: @item white_potion 20
02/05/2024 20:30:23 - SoLiTuDE[2000000]: @item blue_potion 20
02/05/2024 20:31:35 - The_DeViL_HiMSelF[2000003]: @item blue_potion 50
02/05/2024 20:31:39 - The_DeViL_HiMSelF[2000003]: @item white_potion 30
02/05/2024 20:31:48 - The_DeViL_HiMSelF[2000003]: @item berserk_potion 10
02/05/2024 20:31:55 - SoLiTuDE[2000000]: @speed 5
03/09/2024 21:16:13 - DiRT_Nap[2000002]: @item silver_arrrow 30000
03/09/2024 21:16:19 - DiRT_Nap[2000002]: @item silver_arrow 30000
03/09/2024 21:22:50 - Dark_Fire[2000004]: @warp gl_prison
03/10/2024 21:36:42 - DiRT_Nap[2000002]: @item silver_arrow 5000
03/10/2024 21:36:51 - DiRT_Nap[2000002]: @item silver_arrow 25000
03/10/2024 21:37:04 - U CaNNoT StoP ME[2000007]: @heal
03/10/2024 21:37:16 - The_DeViL_HiMSelF[2000003]: @heal
03/10/2024 21:37:32 - U CaNNoT StoP ME[2000007]: @heal
07/28/2024 20:57:09 - ToPPY[2000000]: @warp gl_chyard'
07/28/2024 20:57:34 - ToPPY[2000000]: @warp gl_chyard
07/28/2024 21:01:16 - Everything is Magic![2000005]: @warp prontera
07/28/2024 21:01:22 - Everything is Magic![2000005]: @int 99
07/28/2024 21:01:38 - Everything is Magic![2000005]: @lvup 15
07/28/2024 21:01:45 - Everything is Magic![2000005]: @joblvup 10
07/28/2024 21:02:03 - Everything is Magic![2000005]: @vit 50
07/28/2024 21:02:04 - Everything is Magic![2000005]: @heal
07/28/2024 21:02:09 - Everything is Magic![2000005]: @speed 5
07/28/2024 21:02:25 - Everything is Magic![2000005]: @jobchange 4
07/28/2024 21:02:28 - Everything is Magic![2000005]: @jobchange 3
07/28/2024 21:02:31 - Everything is Magic![2000005]: @jobchange 2
07/28/2024 21:02:55 - Everything is Magic![2000005]: @speed 5
07/28/2024 21:10:51 - Aim & Shoot[2000006]: @warp prontera
07/28/2024 21:10:56 - Aim & Shoot[2000006]: @jump
07/28/2024 21:10:59 - Aim & Shoot[2000006]: @speed 5
07/28/2024 21:11:23 - Aim & Shoot[2000006]: @joblvl 10
07/28/2024 21:12:15 - Aim & Shoot[2000006]: @lvup 15
07/28/2024 21:12:19 - Aim & Shoot[2000006]: @dex 50
07/28/2024 21:12:21 - Aim & Shoot[2000006]: @vit 100
07/28/2024 21:12:24 - Aim & Shoot[2000006]: @str 100
07/28/2024 21:12:25 - Aim & Shoot[2000006]: @heal
07/28/2024 21:12:40 - Aim & Shoot[2000006]: @jobchange 2
07/28/2024 21:12:42 - Aim & Shoot[2000006]: @jobchange 3
07/28/2024 21:12:57 - Aim & Shoot[2000006]: @item arrow
07/28/2024 21:13:37 - Aim & Shoot[2000006]: @item bow 1
07/28/2024 21:13:41 - Aim & Shoot[2000006]: @item arrow 1000
07/28/2024 21:13:56 - Aim & Shoot[2000006]: @joblevel 10
07/28/2024 21:14:09 - Aim & Shoot[2000006]: @joblevel 10
07/28/2024 21:14:37 - Aim & Shoot[2000006]: @speed 5
07/28/2024 21:21:44 - Everything is Magic![2000005]: @speed 5
07/28/2024 21:22:32 - Everything is Magic![2000005]: @dex 20
07/28/2024 21:22:59 - Everything is Magic![2000005]: @monster rocker 50
07/28/2024 21:39:02 - Everything is Magic![2000005]: @item creamy 100
07/28/2024 21:39:09 - Everything is Magic![2000005]: @monster creamy 100
07/28/2024 21:50:11 - Everything is Magic![2000005]: @monster rocker
07/28/2024 21:50:17 - Everything is Magic![2000005]: @monster rocker 50
07/28/2024 21:51:13 - Aim & Shoot[2000006]: @monster rocker 100
07/28/2024 21:51:33 - Aim & Shoot[2000006]: @jump
07/28/2024 21:51:35 - Everything is Magic![2000005]: @jump
07/28/2024 22:21:32 - Aim & Shoot[2000006]: @item arrow 1000
07/28/2024 22:27:06 - Aim & Shoot[2000006]: @heal
07/28/2024 22:27:09 - Aim & Shoot[2000006]: @speed 0
07/28/2024 22:31:45 - Everything is Magic![2000005]: @heal
07/28/2024 22:49:45 - Aim & Shoot[2000006]: @item Arrow 1000
07/28/2024 22:50:08 - Everything is Magic![2000005]: @monster rocker 1000
07/28/2024 22:50:18 - Everything is Magic![2000005]: @monster creamy 10000
07/28/2024 22:50:41 - Aim & Shoot[2000006]: @monster rocker 1000
07/28/2024 22:55:58 - Everything is Magic![2000005]: @monster hode 2
07/28/2024 23:03:08 - Aim & Shoot[2000006]: @item arrow 10000
07/28/2024 23:13:07 - Everything is Magic![2000005]: @monster 1127
07/28/2024 23:13:30 - Everything is Magic![2000005]: @monster 1127
07/28/2024 23:13:47 - Everything is Magic![2000005]: @monster 1127
07/28/2024 23:13:56 - Aim & Shoot[2000006]: @monster 1127 5
07/28/2024 23:14:15 - Everything is Magic![2000005]: @monster 1127
07/28/2024 23:15:01 - Everything is Magic![2000005]: @monster 1127
07/28/2024 23:21:50 - Everything is Magic![2000005]: @monster 1127
07/28/2024 23:22:02 - Everything is Magic![2000005]: @dex 30
07/28/2024 23:22:11 - Aim & Shoot[2000006]: @vit 30
07/28/2024 23:22:15 - Aim & Shoot[2000006]: @monster 1127 5
07/28/2024 23:22:27 - Everything is Magic![2000005]: @monster 1127 3
07/28/2024 23:22:34 - Everything is Magic![2000005]: @int 30
07/28/2024 23:22:45 - Everything is Magic![2000005]: @monster 1127 3
07/28/2024 23:22:59 - Everything is Magic![2000005]: @heal
07/28/2024 23:26:27 - Everything is Magic![2000005]: @monster 1095 5
07/28/2024 23:26:56 - Everything is Magic![2000005]: @monster 1266 20
07/28/2024 23:27:13 - Everything is Magic![2000005]: @monster 1494 20
07/28/2024 23:27:15 - Everything is Magic![2000005]: @monster 1266 20
07/28/2024 23:27:34 - Everything is Magic![2000005]: @monster 1820 20r 1820 20
07/28/2024 23:27:40 - Everything is Magic![2000005]: @monster 1820 20
07/28/2024 23:28:17 - Everything is Magic![2000005]: @monster 1103 50
07/28/2024 23:28:39 - Everything is Magic![2000005]: @monster 1104 40
07/28/2024 23:28:54 - Everything is Magic![2000005]: @monster 1105 20
07/28/2024 23:29:40 - Everything is Magic![2000005]: @hide
07/28/2024 23:29:55 - Everything is Magic![2000005]: @monster 1368 20
07/28/2024 23:30:27 - Everything is Magic![2000005]: @monster 1528 20
07/28/2024 23:30:44 - Aim & Shoot[2000006]: @agi 50
07/28/2024 23:30:53 - Aim & Shoot[2000006]: @dex 30
07/28/2024 23:32:36 - Aim & Shoot[2000006]: @hide
07/28/2024 23:33:18 - Aim & Shoot[2000006]: @item fire_arrow 10000
07/28/2024 23:33:41 - Aim & Shoot[2000006]: @item fire_arrow 10000
07/28/2024 23:33:58 - Aim & Shoot[2000006]: @agi 20
07/28/2024 23:34:02 - Everything is Magic![2000005]: @agi 30
07/28/2024 23:34:07 - Everything is Magic![2000005]: @dex 20
07/28/2024 23:34:18 - Everything is Magic![2000005]: @int 30
07/28/2024 23:35:01 - Everything is Magic![2000005]: @monster 2135 20
07/28/2024 23:35:26 - Everything is Magic![2000005]: @monster 2074 5
07/28/2024 23:35:32 - Everything is Magic![2000005]: @monster 2074 50
07/28/2024 23:35:41 - Everything is Magic![2000005]: @monster 1672 30
07/28/2024 23:35:52 - Everything is Magic![2000005]: @monster 1506 30
07/28/2024 23:36:12 - Aim & Shoot[2000006]: @monster clock 100
07/28/2024 23:41:11 - Aim & Shoot[2000006]: @dex -20
07/28/2024 23:41:15 - Everything is Magic![2000005]: @int -30
07/28/2024 23:41:27 - Everything is Magic![2000005]: @int -60
07/28/2024 23:41:50 - Aim & Shoot[2000006]: @dex -30
07/28/2024 23:42:17 - Everything is Magic![2000005]: @int -20
07/28/2024 23:42:48 - Aim & Shoot[2000006]: @item FIre Arrow 10000
07/28/2024 23:42:55 - Aim & Shoot[2000006]: @item Fire Arrow 10000
07/28/2024 23:43:02 - Aim & Shoot[2000006]: @item Fire_Arrow 10000
07/28/2024 23:44:08 - Everything is Magic![2000005]: @heal
07/29/2024 09:55:16 - Aim & Shoot[2000006]: @item FIre Arrow 30000
07/29/2024 09:55:27 - Aim & Shoot[2000006]: @item Fire_Arrow 30000
07/29/2024 09:55:42 - Aim & Shoot[2000006]: @item fire_arrow 20000
07/29/2024 09:56:18 - Aim & Shoot[2000006]: @monster clock 100
07/29/2024 09:56:24 - Everything is Magic![2000005]: @monster clock 200
07/29/2024 09:56:39 - Everything is Magic![2000005]: @monster 2074 50
07/29/2024 09:56:45 - Everything is Magic![2000005]: @monster 1672 30
07/29/2024 09:56:48 - Everything is Magic![2000005]: @monster 2074 50
07/29/2024 09:56:56 - Everything is Magic![2000005]: @monster 1672 30
07/29/2024 09:57:51 - Everything is Magic![2000005]: @heal
07/29/2024 09:59:56 - Everything is Magic![2000005]: @heal
07/29/2024 10:00:57 - Everything is Magic![2000005]: @item 1615
07/29/2024 10:01:14 - Everything is Magic![2000005]: @item 2285
07/29/2024 10:02:03 - Everything is Magic![2000005]: @item 2504
07/29/2024 10:02:09 - Everything is Magic![2000005]: @item raydric_card
07/29/2024 10:02:19 - Everything is Magic![2000005]: @item 4133
07/29/2024 10:02:42 - Everything is Magic![2000005]: @hide
07/29/2024 10:03:22 - Everything is Magic![2000005]: @allskill
07/29/2024 10:04:08 - Everything is Magic![2000005]: @hide
07/29/2024 10:04:19 - Everything is Magic![2000005]: @monster clock 20
07/29/2024 10:04:22 - Everything is Magic![2000005]: @hide
07/29/2024 10:04:27 - Everything is Magic![2000005]: @monster alarm 20
07/29/2024 10:04:32 - Everything is Magic![2000005]: @hide
07/29/2024 10:05:44 - Everything is Magic![2000005]: @heal
07/29/2024 10:06:34 - Everything is Magic![2000005]: @warp tur_dun01
07/29/2024 10:07:02 - Everything is Magic![2000005]: @hide
07/29/2024 10:07:05 - Everything is Magic![2000005]: @heal
07/29/2024 10:09:30 - Everything is Magic![2000005]: @hide
07/29/2024 10:11:57 - Aim & Shoot[2000006]: @item 2285
07/29/2024 10:14:08 - Aim & Shoot[2000006]: @item 1712
07/29/2024 10:14:18 - Aim & Shoot[2000006]: @item 1711
07/29/2024 10:14:27 - Aim & Shoot[2000006]: @item hydra_card 2
07/29/2024 10:14:36 - Aim & Shoot[2000006]: @item skeleton_worker_card 1
07/29/2024 10:14:49 - Aim & Shoot[2000006]: @item 4092
07/29/2024 10:15:45 - Aim & Shoot[2000006]: @item awakening_potion 10
07/29/2024 10:15:54 - Aim & Shoot[2000006]: @item elven_ears 1
07/29/2024 10:16:13 - Aim & Shoot[2000006]: @agi 25
07/29/2024 10:16:27 - Aim & Shoot[2000006]: @heal
07/29/2024 10:16:31 - Aim & Shoot[2000006]: @alive
07/29/2024 10:16:52 - Aim & Shoot[2000006]: @alive
07/29/2024 10:17:11 - Aim & Shoot[2000006]: @jump tur_dun01
07/29/2024 10:17:18 - Aim & Shoot[2000006]: @warp tur_dun01
07/29/2024 10:17:24 - Aim & Shoot[2000006]: @hide
07/29/2024 10:17:41 - Aim & Shoot[2000006]: @heal
07/29/2024 10:18:20 - Aim & Shoot[2000006]: @heal
07/29/2024 10:18:40 - Aim & Shoot[2000006]: @jump 156 200
07/29/2024 10:19:58 - Aim & Shoot[2000006]: @jump 151 200
07/29/2024 10:20:13 - Everything is Magic![2000005]: @hide
07/29/2024 10:20:22 - Aim & Shoot[2000006]: @monster spring_rabbit 100
07/29/2024 10:20:31 - Aim & Shoot[2000006]: @monster dragon_fly 100
07/29/2024 10:21:00 - Aim & Shoot[2000006]: @allskill
07/29/2024 10:22:39 - Aim & Shoot[2000006]: @hide
07/29/2024 10:22:47 - Aim & Shoot[2000006]: @jump
07/29/2024 10:22:57 - Everything is Magic![2000005]: @hide
07/29/2024 11:31:36 - Aim & Shoot[2000006]: @item fire_arrow 5000
07/29/2024 11:31:56 - Everything is Magic![2000005]: @heal
07/29/2024 11:31:59 - Aim & Shoot[2000006]: @heal
07/29/2024 11:32:03 - Aim & Shoot[2000006]: @speed 5
07/29/2024 11:32:06 - Everything is Magic![2000005]: @speed 5
07/29/2024 14:38:20 - Aim & Shoot[2000006]: @item fire_arrow 20000
07/29/2024 14:39:39 - Aim & Shoot[2000006]: @agi -40
07/29/2024 14:40:05 - Everything is Magic![2000005]: @int -20
07/29/2024 14:40:08 - Everything is Magic![2000005]: @dex -20
07/29/2024 14:40:32 - Everything is Magic![2000005]: @monster spring_rabbit 1000
07/29/2024 14:40:50 - Aim & Shoot[2000006]: @monster dragon_tail 200
07/29/2024 14:41:02 - Aim & Shoot[2000006]: @monster spring_rabbit 200
07/29/2024 14:41:14 - Everything is Magic![2000005]: @monster dragon_tail 1000
07/29/2024 16:29:24 - Aim & Shoot[2000006]: @item fire_arrow 15000
07/29/2024 16:29:38 - Aim & Shoot[2000006]: @heal
07/29/2024 16:29:42 - Aim & Shoot[2000006]: @str 500
07/29/2024 16:29:53 - Everything is Magic![2000005]: @dex 500
07/29/2024 17:18:21 - Aim & Shoot[2000006]: @heal
07/29/2024 17:18:36 - Aim & Shoot[2000006]: @skillsall
07/29/2024 21:13:45 - Aim & Shoot[2000006]: @heal
07/29/2024 21:13:54 - Aim & Shoot[2000006]: @item fire_arrow 30000
07/29/2024 21:14:02 - Aim & Shoot[2000006]: @item fire_arrow 25000
07/29/2024 21:14:07 - Aim & Shoot[2000006]: @item fire_arrow 20000
07/29/2024 21:16:47 - Everything is Magic![2000005]: @heal
07/29/2024 21:16:56 - Everything is Magic![2000005]: @monster spring_rabbit 1000
07/29/2024 21:17:09 - Aim & Shoot[2000006]: @monster spring_rabbit 1000
07/29/2024 21:17:18 - Aim & Shoot[2000006]: @monster dragron_fry 1000
07/29/2024 21:17:34 - Everything is Magic![2000005]: @monster dragon_fry 1000
07/29/2024 21:17:48 - Aim & Shoot[2000006]: @monster dragron_fly 1000
07/29/2024 21:17:55 - Everything is Magic![2000005]: @monster dragon_fly 1000
07/29/2024 21:18:33 - Aim & Shoot[2000006]: @monster dragon_tail 1000
07/29/2024 21:18:42 - Everything is Magic![2000005]: @monster dragon_tail 1000
07/29/2024 21:18:46 - Everything is Magic![2000005]: @jump
07/29/2024 21:18:54 - Aim & Shoot[2000006]: @jump
07/29/2024 21:21:22 - Everything is Magic![2000005]: @monster solider 10000
07/29/2024 21:21:29 - Aim & Shoot[2000006]: @monster solider 1000
07/29/2024 21:21:57 - Everything is Magic![2000005]: @monster permeter 1000
07/29/2024 21:22:09 - Aim & Shoot[2000006]: @monster permeter 1000
07/29/2024 21:22:43 - Aim & Shoot[2000006]: @monster Assaulter 10000
07/29/2024 21:22:55 - Everything is Magic![2000005]: @monster Assaulter 1000
07/29/2024 21:28:44 - Aim & Shoot[2000006]: @jump
07/29/2024 21:31:04 - Aim & Shoot[2000006]: @jobchange 4004
07/29/2024 21:31:34 - Aim & Shoot[2000006]: @baselvlup 20
07/29/2024 21:31:46 - Aim & Shoot[2000006]: @baselevel 20
07/29/2024 21:31:52 - Aim & Shoot[2000006]: @baselevel -79
07/29/2024 21:32:13 - Aim & Shoot[2000006]: @agi 30
07/29/2024 21:32:41 - Aim & Shoot[2000006]: @speed 1
07/29/2024 21:33:58 - Aim & Shoot[2000006]: @item silver_arrow 2000
07/29/2024 21:34:41 - Aim & Shoot[2000006]: @warp moc_pryd03
07/29/2024 21:34:46 - Aim & Shoot[2000006]: @hide
07/29/2024 21:34:48 - Aim & Shoot[2000006]: @heal
07/29/2024 21:37:45 - Aim & Shoot[2000006]: @speed 5
07/29/2024 21:43:02 - Aim & Shoot[2000006]: @dex 100
07/29/2024 21:43:31 - Aim & Shoot[2000006]: @dex -100
07/29/2024 21:45:12 - Aim & Shoot[2000006]: @item silver_arrow 10000
07/29/2024 21:45:17 - Aim & Shoot[2000006]: @str 00
07/29/2024 21:45:21 - Aim & Shoot[2000006]: @str 200
07/29/2024 21:45:52 - Aim & Shoot[2000006]: @blevel -20
07/29/2024 21:45:59 - Aim & Shoot[2000006]: @dex 60
07/29/2024 21:46:04 - Aim & Shoot[2000006]: @agi 85
07/29/2024 21:46:09 - Aim & Shoot[2000006]: @str 100
07/29/2024 21:46:37 - Aim & Shoot[2000006]: @heal
07/29/2024 21:47:52 - Aim & Shoot[2000006]: @hide
07/29/2024 21:51:03 - Aim & Shoot[2000006]: @monster ancient_mummy 1000
07/29/2024 22:32:38 - Aim & Shoot[2000006]: @item silver_arrow 2000
09/11/2024 22:48:04 - Aim & Shoot[2000006]: @speed 5
09/11/2024 22:58:17 - Coll@pSE[2000005]: @warp prontera
09/11/2024 22:58:22 - Coll@pSE[2000005]: @jump
09/11/2024 22:58:25 - Coll@pSE[2000005]: @jump
09/11/2024 22:58:32 - Coll@pSE[2000005]: @speed 5
09/11/2024 22:59:07 - Coll@pSE[2000005]: @speed 5
09/11/2024 22:59:19 - Coll@pSE[2000005]: @speed 5
09/11/2024 22:59:24 - Coll@pSE[2000005]: @speed 5
09/11/2024 23:02:25 - Coll@pSE[2000005]: @jobchange 1
09/11/2024 23:08:37 - Coll@pSE[2000005]: @warp iz_dun01
09/13/2024 00:04:40 - Coll@pSE[2000005]: @jump
09/13/2024 00:04:42 - Coll@pSE[2000005]: @jump
09/13/2024 00:05:09 - Coll@pSE[2000005]: @jump
09/13/2024 00:05:11 - Coll@pSE[2000005]: @jump
09/13/2024 00:05:12 - Coll@pSE[2000005]: @jump
09/13/2024 00:05:37 - Coll@pSE[2000005]: @jump
09/13/2024 00:05:39 - Coll@pSE[2000005]: @jump
09/13/2024 00:05:40 - Coll@pSE[2000005]: @jump
09/13/2024 00:05:41 - Coll@pSE[2000005]: @jump
09/13/2024 00:05:42 - Coll@pSE[2000005]: @jump
09/13/2024 00:05:42 - Coll@pSE[2000005]: @jump
09/13/2024 00:05:43 - Coll@pSE[2000005]: @jump
09/13/2024 00:05:44 - Coll@pSE[2000005]: @jump
09/13/2024 00:05:45 - Coll@pSE[2000005]: @jump
09/13/2024 00:05:46 - Coll@pSE[2000005]: @jump
09/13/2024 00:05:47 - Coll@pSE[2000005]: @jump
09/13/2024 00:05:48 - Coll@pSE[2000005]: @jump
09/13/2024 00:05:49 - Coll@pSE[2000005]: @jump
09/13/2024 00:05:50 - Coll@pSE[2000005]: @jump
09/13/2024 00:05:51 - Coll@pSE[2000005]: @jump
09/13/2024 00:05:56 - Coll@pSE[2000005]: @speed 5
09/13/2024 00:06:08 - Coll@pSE[2000005]: @jump
09/13/2024 00:06:09 - Coll@pSE[2000005]: @jump
09/13/2024 00:06:10 - Coll@pSE[2000005]: @jump
09/13/2024 00:06:11 - Coll@pSE[2000005]: @jump
09/13/2024 00:06:12 - Coll@pSE[2000005]: @jump
09/13/2024 00:06:13 - Coll@pSE[2000005]: @jump
09/13/2024 00:06:14 - Coll@pSE[2000005]: @jump
09/13/2024 00:06:15 - Coll@pSE[2000005]: @jump
09/13/2024 00:06:16 - Coll@pSE[2000005]: @jump
09/13/2024 00:06:17 - Coll@pSE[2000005]: @jump
09/13/2024 00:06:17 - Coll@pSE[2000005]: @jump
09/13/2024 00:06:47 - Coll@pSE[2000005]: @jump
09/13/2024 00:06:48 - Coll@pSE[2000005]: @jump
09/13/2024 00:06:49 - Coll@pSE[2000005]: @jump
09/13/2024 00:06:50 - Coll@pSE[2000005]: @jump
09/13/2024 00:06:51 - Coll@pSE[2000005]: @jump
09/13/2024 00:06:52 - Coll@pSE[2000005]: @jump
09/13/2024 00:06:53 - Coll@pSE[2000005]: @jump
09/13/2024 00:06:54 - Coll@pSE[2000005]: @jump
09/13/2024 00:06:55 - Coll@pSE[2000005]: @jump
09/13/2024 00:09:25 - Coll@pSE[2000005]: @skpoint 10
09/13/2024 00:14:10 - Coll@pSE[2000005]: @vit 70
09/13/2024 00:14:13 - Coll@pSE[2000005]: @heal
09/13/2024 00:14:24 - Coll@pSE[2000005]: @luk 80
09/13/2024 00:22:07 - Coll@pSE[2000005]: @agi 7
09/13/2024 00:22:14 - Coll@pSE[2000005]: @dex 30
09/13/2024 00:22:32 - Coll@pSE[2000005]: @jump
09/13/2024 00:22:34 - Coll@pSE[2000005]: @jump
09/13/2024 00:22:35 - Coll@pSE[2000005]: @jump
09/13/2024 00:22:36 - Coll@pSE[2000005]: @jump
09/13/2024 00:22:37 - Coll@pSE[2000005]: @jump
09/13/2024 00:22:38 - Coll@pSE[2000005]: @jump
09/13/2024 00:22:39 - Coll@pSE[2000005]: @jump
09/13/2024 00:22:40 - Coll@pSE[2000005]: @jump
09/13/2024 00:22:41 - Coll@pSE[2000005]: @jump
09/13/2024 00:22:42 - Coll@pSE[2000005]: @jump
09/13/2024 00:22:43 - Coll@pSE[2000005]: @jump
09/13/2024 00:26:29 - Coll@pSE[2000005]: @skpoint 2
09/13/2024 00:26:45 - Coll@pSE[2000005]: @skpoint 9
09/13/2024 00:30:21 - Coll@pSE[2000005]: @jobchange 7
09/13/2024 00:30:29 - Coll@pSE[2000005]: @skpoint 20
09/13/2024 00:30:52 - Coll@pSE[2000005]: @skpoint 20
09/13/2024 00:31:36 - Coll@pSE[2000005]: @warp prontera
09/13/2024 00:32:58 - Coll@pSE[2000005]: @option 32
09/13/2024 00:36:54 - Coll@pSE[2000005]: @item 1412
09/13/2024 00:48:13 - Coll@pSE[2000005]: @reloaditemdb
09/13/2024 00:48:30 - Coll@pSE[2000005]: @reloaditemdb
09/13/2024 00:49:41 - Coll@pSE[2000005]: @warp gl_cas02
09/13/2024 00:49:47 - Coll@pSE[2000005]: @hide
09/13/2024 00:50:24 - Coll@pSE[2000005]: @warp gl_church
09/13/2024 00:50:35 - Coll@pSE[2000005]: @hide
09/13/2024 00:52:11 - Coll@pSE[2000005]: @produce 3 3 1412
09/13/2024 00:52:52 - Coll@pSE[2000005]: @produce 1412 3 3 
09/13/2024 00:53:00 - Coll@pSE[2000005]: @refine 0 10
09/13/2024 00:54:17 - Coll@pSE[2000005]: @reloaditemdb
09/13/2024 00:57:00 - Coll@pSE[2000005]: @item magnifiter 2
09/13/2024 00:57:45 - Coll@pSE[2000005]: @item 611 2
09/13/2024 21:45:19 - Coll@pSE[2000005]: @jump
09/13/2024 21:45:22 - Coll@pSE[2000005]: @jump
09/13/2024 21:47:57 - Coll@pSE[2000005]: @item 616
09/13/2024 21:48:05 - Coll@pSE[2000005]: @item 614
09/13/2024 21:48:09 - Coll@pSE[2000005]: @item 416
09/13/2024 21:48:20 - Coll@pSE[2000005]: @item 611
09/13/2024 21:48:47 - Coll@pSE[2000005]: @jump
09/13/2024 21:48:50 - Coll@pSE[2000005]: @jump
09/13/2024 21:48:51 - Coll@pSE[2000005]: @jump
09/13/2024 21:49:11 - Coll@pSE[2000005]: @jump
09/13/2024 21:49:12 - Coll@pSE[2000005]: @jump
09/13/2024 21:49:13 - Coll@pSE[2000005]: @jump
09/13/2024 21:49:14 - Coll@pSE[2000005]: @jump
09/13/2024 21:49:15 - Coll@pSE[2000005]: @jump
09/13/2024 21:49:16 - Coll@pSE[2000005]: @jump
09/13/2024 21:49:17 - Coll@pSE[2000005]: @jump
09/13/2024 21:49:18 - Coll@pSE[2000005]: @jump
09/13/2024 21:49:18 - Coll@pSE[2000005]: @jump
09/13/2024 21:49:19 - Coll@pSE[2000005]: @jump
09/13/2024 21:49:20 - Coll@pSE[2000005]: @jump
09/13/2024 21:49:21 - Coll@pSE[2000005]: @jump
09/13/2024 21:49:37 - Coll@pSE[2000005]: @jump
09/13/2024 21:49:39 - Coll@pSE[2000005]: @jump
09/13/2024 21:49:40 - Coll@pSE[2000005]: @jump
09/13/2024 21:51:18 - Coll@pSE[2000005]: @warp gl_knt02
09/13/2024 21:52:26 - Coll@pSE[2000005]: @heal
09/13/2024 21:53:11 - Coll@pSE[2000005]: @heal
09/13/2024 21:53:33 - Coll@pSE[2000005]: @heal
09/13/2024 21:53:37 - Coll@pSE[2000005]: @alive
09/13/2024 21:55:00 - Coll@pSE[2000005]: @heal
12/22/2024 20:43:26 - Coll@pSE[2000005]: @heal
12/22/2024 21:02:14 - Coll@pSE[2000005]: @heal
12/22/2024 21:02:27 - Coll@pSE[2000005]: @item Fly Wing 50
12/22/2024 21:02:36 - Coll@pSE[2000005]: @item fly_wing 50
12/22/2024 21:03:26 - Coll@pSE[2000005]: @heal
12/22/2024 21:04:00 - Coll@pSE[2000005]: @item 4040
12/22/2024 21:05:09 - Coll@pSE[2000005]: @hide
12/22/2024 21:05:11 - Coll@pSE[2000005]: @heal
12/22/2024 21:05:20 - Coll@pSE[2000005]: @item 2607
12/22/2024 21:05:49 - Coll@pSE[2000005]: @dex 100
12/22/2024 21:05:54 - Coll@pSE[2000005]: @agi 100
12/22/2024 22:02:42 - Coll@pSE[2000005]: @heal
12/23/2024 00:00:35 - Coll@pSE[2000005]: @heal
05/09/2025 22:06:03 - Everything_Is_M@GiC[2000008]: @hide
05/09/2025 22:11:02 - Everything_Is_M@GiC[2000008]: @hide
05/09/2025 22:17:23 - Everything_Is_M@GiC[2000008]: @heal
07/12/2025 19:41:50 - Everything_Is_M@GiC[2000008]: @hide
07/12/2025 19:43:03 - Everything_Is_M@GiC[2000008]: @HIDE
07/12/2025 19:43:18 - Everything_Is_M@GiC[2000008]: @heal
07/12/2025 19:44:06 - Everything_Is_M@GiC[2000008]: @hide
07/12/2025 19:45:28 - Everything_Is_M@GiC[2000008]: @heal
07/12/2025 19:47:05 - Everything_Is_M@GiC[2000008]: @heal
07/12/2025 19:47:40 - Everything_Is_M@GiC[2000008]: @heal
07/12/2025 19:49:57 - Everything_Is_M@GiC[2000008]: @heal
07/12/2025 19:50:50 - Everything_Is_M@GiC[2000008]: @heal
07/12/2025 19:52:16 - Everything_Is_M@GiC[2000008]: @heal
08/30/2025 16:01:56 - Everything_Is_M@GiC[2000008]: @hide
08/30/2025 16:02:17 - Everything_Is_M@GiC[2000008]: @blvl 15
08/30/2025 16:02:49 - Everything_Is_M@GiC[2000008]: @blevel 15
08/30/2025 16:03:12 - Everything_Is_M@GiC[2000008]: @blevel -85
08/30/2025 16:03:47 - Everything_Is_M@GiC[2000008]: @job 4021
08/30/2025 16:03:57 - Everything_Is_M@GiC[2000008]: @int 99
08/30/2025 16:04:21 - Everything_Is_M@GiC[2000008]: @warp prontera
08/30/2025 16:04:33 - Everything_Is_M@GiC[2000008]: @hide
08/30/2025 16:04:51 - Everything_Is_M@GiC[2000008]: @job 4021
08/30/2025 16:04:52 - Everything_Is_M@GiC[2000008]: @job 4003
08/30/2025 16:05:20 - Everything_Is_M@GiC[2000008]: @joblvl 3
08/30/2025 16:06:04 - Everything_Is_M@GiC[2000008]: #skreset Everything_Is_M@GiC
08/30/2025 16:06:27 - Everything_Is_M@GiC[2000008]: #skpoint Everything_Is_M@GiC -360
08/30/2025 16:07:06 - Everything_Is_M@GiC[2000008]: @dex 30
08/30/2025 16:07:19 - Everything_Is_M@GiC[2000008]: @warp morroc
08/30/2025 16:07:24 - Everything_Is_M@GiC[2000008]: @warp morocc
08/30/2025 16:08:44 - Everything_Is_M@GiC[2000008]: @speed 5
08/30/2025 16:09:12 - Everything_Is_M@GiC[2000008]: @jump
08/30/2025 16:09:17 - Everything_Is_M@GiC[2000008]: @item fly_wing 30
08/30/2025 16:09:43 - Everything_Is_M@GiC[2000008]: @item 601 30
08/30/2025 16:10:01 - Everything_Is_M@GiC[2000008]: @jump
08/30/2025 16:10:02 - Everything_Is_M@GiC[2000008]: @jump
08/30/2025 16:10:03 - Everything_Is_M@GiC[2000008]: @jump
08/30/2025 16:10:05 - Everything_Is_M@GiC[2000008]: @jump
08/30/2025 16:10:10 - Everything_Is_M@GiC[2000008]: @jump
08/30/2025 16:10:11 - Everything_Is_M@GiC[2000008]: @jump
08/30/2025 16:10:14 - Everything_Is_M@GiC[2000008]: @jump
08/30/2025 16:10:15 - Everything_Is_M@GiC[2000008]: @jump
08/30/2025 16:10:17 - Everything_Is_M@GiC[2000008]: @jump
08/30/2025 16:10:18 - Everything_Is_M@GiC[2000008]: @jump
08/30/2025 16:10:19 - Everything_Is_M@GiC[2000008]: @jump
08/30/2025 16:10:20 - Everything_Is_M@GiC[2000008]: @jump
08/30/2025 16:10:21 - Everything_Is_M@GiC[2000008]: @jump
08/30/2025 16:10:22 - Everything_Is_M@GiC[2000008]: @jump
08/30/2025 16:10:23 - Everything_Is_M@GiC[2000008]: @jump
08/30/2025 16:10:24 - Everything_Is_M@GiC[2000008]: @jump
08/30/2025 16:10:25 - Everything_Is_M@GiC[2000008]: @jump
08/30/2025 16:10:26 - Everything_Is_M@GiC[2000008]: @jump
08/30/2025 16:10:27 - Everything_Is_M@GiC[2000008]: @jump
08/30/2025 16:10:28 - Everything_Is_M@GiC[2000008]: @jump
08/30/2025 16:10:29 - Everything_Is_M@GiC[2000008]: @jump
08/30/2025 16:10:30 - Everything_Is_M@GiC[2000008]: @jump
08/30/2025 16:10:32 - Everything_Is_M@GiC[2000008]: @jump
08/30/2025 16:10:33 - Everything_Is_M@GiC[2000008]: @jump
08/30/2025 16:11:32 - Everything_Is_M@GiC[2000008]: @int -30
08/30/2025 16:23:01 - Everything_Is_M@GiC[2000008]: #skpoint Everything_Is_M@GiC 5
08/30/2025 16:25:43 - Everything_Is_M@GiC[2000008]: @str 50
08/30/2025 16:25:48 - Everything_Is_M@GiC[2000008]: @vit 20
08/30/2025 16:26:23 - Everything_Is_M@GiC[2000008]: @monster hode 200
08/30/2025 16:26:58 - Everything_Is_M@GiC[2000008]: @alive
08/30/2025 16:27:21 - Everything_Is_M@GiC[2000008]: @heal
08/30/2025 16:28:01 - Everything_Is_M@GiC[2000008]: @monster hode 200
08/30/2025 16:28:22 - Everything_Is_M@GiC[2000008]: @alive
08/30/2025 16:29:42 - Everything_Is_M@GiC[2000008]: @alive
08/30/2025 16:33:08 - Everything_Is_M@GiC[2000008]: @monster hode 200
08/30/2025 16:33:34 - Everything_Is_M@GiC[2000008]: @alive
08/30/2025 16:34:49 - Everything_Is_M@GiC[2000008]: @heal
08/30/2025 16:34:54 - Everything_Is_M@GiC[2000008]: @heal
08/30/2025 16:35:02 - Everything_Is_M@GiC[2000008]: @jump
08/30/2025 16:37:03 - Everything_Is_M@GiC[2000008]: #skpoint Everything_Is_M@GiC 5
08/30/2025 16:38:17 - Everything_Is_M@GiC[2000008]: @heal
08/30/2025 16:39:01 - Everything_Is_M@GiC[2000008]: @heal
08/30/2025 16:39:04 - Everything_Is_M@GiC[2000008]: @heal
08/30/2025 16:39:32 - Everything_Is_M@GiC[2000008]: @heal
08/30/2025 16:39:58 - Everything_Is_M@GiC[2000008]: @heal
08/30/2025 16:40:17 - Everything_Is_M@GiC[2000008]: @heal
08/30/2025 16:40:51 - Everything_Is_M@GiC[2000008]: @heal
08/30/2025 16:42:27 - Everything_Is_M@GiC[2000008]: @heal
08/30/2025 16:42:34 - Everything_Is_M@GiC[2000008]: @heal
08/30/2025 16:44:18 - Everything_Is_M@GiC[2000008]: @heal
03/27/2026 22:54:47 - M@sS@cre[2000009]: @speed 5
03/27/2026 22:55:14 - M@sS@cre[2000009]: @alive
03/27/2026 22:58:01 - M@sS@cre[2000009]: @jobchange 6
03/27/2026 23:00:18 - M@sS@cre[2000009]: @warp gef_field08
03/27/2026 23:00:43 - M@sS@cre[2000009]: @warp gef_field08 100 120
03/27/2026 23:01:00 - M@sS@cre[2000009]: @warp gef_fild08 100 120
03/27/2026 23:03:22 - M@sS@cre[2000009]: @warp gef_fild14 100 120
03/27/2026 23:09:28 - M@sS@cre[2000009]: @jobchange 12
03/27/2026 23:10:10 - M@sS@cre[2000009]: @item 1251
03/27/2026 23:10:23 - M@sS@cre[2000009]: @heal
03/27/2026 23:12:31 - M@sS@cre[2000009]: @skpoint 5
03/27/2026 23:13:21 - M@sS@cre[2000009]: @item  4035 2
03/27/2026 23:13:32 - M@sS@cre[2000009]: @item  4092 1
03/27/2026 23:15:10 - M@sS@cre[2000009]: @item 5578
03/27/2026 23:15:33 - M@sS@cre[2000009]: @item 1251
03/27/2026 23:15:57 - M@sS@cre[2000009]: @item 4086 3
03/27/2026 23:16:26 - M@sS@cre[2000009]: @item 2280
03/27/2026 23:16:38 - M@sS@cre[2000009]: @item pipe
03/27/2026 23:19:02 - M@sS@cre[2000009]: @warp ein_fild06 100 150
03/27/2026 23:19:41 - M@sS@cre[2000009]: @refine 0 7
03/27/2026 23:19:52 - M@sS@cre[2000009]: @speed 5
03/27/2026 23:21:03 - M@sS@cre[2000009]: @warp gl_church 120 150
03/27/2026 23:21:46 - M@sS@cre[2000009]: @heal
03/27/2026 23:31:08 - M@sS@cre[2000009]: @jump
03/27/2026 23:31:09 - M@sS@cre[2000009]: @jump
03/27/2026 23:31:10 - M@sS@cre[2000009]: @jump
03/27/2026 23:31:12 - M@sS@cre[2000009]: @jump
03/27/2026 23:31:13 - M@sS@cre[2000009]: @jump
03/27/2026 23:31:14 - M@sS@cre[2000009]: @jump
03/27/2026 23:31:21 - M@sS@cre[2000009]: @jump
03/27/2026 23:31:22 - M@sS@cre[2000009]: @jump
03/27/2026 23:31:23 - M@sS@cre[2000009]: @jump
03/27/2026 23:31:24 - M@sS@cre[2000009]: @jump
03/27/2026 23:31:26 - M@sS@cre[2000009]: @jump
03/27/2026 23:31:27 - M@sS@cre[2000009]: @jump
03/27/2026 23:31:28 - M@sS@cre[2000009]: @jump
03/27/2026 23:31:37 - M@sS@cre[2000009]: @item 1278
03/27/2026 23:32:37 - M@sS@cre[2000009]: @skpoint 3
03/27/2026 23:35:18 - M@sS@cre[2000009]: @heal
03/27/2026 23:42:59 - M@sS@cre[2000009]: @jump
03/27/2026 23:43:01 - M@sS@cre[2000009]: @jump
03/27/2026 23:43:02 - M@sS@cre[2000009]: @jump
03/27/2026 23:43:03 - M@sS@cre[2000009]: @jump
03/27/2026 23:43:05 - M@sS@cre[2000009]: @jump
03/27/2026 23:43:06 - M@sS@cre[2000009]: @jump
03/27/2026 23:43:07 - M@sS@cre[2000009]: @jump
03/27/2026 23:43:09 - M@sS@cre[2000009]: @jump
03/27/2026 23:43:10 - M@sS@cre[2000009]: @jump
03/27/2026 23:43:11 - M@sS@cre[2000009]: @jump
03/28/2026 00:02:25 - M@sS@cre[2000009]: @jump
03/28/2026 00:02:26 - M@sS@cre[2000009]: @jump
03/28/2026 00:02:27 - M@sS@cre[2000009]: @jump
03/28/2026 00:02:29 - M@sS@cre[2000009]: @jump
03/28/2026 00:02:30 - M@sS@cre[2000009]: @jump
03/28/2026 00:02:31 - M@sS@cre[2000009]: @jump
03/28/2026 00:04:22 - M@sS@cre[2000009]: @item 1284
03/28/2026 00:05:28 - M@sS@cre[2000009]: @hide
03/28/2026 00:05:31 - M@sS@cre[2000009]: @item 1257
03/28/2026 00:05:34 - M@sS@cre[2000009]: @item 1258
03/28/2026 00:06:48 - M@sS@cre[2000009]: @hide
03/28/2026 00:08:28 - M@sS@cre[2000009]: @monster whisper 2
03/28/2026 00:09:30 - M@sS@cre[2000009]: @monster whisper 5
03/28/2026 00:09:34 - M@sS@cre[2000009]: @monster whisper 5
03/28/2026 00:09:39 - M@sS@cre[2000009]: @heal
03/28/2026 00:09:49 - M@sS@cre[2000009]: @heal
03/28/2026 00:09:53 - M@sS@cre[2000009]: @monster whisper 5
03/28/2026 00:09:58 - M@sS@cre[2000009]: @monster whisper 5
03/28/2026 00:10:56 - M@sS@cre[2000009]: @item 4102
03/28/2026 00:11:20 - M@sS@cre[2000009]: @item 2506
03/28/2026 14:32:43 - M@sS@cre[2000009]: @hide
03/28/2026 14:33:11 - Hit Man![2000006]: @hide
03/28/2026 14:35:08 - M@sS@cre[2000009]: @item 656 30
03/28/2026 14:38:03 - M@sS@cre[2000009]: @item 1226 2
03/28/2026 14:39:10 - M@sS@cre[2000009]: @produce 3 3
03/28/2026 14:40:38 - M@sS@cre[2000009]: @produce 1226 3 3
03/28/2026 14:40:43 - M@sS@cre[2000009]: @produce 1226 3 3
03/28/2026 14:41:03 - M@sS@cre[2000009]: @refine 0 8
03/28/2026 14:41:39 - M@sS@cre[2000009]: @hide
03/28/2026 14:41:44 - M@sS@cre[2000009]: @speed 5
03/28/2026 14:42:32 - M@sS@cre[2000009]: @item 1253
03/28/2026 14:42:49 - M@sS@cre[2000009]: @item 4086 2
03/28/2026 14:43:28 - M@sS@cre[2000009]: @refine 0 7
03/28/2026 14:43:48 - M@sS@cre[2000009]: @speed 20
03/28/2026 14:45:09 - M@sS@cre[2000009]: @item magnifier
03/28/2026 14:49:03 - M@sS@cre[2000009]: @monster ghostring
03/28/2026 14:49:25 - M@sS@cre[2000009]: @heal
03/28/2026 14:49:53 - M@sS@cre[2000009]: @heal
03/28/2026 14:50:14 - M@sS@cre[2000009]: @heal
03/28/2026 14:50:34 - M@sS@cre[2000009]: @heal
03/28/2026 14:51:07 - M@sS@cre[2000009]: @heal
03/28/2026 14:51:27 - M@sS@cre[2000009]: @heal
03/28/2026 14:51:30 - M@sS@cre[2000009]: @heal
03/28/2026 14:52:05 - M@sS@cre[2000009]: @heal
03/28/2026 14:54:58 - H@ving_Fun[2000010]: @monster poporing
03/28/2026 14:55:13 - H@ving_Fun[2000010]: @monster poporing
03/28/2026 14:55:15 - H@ving_Fun[2000010]: @monster poporing
03/28/2026 14:55:37 - H@ving_Fun[2000010]: @agi 60
03/28/2026 14:55:45 - H@ving_Fun[2000010]: @str 60
03/28/2026 14:56:30 - H@ving_Fun[2000010]: @jobchange 1
03/28/2026 14:58:06 - H@ving_Fun[2000010]: @warp gef_fild10 120
03/28/2026 14:58:43 - H@ving_Fun[2000010]: @warp gef_fild10 120 150
03/28/2026 14:59:46 - H@ving_Fun[2000010]: @hide
03/28/2026 15:06:49 - H@ving_Fun[2000010]: @item 2289
03/28/2026 15:07:33 - H@ving_Fun[2000010]: @item cap
03/28/2026 15:08:44 - H@ving_Fun[2000010]: @item 2299
03/28/2026 15:09:05 - H@ving_Fun[2000010]: @vit 30
03/28/2026 15:09:38 - H@ving_Fun[2000010]: @monster high_orc 5
03/28/2026 15:09:52 - H@ving_Fun[2000010]: @monster high_orc 5
03/28/2026 15:10:44 - H@ving_Fun[2000010]: @monster high_orc 5
03/28/2026 15:12:27 - H@ving_Fun[2000010]: @skpoint 8
03/28/2026 15:13:01 - H@ving_Fun[2000010]: @monster high_orc 5
03/28/2026 15:13:01 - H@ving_Fun[2000010]: @monster high_orc 5
03/28/2026 15:13:02 - H@ving_Fun[2000010]: @monster high_orc 5
03/28/2026 15:13:30 - H@ving_Fun[2000010]: @monster high_orc 5
03/28/2026 15:13:30 - H@ving_Fun[2000010]: @monster high_orc 5
03/28/2026 15:13:31 - H@ving_Fun[2000010]: @monster high_orc 5
03/28/2026 15:15:27 - H@ving_Fun[2000010]: @monster high_orc 5
03/28/2026 15:15:41 - H@ving_Fun[2000010]: @monster high_orc 5
03/28/2026 15:15:58 - H@ving_Fun[2000010]: @monster high_orc 5
03/28/2026 15:16:42 - H@ving_Fun[2000010]: @jobchange 7
03/28/2026 15:18:03 - H@ving_Fun[2000010]: @skpoint 5
03/28/2026 15:20:44 - H@ving_Fun[2000010]: @item 1165
03/28/2026 15:21:01 - H@ving_Fun[2000010]: @item 1164
03/28/2026 15:21:07 - H@ving_Fun[2000010]: @item 1164
03/28/2026 15:21:48 - H@ving_Fun[2000010]: @hide
03/28/2026 15:22:55 - H@ving_Fun[2000010]: @hide
03/28/2026 15:23:06 - H@ving_Fun[2000010]: @produce 1164 3 3
03/28/2026 15:23:17 - H@ving_Fun[2000010]: @refine 0 7
03/28/2026 15:24:51 - H@ving_Fun[2000010]: @warp cmd_fild02 100 120
03/28/2026 15:24:58 - H@ving_Fun[2000010]: @hide
03/28/2026 15:25:30 - H@ving_Fun[2000010]: @produce 1164 1 3
03/28/2026 15:25:35 - H@ving_Fun[2000010]: @produce 1164 2 3
03/28/2026 15:25:39 - H@ving_Fun[2000010]: @produce 1164 4 3
03/28/2026 15:25:47 - H@ving_Fun[2000010]: @refine 0 7
03/28/2026 15:25:59 - H@ving_Fun[2000010]: @item awakening_potion 20
03/28/2026 15:26:11 - H@ving_Fun[2000010]: @item white_potion 20
03/28/2026 15:26:23 - H@ving_Fun[2000010]: @speed 20
03/28/2026 15:27:24 - H@ving_Fun[2000010]: @heal
03/28/2026 15:27:52 - H@ving_Fun[2000010]: @item blue_potion 50
03/28/2026 15:28:49 - H@ving_Fun[2000010]: @heal
03/28/2026 15:28:54 - H@ving_Fun[2000010]: @item white_potion 100
03/28/2026 15:29:05 - H@ving_Fun[2000010]: @item blue_potion 100
03/28/2026 15:30:14 - H@ving_Fun[2000010]: @monster alligator 20
03/28/2026 15:30:27 - H@ving_Fun[2000010]: @hide
03/28/2026 15:30:32 - H@ving_Fun[2000010]: @monster seal 30
03/28/2026 15:31:44 - H@ving_Fun[2000010]: @hide
04/11/2026 18:05:59 - H@ving_Fun[2000010]: @warp yuno_fild01 100 150
04/11/2026 18:06:42 - H@ving_Fun[2000010]: @speed 20
04/11/2026 18:07:52 - H@ving_Fun[2000010]: @speed 20
04/11/2026 18:09:13 - H@ving_Fun[2000010]: @monster grand_pico 20
04/11/2026 18:09:20 - H@ving_Fun[2000010]: @monster grand_peco 20
04/11/2026 18:09:24 - H@ving_Fun[2000010]: @monster grand_peco 200
04/11/2026 18:09:30 - H@ving_Fun[2000010]: @monster grand_peco 200
04/11/2026 18:09:34 - H@ving_Fun[2000010]: @monster grand_peco 200
04/11/2026 18:09:40 - H@ving_Fun[2000010]: @monster grand_peco 200
04/11/2026 18:09:44 - H@ving_Fun[2000010]: @monster grand_peco 200
04/11/2026 18:09:49 - H@ving_Fun[2000010]: @monster grand_peco 200
04/11/2026 18:09:53 - H@ving_Fun[2000010]: @heal
04/11/2026 18:09:55 - H@ving_Fun[2000010]: @jump
04/11/2026 18:09:57 - H@ving_Fun[2000010]: @jump
04/11/2026 18:09:58 - H@ving_Fun[2000010]: @jump
04/11/2026 18:10:01 - H@ving_Fun[2000010]: @monster grand_peco 200
04/11/2026 18:10:05 - H@ving_Fun[2000010]: @jump
04/11/2026 18:10:07 - H@ving_Fun[2000010]: @monster grand_peco 200
04/11/2026 18:10:11 - H@ving_Fun[2000010]: @jump
04/11/2026 18:10:14 - H@ving_Fun[2000010]: @monster grand_peco 200
04/11/2026 18:10:16 - H@ving_Fun[2000010]: @jump
04/11/2026 18:13:22 - H@ving_Fun[2000010]: @jump
04/11/2026 18:13:24 - H@ving_Fun[2000010]: @heal
04/11/2026 18:17:22 - H@ving_Fun[2000010]: @agi 99
04/11/2026 18:17:24 - H@ving_Fun[2000010]: @agi -99
04/11/2026 18:17:27 - H@ving_Fun[2000010]: @agi 6
04/11/2026 18:17:36 - H@ving_Fun[2000010]: @luk 30
04/11/2026 18:17:48 - H@ving_Fun[2000010]: @warp yuno_fild01 100 150
04/11/2026 18:20:14 - H@ving_Fun[2000010]: @warp mjolnir_08 100 120
04/11/2026 18:21:05 - H@ving_Fun[2000010]: @speed 20
04/11/2026 18:21:36 - H@ving_Fun[2000010]: @item fin_helm
04/11/2026 18:21:56 - H@ving_Fun[2000010]: @jump
04/11/2026 18:21:57 - H@ving_Fun[2000010]: @jump
04/11/2026 18:21:58 - H@ving_Fun[2000010]: @jump
04/11/2026 18:21:59 - H@ving_Fun[2000010]: @jump
04/11/2026 18:27:38 - H@ving_Fun[2000010]: @speed 20
04/11/2026 21:53:45 - H@ving_Fun[2000010]: @warp morocc
04/11/2026 21:55:44 - H@ving_Fun[2000010]: @item creamy_cardcd
04/11/2026 21:55:46 - H@ving_Fun[2000010]: @item creamy_card
04/11/2026 21:56:40 - H@ving_Fun[2000010]: @warp mjolnir_06 120 120
04/11/2026 21:56:54 - H@ving_Fun[2000010]: @warp mjolnir_08 120 120
04/11/2026 21:57:29 - H@ving_Fun[2000010]: @warp mjolnir_10 120 120
04/11/2026 21:58:17 - H@ving_Fun[2000010]: @speed 5
04/11/2026 22:05:30 - M@sS@cre[2000009]: @hide
04/11/2026 22:06:28 - M@sS@cre[2000009]: @warp mjolnir_08 150 150
04/11/2026 22:06:41 - M@sS@cre[2000009]: @warp mjolnir_10 150 150
04/11/2026 22:06:51 - M@sS@cre[2000009]: @hide
04/11/2026 22:07:03 - H@ving_Fun[2000010]: @hide
04/11/2026 22:07:47 - M@sS@cre[2000009]: @warp morocc
04/11/2026 22:09:34 - M@sS@cre[2000009]: @warp mjolnir_10 150 150
04/11/2026 22:13:09 - H@ving_Fun[2000010]: @heal
04/11/2026 22:13:13 - M@sS@cre[2000009]: @speed 20
04/11/2026 22:13:20 - M@sS@cre[2000009]: @hide
04/11/2026 22:15:10 - H@ving_Fun[2000010]: @hide
04/11/2026 23:25:43 - M@sS@cre[2000009]: @heal
04/11/2026 23:25:50 - M@sS@cre[2000009]: @jump
04/11/2026 23:26:05 - H@ving_Fun[2000010]: @heal
04/11/2026 23:28:47 - H@ving_Fun[2000010]: @item magnifier
04/11/2026 23:29:55 - H@ving_Fun[2000010]: @speed 20
04/11/2026 23:30:56 - H@ving_Fun[2000010]: @speed 5
04/11/2026 23:31:05 - M@sS@cre[2000009]: @speed 5
04/12/2026 08:25:34 - H@ving_Fun[2000010]: @heal
04/12/2026 08:25:53 - H@ving_Fun[2000010]: @warp mjolnir_10 120 130
04/12/2026 08:27:06 - M@sS@cre[2000009]: @item creamy_card
04/12/2026 08:28:58 - M@sS@cre[2000009]: @heal
04/12/2026 08:29:11 - M@sS@cre[2000009]: @warp mjolnir_10 198 51
04/12/2026 08:29:40 - H@ving_Fun[2000010]: @speed 10
04/12/2026 08:30:28 - M@sS@cre[2000009]: @speed 5
04/12/2026 14:31:24 - M@sS@cre[2000009]: @heal
04/12/2026 14:31:54 - M@sS@cre[2000009]: @warp mjolnir_10 120 150
04/12/2026 14:32:29 - M@sS@cre[2000009]: @item berserk_potion
04/12/2026 14:34:05 - H@ving_Fun[2000010]: @warp morocc
04/12/2026 14:34:13 - H@ving_Fun[2000010]: @jump
04/12/2026 14:34:14 - H@ving_Fun[2000010]: @jump
04/12/2026 14:34:16 - H@ving_Fun[2000010]: @jump
04/12/2026 14:34:17 - H@ving_Fun[2000010]: @jump
04/12/2026 14:34:18 - H@ving_Fun[2000010]: @jump
04/12/2026 14:34:19 - H@ving_Fun[2000010]: @jump
04/12/2026 14:34:20 - H@ving_Fun[2000010]: @jump
04/12/2026 14:35:45 - H@ving_Fun[2000010]: @item white_potion 30
04/12/2026 14:35:53 - H@ving_Fun[2000010]: @item berserk_potion 8
04/12/2026 14:36:01 - H@ving_Fun[2000010]: @heal
04/12/2026 14:36:20 - M@sS@cre[2000009]: @item white_potion 30
04/12/2026 14:36:38 - H@ving_Fun[2000010]: @warp mjolnir_10 199 94
04/12/2026 18:17:04 - M@sS@cre[2000009]: @heal
04/12/2026 18:21:56 - H@ving_Fun[2000010]: @item berserk_potion 20
04/12/2026 18:28:41 - H@ving_Fun[2000010]: @speed 5
04/12/2026 18:38:51 - M@sS@cre[2000009]: @zeny -4900000
04/12/2026 18:39:00 - M@sS@cre[2000009]: @zeny -44000000
04/12/2026 18:39:27 - M@sS@cre[2000009]: @heal
04/12/2026 18:40:03 - M@sS@cre[2000009]: @warp in_sphinx1
04/12/2026 18:40:15 - M@sS@cre[2000009]: @hide
04/12/2026 18:40:32 - M@sS@cre[2000009]: @item magnifier
04/12/2026 18:41:08 - M@sS@cre[2000009]: @jump
04/12/2026 18:41:09 - M@sS@cre[2000009]: @jump
04/12/2026 18:41:10 - M@sS@cre[2000009]: @jump
04/12/2026 18:41:11 - M@sS@cre[2000009]: @jump
04/12/2026 18:41:13 - M@sS@cre[2000009]: @jump
04/12/2026 18:41:14 - M@sS@cre[2000009]: @jump
04/12/2026 18:41:15 - M@sS@cre[2000009]: @jump
04/12/2026 18:41:16 - M@sS@cre[2000009]: @jump
04/12/2026 18:41:17 - M@sS@cre[2000009]: @jump
04/12/2026 18:41:18 - M@sS@cre[2000009]: @jump
04/12/2026 18:42:20 - H@ving_Fun[2000010]: @hide
04/12/2026 18:44:04 - M@sS@cre[2000009]: @hide
04/12/2026 18:45:45 - M@sS@cre[2000009]: @speed 5
04/12/2026 18:45:49 - H@ving_Fun[2000010]: @speed 5
04/12/2026 18:48:26 - M@sS@cre[2000009]: @warp in_sphinx2
04/12/2026 18:48:32 - M@sS@cre[2000009]: @speed 5
04/12/2026 18:51:23 - FunFunFun[2000011]: @monster poporing
04/12/2026 18:51:51 - FunFunFun[2000011]: @int 50
04/12/2026 18:51:53 - FunFunFun[2000011]: @str 60
04/12/2026 18:51:59 - FunFunFun[2000011]: @dex 50
04/12/2026 18:52:36 - FunFunFun[2000011]: @monster orc_lady
04/12/2026 18:52:44 - FunFunFun[2000011]: @heal
04/12/2026 18:52:51 - FunFunFun[2000011]: @monster poison_spore
04/12/2026 18:52:57 - FunFunFun[2000011]: @monster poison_spore
04/12/2026 18:53:01 - FunFunFun[2000011]: @monster poison_spore
04/12/2026 18:53:05 - FunFunFun[2000011]: @monster poison_spore
04/12/2026 18:53:09 - FunFunFun[2000011]: @monster poison_spore
04/12/2026 18:53:32 - FunFunFun[2000011]: @monster poison_spore
04/12/2026 18:53:36 - FunFunFun[2000011]: @monster orc_lady
04/12/2026 18:53:39 - FunFunFun[2000011]: @monster orc_lady
04/12/2026 18:53:44 - FunFunFun[2000011]: @monster orc_lady
04/12/2026 18:53:49 - FunFunFun[2000011]: @monster orc_lady
04/12/2026 18:53:52 - FunFunFun[2000011]: @monster orc_lady
04/12/2026 18:54:07 - FunFunFun[2000011]: @monster kobolt
04/12/2026 18:54:09 - FunFunFun[2000011]: @monster kobold
04/12/2026 18:54:12 - FunFunFun[2000011]: @monster kobold
04/12/2026 18:54:14 - FunFunFun[2000011]: @monster kobold
04/12/2026 18:54:41 - FunFunFun[2000011]: @jobchange 4
04/12/2026 18:54:52 - FunFunFun[2000011]: @heal
04/12/2026 18:55:39 - FunFunFun[2000011]: @produce 1522 3 3
04/12/2026 18:55:43 - FunFunFun[2000011]: @produce 1522 3 4
04/12/2026 18:55:52 - FunFunFun[2000011]: @produce 1522 4 3
04/12/2026 18:56:09 - FunFunFun[2000011]: @refine 0 7
04/12/2026 18:56:15 - FunFunFun[2000011]: @refine 0 7
04/12/2026 18:56:48 - FunFunFun[2000011]: @skpoint 20
04/12/2026 18:58:18 - FunFunFun[2000011]: @warp beach_dun3
04/12/2026 18:58:34 - FunFunFun[2000011]: @item concentration_potion 3
04/12/2026 18:58:57 - FunFunFun[2000011]: @item 656 10
04/12/2026 18:59:09 - FunFunFun[2000011]: @item 655 10
04/12/2026 18:59:16 - FunFunFun[2000011]: @item 645 10
04/12/2026 19:00:53 - FunFunFun[2000011]: @skpoint 5
04/12/2026 19:02:14 - FunFunFun[2000011]: @alive
04/12/2026 19:02:18 - FunFunFun[2000011]: @skillid 26
04/12/2026 19:02:28 - FunFunFun[2000011]: @skillid 26
04/12/2026 19:02:53 - FunFunFun[2000011]: @skillid teleport
04/12/2026 19:03:09 - FunFunFun[2000011]: @alive
04/12/2026 19:03:13 - FunFunFun[2000011]: @jump
04/12/2026 19:03:15 - FunFunFun[2000011]: @jump
04/12/2026 19:03:16 - FunFunFun[2000011]: @jump
04/12/2026 19:03:18 - FunFunFun[2000011]: @jump
04/12/2026 19:03:19 - FunFunFun[2000011]: @jump
04/12/2026 19:03:20 - FunFunFun[2000011]: @jump
04/12/2026 19:03:21 - FunFunFun[2000011]: @jump
04/12/2026 19:03:30 - FunFunFun[2000011]: @warp iz_dun02
04/12/2026 19:03:36 - FunFunFun[2000011]: @warp iz_dun01
04/12/2026 19:03:47 - FunFunFun[2000011]: @monster thara_frog 1000
04/12/2026 19:04:00 - FunFunFun[2000011]: @jump
04/12/2026 19:04:33 - FunFunFun[2000011]: @useskill 20
04/12/2026 19:07:45 - FunFunFun[2000011]: @skpoint 10
04/12/2026 19:07:57 - FunFunFun[2000011]: @skpoint 5
04/12/2026 19:10:33 - FunFunFun[2000011]: @speed 5
04/12/2026 19:10:49 - FunFunFun[2000011]: @monster thara_frog 500
04/12/2026 19:11:06 - FunFunFun[2000011]: @monster thara_frog 500
04/12/2026 19:11:28 - FunFunFun[2000011]: @heal
04/12/2026 19:18:20 - H@ving_Fun[2000010]: @heal
04/12/2026 19:18:30 - M@sS@cre[2000009]: @heal
04/12/2026 19:18:41 - FunFunFun[2000011]: @heal
04/12/2026 21:03:18 - H@ving_Fun[2000010]: @heal
04/12/2026 21:03:24 - FunFunFun[2000011]: @heal
04/12/2026 21:03:31 - M@sS@cre[2000009]: @heal
04/12/2026 21:04:55 - H@ving_Fun[2000010]: @item magnifier 20
04/12/2026 21:05:30 - H@ving_Fun[2000010]: @item magnifier 20
04/12/2026 21:06:22 - H@ving_Fun[2000010]: @item magnifier 3
04/12/2026 21:06:29 - H@ving_Fun[2000010]: @item magnifier 20
04/12/2026 21:06:52 - H@ving_Fun[2000010]: @item magnifier 20
04/12/2026 21:07:14 - H@ving_Fun[2000010]: @item magnifier 20
04/12/2026 21:12:17 - H@ving_Fun[2000010]: @item berserk_potion 10
04/12/2026 21:14:18 - H@ving_Fun[2000010]: @warp gl_chyard
04/12/2026 21:16:02 - H@ving_Fun[2000010]: @warp gef_dun03
04/12/2026 21:16:14 - H@ving_Fun[2000010]: @jump
04/12/2026 21:16:16 - H@ving_Fun[2000010]: @jump
04/12/2026 21:16:17 - H@ving_Fun[2000010]: @jump
04/12/2026 21:16:24 - H@ving_Fun[2000010]: @hide
04/12/2026 21:16:55 - H@ving_Fun[2000010]: @warp 4@tower
04/12/2026 21:17:23 - H@ving_Fun[2000010]: @warp gld_dun04
04/12/2026 21:17:36 - H@ving_Fun[2000010]: @hide
04/12/2026 21:17:48 - H@ving_Fun[2000010]: @item white_potion 100
04/12/2026 21:18:38 - H@ving_Fun[2000010]: @warp in_sphinx2
04/12/2026 21:18:43 - H@ving_Fun[2000010]: @hide
04/12/2026 21:18:49 - H@ving_Fun[2000010]: @monster wraith_dead 5
04/12/2026 21:18:58 - H@ving_Fun[2000010]: @monster wraith_dead 5
04/12/2026 21:19:02 - H@ving_Fun[2000010]: @jump
04/12/2026 21:19:04 - H@ving_Fun[2000010]: @monster wraith_dead 5
04/12/2026 21:19:08 - H@ving_Fun[2000010]: @jump
04/12/2026 21:19:11 - H@ving_Fun[2000010]: @monster wraith_dead 5
04/12/2026 21:19:19 - H@ving_Fun[2000010]: @jump
04/12/2026 21:19:21 - H@ving_Fun[2000010]: @monster wraith_dead 50
04/12/2026 21:19:37 - H@ving_Fun[2000010]: @monster wraith_dead 5
04/12/2026 21:23:12 - M@sS@cre[2000009]: @warp in_shpinx2
04/12/2026 21:23:20 - M@sS@cre[2000009]: @warp in_sphinx2
04/12/2026 21:23:39 - M@sS@cre[2000009]: @hide
04/12/2026 21:25:52 - H@ving_Fun[2000010]: @monster dead_wraith
04/12/2026 21:26:10 - H@ving_Fun[2000010]: @monster WRAITH_DEAD
04/12/2026 21:26:18 - H@ving_Fun[2000010]: @monster WRAITH_DEAD
04/12/2026 21:26:25 - H@ving_Fun[2000010]: @monster WRAITH_DEAD
04/12/2026 21:26:38 - M@sS@cre[2000009]: @monster WRAITH_DEAD
04/12/2026 21:26:42 - M@sS@cre[2000009]: @monster WRAITH
04/12/2026 21:26:55 - H@ving_Fun[2000010]: @monster wraith
04/12/2026 21:27:00 - H@ving_Fun[2000010]: @monster wraith
04/12/2026 21:27:09 - H@ving_Fun[2000010]: @monster wraith
04/12/2026 21:27:13 - M@sS@cre[2000009]: @monster WRAITH
04/12/2026 21:27:17 - M@sS@cre[2000009]: @speed 5
04/12/2026 21:27:20 - H@ving_Fun[2000010]: @speed 5
04/12/2026 21:39:41 - FunFunFun[2000011]: @heal
04/12/2026 21:39:46 - FunFunFun[2000011]: @warp iz_dun01
04/12/2026 21:39:58 - FunFunFun[2000011]: @monster thara_frog 2000
04/12/2026 21:40:00 - FunFunFun[2000011]: @monster thara_frog 2000
04/12/2026 21:40:01 - FunFunFun[2000011]: @monster thara_frog 2000
04/12/2026 21:40:01 - FunFunFun[2000011]: @monster thara_frog 2000
04/12/2026 21:40:02 - FunFunFun[2000011]: @monster thara_frog 2000
04/12/2026 21:41:47 - H@ving_Fun[2000010]: @heal
04/12/2026 21:42:01 - H@ving_Fun[2000010]: @warp in_sphinx2
04/12/2026 21:42:13 - H@ving_Fun[2000010]: @monster wrath
04/12/2026 21:42:19 - H@ving_Fun[2000010]: @monster wrath
04/12/2026 21:42:23 - H@ving_Fun[2000010]: @monster wraith
04/12/2026 21:42:38 - M@sS@cre[2000009]: @monster wraith
04/12/2026 21:42:52 - M@sS@cre[2000009]: @hide
04/12/2026 21:42:55 - H@ving_Fun[2000010]: @hide
04/12/2026 21:43:00 - H@ving_Fun[2000010]: @monster wraith 100
04/12/2026 21:43:05 - M@sS@cre[2000009]: @monster wraith 100
04/12/2026 21:43:11 - M@sS@cre[2000009]: @monster wraith 100
04/12/2026 21:43:13 - H@ving_Fun[2000010]: @monster wraith 100
04/12/2026 21:44:06 - FunFunFun[2000011]: @monster goblin 2
04/12/2026 21:44:17 - FunFunFun[2000011]: @monster goblin 2
04/12/2026 21:44:29 - FunFunFun[2000011]: @monster goblin 2
04/12/2026 21:44:38 - FunFunFun[2000011]: @hide
04/12/2026 21:44:48 - FunFunFun[2000011]: @monster kobold 1000
04/12/2026 21:44:56 - FunFunFun[2000011]: @monster goblin 200
04/12/2026 22:15:17 - H@ving_Fun[2000010]: @monster wraith_dead 100
04/12/2026 22:15:24 - M@sS@cre[2000009]: @monster wraith_dead 100
04/12/2026 22:16:48 - FunFunFun[2000011]: @monster kobold 1000
04/12/2026 22:16:51 - FunFunFun[2000011]: @monster goblin 2000
04/12/2026 22:26:23 - H@ving_Fun[2000010]: @monster wraith_dead 1000
04/12/2026 22:26:32 - M@sS@cre[2000009]: @monster wraith_dead 1000
04/12/2026 22:26:48 - M@sS@cre[2000009]: @monster wraith 1000
04/12/2026 22:26:53 - H@ving_Fun[2000010]: @monster wraith 1000
04/12/2026 23:23:55 - H@ving_Fun[2000010]: @hide
04/12/2026 23:24:57 - H@ving_Fun[2000010]: @heal
04/12/2026 23:25:21 - H@ving_Fun[2000010]: @hide
04/12/2026 23:25:27 - H@ving_Fun[2000010]: @speed 5
04/12/2026 23:25:49 - M@sS@cre[2000009]: @hide
04/12/2026 23:27:23 - M@sS@cre[2000009]: @hide
04/12/2026 23:27:32 - M@sS@cre[2000009]: @speed 5
04/12/2026 23:27:38 - M@sS@cre[2000009]: @monster wraith 1000
04/12/2026 23:27:42 - M@sS@cre[2000009]: @monster wraith_dead 1000
04/12/2026 23:27:59 - H@ving_Fun[2000010]: @monster wraith 1000
04/12/2026 23:28:03 - H@ving_Fun[2000010]: @monster wraith_dead 1000
04/12/2026 23:28:19 - FunFunFun[2000011]: @monster kobold 10000
04/12/2026 23:28:23 - FunFunFun[2000011]: @monster goblin 2000
04/12/2026 23:28:32 - FunFunFun[2000011]: @monster thara_frog 1000
04/12/2026 23:28:49 - FunFunFun[2000011]: @heal
04/12/2026 23:28:56 - FunFunFun[2000011]: @speed 5
04/13/2026 09:15:11 - M@sS@cre[2000009]: @hide
04/13/2026 09:15:43 - M@sS@cre[2000009]: @skpoint 10
04/13/2026 09:16:44 - M@sS@cre[2000009]: @questskill 1003
04/13/2026 09:17:00 - M@sS@cre[2000009]: @questskill 1004
04/13/2026 09:17:16 - M@sS@cre[2000009]: @questskill 141
04/13/2026 09:17:48 - M@sS@cre[2000009]: @questskill 53
04/13/2026 09:17:53 - M@sS@cre[2000009]: @skpoint 10
04/13/2026 09:18:54 - M@sS@cre[2000009]: @questskill 140
04/13/2026 09:19:30 - M@sS@cre[2000009]: @useskill 141
04/13/2026 09:23:17 - M@sS@cre[2000009]: @skpoint 1
04/13/2026 09:24:01 - M@sS@cre[2000009]: @questskill 150
04/13/2026 09:25:47 - H@ving_Fun[2000010]: @hide
04/13/2026 09:26:01 - M@sS@cre[2000009]: @hide
04/13/2026 09:26:06 - M@sS@cre[2000009]: @speed 5
04/13/2026 09:27:00 - M@sS@cre[2000009]: @monster wraith_dead 10000
04/13/2026 09:27:07 - M@sS@cre[2000009]: @monster wraith 10000
04/13/2026 09:27:14 - M@sS@cre[2000009]: @monster whisper 10000
04/13/2026 09:27:52 - H@ving_Fun[2000010]: @item berserk_potion 15
04/13/2026 09:28:11 - H@ving_Fun[2000010]: @heal
04/13/2026 09:29:03 - H@ving_Fun[2000010]: @hide
04/13/2026 09:29:13 - H@ving_Fun[2000010]: @monster wraith_dead 10000
04/13/2026 09:29:17 - H@ving_Fun[2000010]: @monster wraith 10000
04/13/2026 09:29:24 - H@ving_Fun[2000010]: @monster whisper 10000
04/13/2026 09:29:32 - H@ving_Fun[2000010]: @monster ghostring 30
04/13/2026 09:29:40 - M@sS@cre[2000009]: @monster ghostring 20
04/13/2026 09:30:01 - H@ving_Fun[2000010]: @speed 5
04/13/2026 09:31:57 - FunFunFun[2000011]: @heal
04/13/2026 09:32:53 - FunFunFun[2000011]: @jobchange 15
04/13/2026 09:33:10 - FunFunFun[2000011]: @heal
04/13/2026 09:34:29 - FunFunFun[2000011]: @hide
04/13/2026 09:34:38 - FunFunFun[2000011]: @monster kobald
04/13/2026 09:35:42 - FunFunFun[2000011]: @monster 1135 10000
04/13/2026 09:35:54 - FunFunFun[2000011]: @monster 1134 10000
04/13/2026 09:36:02 - FunFunFun[2000011]: @monster 1133 10000
04/13/2026 09:36:21 - FunFunFun[2000011]: @monster thara_frog 10000
04/13/2026 09:36:46 - FunFunFun[2000011]: @monster 1122 10000
04/13/2026 09:37:56 - FunFunFun[2000011]: @monster 1044 10000
04/13/2026 09:38:07 - FunFunFun[2000011]: @monster 1068 10000
04/13/2026 09:39:51 - FunFunFun[2000011]: @monster 1619 10000
04/13/2026 09:40:15 - M@sS@cre[2000009]: @monster 1619 10000
04/13/2026 09:40:27 - H@ving_Fun[2000010]: @monster 1619 100000
04/13/2026 09:43:29 - FunFunFun[2000011]: @monster sohee 10000
04/13/2026 09:43:37 - FunFunFun[2000011]: @monster sohee 10000
04/13/2026 09:44:07 - FunFunFun[2000011]: @monster 1637 1637
04/13/2026 09:45:05 - M@sS@cre[2000009]: @jump
04/13/2026 09:45:18 - H@ving_Fun[2000010]: @jump
04/13/2026 09:45:26 - FunFunFun[2000011]: @jump
04/13/2026 09:45:41 - FunFunFun[2000011]: @jump
04/13/2026 09:55:53 - FunFunFun[2000011]: @item 645
04/13/2026 09:56:18 - FunFunFun[2000011]: @jump
04/13/2026 09:56:20 - FunFunFun[2000011]: @jump
04/13/2026 09:57:25 - M@sS@cre[2000009]: @monster whisper 10000
04/13/2026 09:57:32 - M@sS@cre[2000009]: @monster wraith_dead 10000
04/13/2026 09:57:45 - FunFunFun[2000011]: @monster whisper 1000
04/13/2026 12:19:16 - M@sS@cre[2000009]: @monster wraith_dead 10000
04/13/2026 12:19:20 - M@sS@cre[2000009]: @monster whisper 10000
04/13/2026 12:19:31 - H@ving_Fun[2000010]: @heal
04/13/2026 12:19:35 - H@ving_Fun[2000010]: @hide
04/13/2026 12:19:41 - M@sS@cre[2000009]: @hide
04/13/2026 12:19:46 - FunFunFun[2000011]: @hide
04/13/2026 12:19:49 - FunFunFun[2000011]: @hide
04/13/2026 12:19:51 - H@ving_Fun[2000010]: @hide
04/13/2026 12:19:53 - H@ving_Fun[2000010]: @hide
04/13/2026 12:19:55 - M@sS@cre[2000009]: @hide
04/13/2026 12:20:10 - H@ving_Fun[2000010]: @warp in_sphinx2
04/13/2026 12:20:21 - H@ving_Fun[2000010]: @monster whisper 1000
04/13/2026 12:20:33 - FunFunFun[2000011]: @monster whisper 200
04/13/2026 12:20:52 - FunFunFun[2000011]: @monster 1637 1637
04/13/2026 12:21:03 - FunFunFun[2000011]: @monster sohee 10000
04/13/2026 12:33:57 - M@sS@cre[2000009]: @hide
04/13/2026 12:35:07 - M@sS@cre[2000009]: @item awakening_potion 10
04/13/2026 12:35:15 - M@sS@cre[2000009]: @heal
04/13/2026 12:35:46 - M@sS@cre[2000009]: @hide
04/13/2026 12:38:11 - M@sS@cre[2000009]: @item awakening_potion 10
04/13/2026 12:38:33 - H@ving_Fun[2000010]: @hide
04/13/2026 12:39:24 - H@ving_Fun[2000010]: @heal
04/13/2026 12:39:46 - H@ving_Fun[2000010]: @item berserk_potion 20
04/13/2026 12:40:00 - M@sS@cre[2000009]: @item awakening_potion 10
04/13/2026 12:40:55 - H@ving_Fun[2000010]: @hide
04/13/2026 12:41:09 - H@ving_Fun[2000010]: @monster wraith_dead 10000
04/13/2026 12:41:19 - M@sS@cre[2000009]: @monster wraith_dead 10000
04/13/2026 12:41:28 - FunFunFun[2000011]: @monster ghostring 10000
04/13/2026 12:42:02 - M@sS@cre[2000009]: @monster 1619 10000
04/13/2026 12:44:16 - M@sS@cre[2000009]: @monster 1132 10000
04/13/2026 12:44:27 - H@ving_Fun[2000010]: @monster 1132 10000
04/13/2026 12:44:40 - FunFunFun[2000011]: @monster sohee 10000c @monster 1619 10000
04/13/2026 12:44:48 - FunFunFun[2000011]: @monster 1637 10000
04/13/2026 12:44:57 - M@sS@cre[2000009]: @monster 1637 10000
04/13/2026 12:45:15 - FunFunFun[2000011]: @monster 1133 100000
04/13/2026 12:45:25 - FunFunFun[2000011]: @monster 1134 100000
04/13/2026 15:25:57 - eNJoY[2000012]: @monster poporing
04/13/2026 15:26:07 - eNJoY[2000012]: @monster poporing
04/13/2026 15:26:29 - eNJoY[2000012]: @agi 80
04/13/2026 15:26:35 - eNJoY[2000012]: @agi -60
04/13/2026 15:26:40 - eNJoY[2000012]: @agi 30
04/13/2026 15:26:45 - eNJoY[2000012]: @str 60
04/13/2026 15:27:03 - eNJoY[2000012]: @monster poison spore
04/13/2026 15:27:11 - eNJoY[2000012]: @monster poison_spore
04/13/2026 15:27:23 - eNJoY[2000012]: @jobchange 4
04/13/2026 15:27:25 - eNJoY[2000012]: @jobchange 1
04/13/2026 15:27:27 - eNJoY[2000012]: @jobchange 2
04/13/2026 15:27:28 - eNJoY[2000012]: @jobchange 3
04/13/2026 15:27:30 - eNJoY[2000012]: @jobchange 5
04/13/2026 15:27:31 - eNJoY[2000012]: @jobchange 6
04/13/2026 15:27:41 - eNJoY[2000012]: @monster poison_spore
04/13/2026 15:27:47 - eNJoY[2000012]: @monster poison_spore
04/13/2026 15:28:06 - eNJoY[2000012]: @str -30
04/13/2026 15:28:29 - eNJoY[2000012]: @skpoint 6
04/13/2026 15:29:18 - eNJoY[2000012]: @warp iz_dun02
04/13/2026 15:31:21 - eNJoY[2000012]: @produce 1202 4 3
04/13/2026 15:32:44 - eNJoY[2000012]: @produce 1202 1 3
04/13/2026 15:32:48 - eNJoY[2000012]: @produce 1202 2 3
04/13/2026 15:32:51 - eNJoY[2000012]: @produce 1202 3 3
04/13/2026 15:34:36 - eNJoY[2000012]: @warp in_sphinx2
04/13/2026 15:34:40 - eNJoY[2000012]: @hide
04/13/2026 15:38:40 - eNJoY[2000012]: @hide
04/13/2026 17:27:37 - FunFunFun[2000011]: @monster 1134 100000
04/13/2026 17:27:47 - FunFunFun[2000011]: @monster 1135 100000
04/13/2026 17:28:19 - eNJoY[2000012]: @monster wraith_dead 1000
04/13/2026 17:28:40 - M@sS@cre[2000009]: @monster wraith_dead 1000
04/13/2026 17:28:57 - FunFunFun[2000011]: @monster sohee 3000
04/13/2026 17:29:20 - H@ving_Fun[2000010]: @heal
04/13/2026 17:29:25 - FunFunFun[2000011]: @heal
04/13/2026 17:30:38 - FunFunFun[2000011]: @monster 1122 10000
04/13/2026 17:33:19 - FunFunFun[2000011]: @monster 2903 10000
04/13/2026 17:33:35 - eNJoY[2000012]: @monster 2903 10000
04/13/2026 17:33:49 - eNJoY[2000012]: @monster 2903 10000
04/13/2026 17:35:09 - eNJoY[2000012]: @monster 1699 10000
04/13/2026 17:35:16 - FunFunFun[2000011]: @monster 1699 10000
04/13/2026 17:35:31 - M@sS@cre[2000009]: @monster 1699 10000
04/13/2026 17:35:40 - H@ving_Fun[2000010]: @monster 1699 10000
04/13/2026 17:35:49 - H@ving_Fun[2000010]: @monster ghostring 1000
04/13/2026 17:38:08 - eNJoY[2000012]: @monster 1132 10000
04/13/2026 17:42:55 - FunFunFun[2000011]: @monster hydra 300
04/13/2026 18:51:23 - M@sS@cre[2000009]: @heal
04/13/2026 18:51:32 - FunFunFun[2000011]: @heal
04/13/2026 18:52:28 - FunFunFun[2000011]: @monster sohee 5000
04/13/2026 18:52:54 - H@ving_Fun[2000010]: @heal
04/13/2026 18:54:03 - eNJoY[2000012]: @monster radric 10000
04/13/2026 18:54:07 - eNJoY[2000012]: @monster raydric 10000
04/13/2026 18:54:26 - eNJoY[2000012]: @monster 1132 10000
04/13/2026 18:54:34 - eNJoY[2000012]: @monster 2903 10000
04/13/2026 18:54:49 - eNJoY[2000012]: @monster 2903 10000
04/13/2026 18:54:58 - eNJoY[2000012]: @monster 1699 10000
04/13/2026 18:55:31 - FunFunFun[2000011]: @monster 1699 10000
04/13/2026 18:55:38 - FunFunFun[2000011]: @monster 1122 10000
04/13/2026 18:57:02 - H@ving_Fun[2000010]: @monster wraith_dead 10000
04/13/2026 18:57:07 - M@sS@cre[2000009]: @monster wraith_dead 1000
04/13/2026 20:39:04 - eNJoY[2000012]: @hide
04/13/2026 20:39:28 - eNJoY[2000012]: @skpoint -4
04/13/2026 20:39:58 - eNJoY[2000012]: @questskill 150
04/13/2026 20:40:21 - eNJoY[2000012]: @jobchange 17
04/13/2026 20:41:23 - eNJoY[2000012]: @item magnifier 10
04/13/2026 20:41:34 - eNJoY[2000012]: @item magnifier 10
04/13/2026 20:41:57 - eNJoY[2000012]: @item magnifier 10
04/13/2026 20:42:12 - eNJoY[2000012]: @item magnifier 10
04/13/2026 20:50:49 - eNJoY[2000012]: @warp gld_dun03
04/13/2026 20:51:00 - eNJoY[2000012]: @item berserk_potion 10
04/13/2026 20:52:32 - eNJoY[2000012]: @warp teg_dun02
04/13/2026 20:52:47 - eNJoY[2000012]: @jump
04/13/2026 20:52:49 - eNJoY[2000012]: @jump
04/13/2026 20:52:50 - eNJoY[2000012]: @jump
04/13/2026 20:52:51 - eNJoY[2000012]: @jump
04/13/2026 20:53:01 - eNJoY[2000012]: @warp teg_dun01
04/13/2026 20:54:43 - eNJoY[2000012]: @warp mjo_dun03
04/13/2026 20:55:11 - eNJoY[2000012]: @hide
04/13/2026 20:55:15 - eNJoY[2000012]: @hide
04/13/2026 20:55:54 - eNJoY[2000012]: @skpoint 15
04/13/2026 20:57:35 - eNJoY[2000012]: @produce 1127 3 3
04/13/2026 20:57:46 - eNJoY[2000012]: @hide
04/13/2026 20:59:53 - eNJoY[2000012]: @hide
04/13/2026 21:07:24 - eNJoY[2000012]: @str -20
04/13/2026 21:07:57 - eNJoY[2000012]: @monster wraith
04/13/2026 21:08:16 - eNJoY[2000012]: @monster wraith
04/13/2026 21:08:23 - eNJoY[2000012]: @monster wraith_dead
04/13/2026 21:08:32 - eNJoY[2000012]: @monster wraith_dead
04/13/2026 21:08:56 - eNJoY[2000012]: @monster wraith_dead
04/13/2026 21:09:01 - eNJoY[2000012]: @monster wraith_dead
04/13/2026 21:09:03 - eNJoY[2000012]: @monster wraith_dead
04/13/2026 21:09:11 - eNJoY[2000012]: @monster wraith_dead
04/13/2026 21:09:16 - eNJoY[2000012]: @monster wraith_dead
04/13/2026 21:09:21 - eNJoY[2000012]: @monster wraith_dead
04/13/2026 21:09:25 - eNJoY[2000012]: @monster wraith_dead
04/13/2026 21:09:29 - eNJoY[2000012]: @monster wraith_dead
04/13/2026 21:09:33 - eNJoY[2000012]: @monster wraith_dead
04/13/2026 21:10:15 - eNJoY[2000012]: @skpoint 3
04/13/2026 21:10:46 - eNJoY[2000012]: @skpoint 2
04/13/2026 21:12:31 - eNJoY[2000012]: @hide
04/13/2026 21:13:08 - eNJoY[2000012]: @hide
04/13/2026 21:16:19 - eNJoY[2000012]: @speed 5
04/13/2026 21:16:28 - eNJoY[2000012]: @monster skel_worker 15
04/13/2026 21:16:39 - eNJoY[2000012]: @item fly_wing 50
04/13/2026 21:17:50 - eNJoY[2000012]: @item 601 40
04/13/2026 21:18:00 - eNJoY[2000012]: @warp mjoldun_03
04/13/2026 21:18:13 - eNJoY[2000012]: @warp mjodun_03
04/13/2026 21:18:20 - eNJoY[2000012]: @warp mjo_dun03
04/13/2026 21:18:37 - eNJoY[2000012]: @heal
04/13/2026 21:18:43 - eNJoY[2000012]: @item white_potion 30
04/13/2026 21:18:53 - eNJoY[2000012]: @hide
04/13/2026 21:18:59 - eNJoY[2000012]: @monster skel_worker 1000
04/13/2026 21:19:10 - eNJoY[2000012]: @monster skel_worker 1000
04/13/2026 21:19:11 - eNJoY[2000012]: @monster skel_worker 1000
04/13/2026 21:19:55 - eNJoY[2000012]: @monster 1305 100
04/13/2026 22:47:36 - eNJoY[2000012]: @hide
04/13/2026 22:48:15 - eNJoY[2000012]: @item magnifier
04/13/2026 22:48:24 - eNJoY[2000012]: @item magnifier
04/13/2026 22:50:51 - eNJoY[2000012]: @warp mjo_dun03
04/13/2026 22:50:56 - eNJoY[2000012]: @hide
04/13/2026 22:50:58 - eNJoY[2000012]: @hide
04/13/2026 22:51:08 - eNJoY[2000012]: @monster skel_worker 100000
04/13/2026 22:51:09 - eNJoY[2000012]: @monster skel_worker 100000
04/13/2026 22:51:10 - eNJoY[2000012]: @monster skel_worker 100000
04/13/2026 22:51:11 - eNJoY[2000012]: @monster skel_worker 100000
04/13/2026 22:51:21 - eNJoY[2000012]: @jump
04/13/2026 22:51:24 - eNJoY[2000012]: @monster skel_worker 100000
04/13/2026 22:51:25 - eNJoY[2000012]: @monster skel_worker 100000
04/13/2026 22:51:27 - eNJoY[2000012]: @jump
04/13/2026 22:51:29 - eNJoY[2000012]: @monster skel_worker 100000
04/13/2026 22:51:29 - eNJoY[2000012]: @monster skel_worker 100000
04/13/2026 22:51:31 - eNJoY[2000012]: @jump
04/13/2026 22:52:08 - eNJoY[2000012]: @monster ancient_worm 1000
04/13/2026 22:52:09 - eNJoY[2000012]: @monster ancient_worm 1000
04/13/2026 22:52:10 - eNJoY[2000012]: @monster ancient_worm 1000
04/13/2026 22:52:10 - eNJoY[2000012]: @monster ancient_worm 1000
04/13/2026 22:52:13 - eNJoY[2000012]: @jump
04/13/2026 22:52:15 - eNJoY[2000012]: @monster ancient_worm 1000
04/13/2026 22:52:17 - eNJoY[2000012]: @jump
04/13/2026 22:52:19 - eNJoY[2000012]: @monster ancient_worm 1000
04/13/2026 22:52:20 - eNJoY[2000012]: @monster ancient_worm 1000
04/13/2026 22:52:22 - eNJoY[2000012]: @jump
04/13/2026 22:52:28 - eNJoY[2000012]: @monster skel_worker 100000
04/13/2026 22:52:30 - eNJoY[2000012]: @jump
04/13/2026 22:52:32 - eNJoY[2000012]: @jump
04/13/2026 22:52:34 - eNJoY[2000012]: @jump
04/13/2026 22:52:35 - eNJoY[2000012]: @jump
04/13/2026 22:52:37 - eNJoY[2000012]: @monster skel_worker 100000
04/13/2026 22:52:38 - eNJoY[2000012]: @monster skel_worker 100000
04/13/2026 22:52:39 - eNJoY[2000012]: @monster skel_worker 100000
04/13/2026 22:52:43 - eNJoY[2000012]: @monster ancient_worm 1000
04/13/2026 22:52:44 - eNJoY[2000012]: @monster ancient_worm 1000
04/13/2026 22:52:46 - eNJoY[2000012]: @jump
04/13/2026 22:52:49 - eNJoY[2000012]: @monster ancient_worm 1000
04/13/2026 22:52:49 - eNJoY[2000012]: @monster ancient_worm 1000
04/13/2026 22:52:51 - eNJoY[2000012]: @monster skel_worker 100000
04/13/2026 22:52:53 - eNJoY[2000012]: @jump
04/13/2026 22:52:56 - eNJoY[2000012]: @jump
04/13/2026 22:52:57 - eNJoY[2000012]: @jump
04/13/2026 22:53:00 - eNJoY[2000012]: @monster skel_worker 100000
04/13/2026 22:53:01 - eNJoY[2000012]: @monster skel_worker 100000
04/13/2026 22:53:02 - eNJoY[2000012]: @monster skel_worker 100000
04/13/2026 22:53:08 - eNJoY[2000012]: @monster ancient_worm 1000
04/13/2026 22:53:10 - eNJoY[2000012]: @jump
04/13/2026 22:53:11 - eNJoY[2000012]: @jump
04/13/2026 22:53:14 - eNJoY[2000012]: @monster skel_worker 100000
04/13/2026 22:53:16 - eNJoY[2000012]: @jump
04/13/2026 22:53:19 - eNJoY[2000012]: @monster skel_worker 100000
04/13/2026 22:53:20 - eNJoY[2000012]: @jump
04/13/2026 22:53:22 - eNJoY[2000012]: @monster skel_worker 100000
04/13/2026 22:53:24 - eNJoY[2000012]: @jump
04/13/2026 22:53:26 - eNJoY[2000012]: @monster skel_worker 100000
04/13/2026 22:53:28 - eNJoY[2000012]: @jump
04/13/2026 22:53:30 - eNJoY[2000012]: @monster skel_worker 100000
04/13/2026 22:53:32 - eNJoY[2000012]: @jump
04/13/2026 22:53:36 - eNJoY[2000012]: @monster skel_worker 100000
04/13/2026 22:53:40 - eNJoY[2000012]: @monster ancient_worm 1000
04/13/2026 22:53:42 - eNJoY[2000012]: @jump
04/13/2026 22:53:50 - eNJoY[2000012]: @monster ancient_worm 1000
04/13/2026 22:53:52 - eNJoY[2000012]: @jump
04/13/2026 22:54:19 - eNJoY[2000012]: @hide
04/13/2026 22:54:26 - eNJoY[2000012]: @alive
04/13/2026 22:54:31 - eNJoY[2000012]: @hide
04/13/2026 22:54:36 - eNJoY[2000012]: @heal
04/13/2026 22:54:53 - eNJoY[2000012]: @warp mjo_dun03
04/13/2026 22:56:16 - FunFunFun[2000011]: @hide
04/13/2026 22:56:19 - FunFunFun[2000011]: @heal
04/13/2026 22:58:26 - FunFunFun[2000011]: @item magnifier 6
04/13/2026 22:59:06 - FunFunFun[2000011]: @jump
04/13/2026 22:59:07 - FunFunFun[2000011]: @jump
04/13/2026 22:59:09 - FunFunFun[2000011]: @jump
04/13/2026 22:59:10 - FunFunFun[2000011]: @jump
04/13/2026 22:59:11 - FunFunFun[2000011]: @jump
04/13/2026 22:59:13 - FunFunFun[2000011]: @jump
04/13/2026 22:59:14 - FunFunFun[2000011]: @jump
04/13/2026 22:59:15 - FunFunFun[2000011]: @jump
04/13/2026 22:59:16 - FunFunFun[2000011]: @jump
04/13/2026 22:59:18 - FunFunFun[2000011]: @jump
04/13/2026 22:59:19 - FunFunFun[2000011]: @jump
04/13/2026 22:59:20 - FunFunFun[2000011]: @jump
04/13/2026 22:59:22 - FunFunFun[2000011]: @jump
04/13/2026 22:59:24 - FunFunFun[2000011]: @jump
04/13/2026 22:59:26 - FunFunFun[2000011]: @jump
04/13/2026 22:59:29 - FunFunFun[2000011]: @jump
04/13/2026 22:59:31 - FunFunFun[2000011]: @jump
04/13/2026 22:59:32 - FunFunFun[2000011]: @jump
04/13/2026 22:59:33 - FunFunFun[2000011]: @jump
04/13/2026 22:59:35 - FunFunFun[2000011]: @jump
04/13/2026 22:59:37 - FunFunFun[2000011]: @jump
04/13/2026 22:59:38 - FunFunFun[2000011]: @jump
04/13/2026 22:59:40 - FunFunFun[2000011]: @jump
04/13/2026 22:59:41 - FunFunFun[2000011]: @jump
04/13/2026 22:59:42 - FunFunFun[2000011]: @jump
04/13/2026 22:59:43 - FunFunFun[2000011]: @jump
04/13/2026 23:00:17 - FunFunFun[2000011]: @hide
04/13/2026 23:00:25 - FunFunFun[2000011]: @speed 5
04/13/2026 23:01:03 - M@sS@cre[2000009]: @monster wraith_dead 100000
04/13/2026 23:01:13 - H@ving_Fun[2000010]: @monster wraith_dead 1000000
04/13/2026 23:01:44 - H@ving_Fun[2000010]: @jump
04/13/2026 23:01:48 - H@ving_Fun[2000010]: @jump
04/13/2026 23:02:04 - H@ving_Fun[2000010]: @jump
04/13/2026 23:02:33 - M@sS@cre[2000009]: @jump
04/13/2026 23:02:37 - M@sS@cre[2000009]: @jump
04/13/2026 23:02:41 - M@sS@cre[2000009]: @jump
04/13/2026 23:02:55 - M@sS@cre[2000009]: @jump
04/13/2026 23:03:08 - M@sS@cre[2000009]: @jump
04/13/2026 23:03:18 - M@sS@cre[2000009]: @jump
04/13/2026 23:03:28 - M@sS@cre[2000009]: @jump
04/13/2026 23:03:33 - M@sS@cre[2000009]: @jump
04/13/2026 23:03:41 - M@sS@cre[2000009]: @jump
04/13/2026 23:03:49 - M@sS@cre[2000009]: @jump
04/13/2026 23:03:53 - M@sS@cre[2000009]: @jump
04/13/2026 23:03:58 - M@sS@cre[2000009]: @jump
04/13/2026 23:04:06 - M@sS@cre[2000009]: @jump
04/13/2026 23:04:12 - M@sS@cre[2000009]: @jump
04/13/2026 23:04:17 - M@sS@cre[2000009]: @jump
04/13/2026 23:08:33 - eNJoY[2000012]: @jump
04/13/2026 23:09:32 - eNJoY[2000012]: @jump
04/13/2026 23:12:29 - eNJoY[2000012]: @jump
04/13/2026 23:18:33 - M@sS@cre[2000009]: @jump
04/13/2026 23:21:01 - H@ving_Fun[2000010]: @jump
04/13/2026 23:22:06 - eNJoY[2000012]: @jump
04/13/2026 23:22:32 - FunFunFun[2000011]: @monster sohee 300000
04/13/2026 23:22:33 - FunFunFun[2000011]: @monster sohee 300000
04/13/2026 23:23:10 - FunFunFun[2000011]: @monster 1122 10000
04/13/2026 23:23:28 - FunFunFun[2000011]: @monster 1134 10000
04/13/2026 23:24:18 - FunFunFun[2000011]: @monster 1133 10000
04/13/2026 23:24:47 - FunFunFun[2000011]: @jump
04/13/2026 23:24:54 - FunFunFun[2000011]: @speed 5
04/13/2026 23:25:01 - M@sS@cre[2000009]: @speed 5
04/13/2026 23:25:06 - M@sS@cre[2000009]: @jump
04/13/2026 23:25:07 - M@sS@cre[2000009]: @jump
04/13/2026 23:25:23 - H@ving_Fun[2000010]: @jump
04/13/2026 23:25:25 - H@ving_Fun[2000010]: @speed 5
04/14/2026 07:25:30 - eNJoY[2000012]: @jump
04/14/2026 11:13:53 - eNJoY[2000012]: @jump
04/14/2026 11:15:39 - M@sS@cre[2000009]: @jump
04/14/2026 11:17:20 - H@ving_Fun[2000010]: @jump
04/14/2026 11:17:52 - FunFunFun[2000011]: @speed 5
04/14/2026 11:17:57 - FunFunFun[2000011]: @str 50
04/14/2026 15:11:47 - eNJoY[2000012]: @hide
04/14/2026 15:11:54 - eNJoY[2000012]: @item magnifier 10
04/14/2026 15:12:50 - eNJoY[2000012]: @skpoint 10
04/14/2026 15:13:09 - eNJoY[2000012]: @skpoint 10
04/14/2026 15:15:02 - eNJoY[2000012]: @monster skel_worker 10000
04/14/2026 15:15:05 - eNJoY[2000012]: @jump
04/14/2026 15:15:07 - eNJoY[2000012]: @jump
04/14/2026 15:15:10 - eNJoY[2000012]: @monster skel_worker 10000
04/14/2026 15:15:19 - eNJoY[2000012]: @jump
04/14/2026 15:15:21 - eNJoY[2000012]: @monster skel_worker 10000
04/14/2026 15:15:52 - eNJoY[2000012]: @item berserk_potion 10
04/14/2026 15:16:39 - eNJoY[2000012]: @alive
04/14/2026 15:16:41 - eNJoY[2000012]: @hide
04/14/2026 15:16:53 - eNJoY[2000012]: @warp mjo_dun03
04/14/2026 15:16:58 - eNJoY[2000012]: @heal
04/14/2026 15:17:38 - FunFunFun[2000011]: @jump
04/14/2026 15:19:22 - H@ving_Fun[2000010]: @jump
04/14/2026 15:19:30 - H@ving_Fun[2000010]: @speed 2
04/14/2026 15:19:39 - eNJoY[2000012]: @speed 2
04/14/2026 15:21:56 - FunFunFun[2000011]: @jump
04/14/2026 15:22:00 - FunFunFun[2000011]: @speed 5
04/14/2026 17:57:07 - eNJoY[2000012]: @hide
04/14/2026 17:59:39 - eNJoY[2000012]: @hide
04/14/2026 17:59:57 - eNJoY[2000012]: @monster skel_worker 10000
04/14/2026 18:01:14 - eNJoY[2000012]: @speed 5
04/14/2026 18:02:36 - FunFunFun[2000011]: @hide
04/14/2026 18:02:51 - FunFunFun[2000011]: @speed 5
04/14/2026 18:30:44 - eNJoY[2000012]: @jump
04/14/2026 18:32:42 - eNJoY[2000012]: @killmonster2
04/14/2026 18:32:55 - eNJoY[2000012]: @killmonster2
04/14/2026 18:33:06 - eNJoY[2000012]: @killmonster2
04/14/2026 18:33:27 - eNJoY[2000012]: @monster skel_worker 20
04/14/2026 18:33:31 - eNJoY[2000012]: @monster skel_worker 200
04/14/2026 18:34:06 - FunFunFun[2000011]: @killmonster2
04/14/2026 18:34:17 - FunFunFun[2000011]: @monster 1134 20
04/14/2026 18:34:23 - FunFunFun[2000011]: @monster 1135 20
04/14/2026 18:34:33 - FunFunFun[2000011]: @monster 1135 20
04/14/2026 18:34:34 - FunFunFun[2000011]: @monster 1134 20
04/14/2026 18:34:42 - eNJoY[2000012]: @monster skel_worker 200
04/14/2026 18:36:30 - M@sS@cre[2000009]: @hide
04/14/2026 18:36:33 - M@sS@cre[2000009]: @heal
04/14/2026 18:36:50 - M@sS@cre[2000009]: @warp in_sphinx2
04/14/2026 18:37:01 - M@sS@cre[2000009]: @killmonster2
04/14/2026 18:37:18 - M@sS@cre[2000009]: @monster 1291 1000
04/14/2026 18:37:41 - H@ving_Fun[2000010]: @monster 1291 1000
04/14/2026 18:38:36 - FunFunFun[2000011]: @monster 1123 1000
04/14/2026 18:39:05 - H@ving_Fun[2000010]: @monster 1132 200
04/14/2026 18:39:17 - M@sS@cre[2000009]: @monster 1132 200
04/14/2026 18:40:08 - FunFunFun[2000011]: @jump
04/14/2026 18:40:13 - FunFunFun[2000011]: @monster 1134 20
04/14/2026 18:40:16 - FunFunFun[2000011]: @monster 1135 20
04/14/2026 18:40:37 - H@ving_Fun[2000010]: @monster 1132 200
04/14/2026 18:40:42 - M@sS@cre[2000009]: @monster 1132 200
04/14/2026 18:40:45 - M@sS@cre[2000009]: @monster 1291 1000
04/14/2026 18:40:48 - H@ving_Fun[2000010]: @monster 1291 1000
04/14/2026 18:40:55 - H@ving_Fun[2000010]: @jump
04/14/2026 18:40:58 - M@sS@cre[2000009]: @jump
04/14/2026 18:41:29 - eNJoY[2000012]: @monster skel_worker 200
04/14/2026 18:41:33 - eNJoY[2000012]: @jump
04/14/2026 18:41:36 - eNJoY[2000012]: @monster skel_worker 200
04/14/2026 18:41:37 - eNJoY[2000012]: @jump
04/14/2026 18:41:39 - eNJoY[2000012]: @monster skel_worker 200
04/14/2026 18:41:41 - eNJoY[2000012]: @jump
04/14/2026 19:12:29 - H@ving_Fun[2000010]: @jump
04/14/2026 19:14:29 - FunFunFun[2000011]: @jump
04/14/2026 19:14:46 - FunFunFun[2000011]: @monster hydra 100
04/14/2026 19:14:48 - FunFunFun[2000011]: @jump
04/14/2026 19:15:11 - FunFunFun[2000011]: @monster 1135 20
04/14/2026 19:15:15 - FunFunFun[2000011]: @monster 1135 20
04/14/2026 19:15:18 - FunFunFun[2000011]: @monster 1134 20
04/14/2026 19:15:19 - FunFunFun[2000011]: @monster 1134 20
04/14/2026 19:15:24 - FunFunFun[2000011]: @jump
04/14/2026 19:15:28 - FunFunFun[2000011]: @jump
04/14/2026 19:15:29 - FunFunFun[2000011]: @jump
04/14/2026 19:15:30 - FunFunFun[2000011]: @jump
04/14/2026 19:15:32 - FunFunFun[2000011]: @jump
04/14/2026 19:15:46 - FunFunFun[2000011]: @monster 1123 50
04/14/2026 19:15:48 - FunFunFun[2000011]: @jump
04/14/2026 19:15:52 - FunFunFun[2000011]: @monster 1123 50
04/14/2026 19:17:33 - eNJoY[2000012]: @jump
04/14/2026 19:17:52 - eNJoY[2000012]: @monster skel_worker 100
04/14/2026 19:20:18 - eNJoY[2000012]: @monster skel_worker 100
04/14/2026 19:21:54 - M@sS@cre[2000009]: @jump
04/14/2026 19:22:35 - M@sS@cre[2000009]: @monster 1132 100
04/14/2026 19:23:01 - M@sS@cre[2000009]: @monster 1291 100
04/14/2026 19:23:13 - H@ving_Fun[2000010]: @monster 1291 100
04/14/2026 19:23:26 - H@ving_Fun[2000010]: @monster 1132 100
04/14/2026 19:23:28 - H@ving_Fun[2000010]: @jump
04/14/2026 19:23:32 - M@sS@cre[2000009]: @jump
04/14/2026 20:06:14 - eNJoY[2000012]: @jump
04/14/2026 20:08:52 - FunFunFun[2000011]: @jump
04/14/2026 20:09:15 - FunFunFun[2000011]: @monster 1123 500
04/14/2026 20:09:29 - FunFunFun[2000011]: @jump
04/14/2026 20:09:39 - FunFunFun[2000011]: @monster 1135 50
04/14/2026 20:09:41 - FunFunFun[2000011]: @jump
04/14/2026 20:09:45 - FunFunFun[2000011]: @monster 1134 50
04/14/2026 20:10:22 - H@ving_Fun[2000010]: @jump
04/14/2026 20:20:32 - M@sS@cre[2000009]: @jump
04/14/2026 20:21:28 - H@ving_Fun[2000010]: @jump
04/14/2026 21:46:59 - eNJoY[2000012]: @hide
04/14/2026 21:50:19 - eNJoY[2000012]: @item 1127
04/14/2026 21:50:37 - eNJoY[2000012]: @item hydra_card 1
04/14/2026 21:53:07 - eNJoY[2000012]: @item side_winder_card
04/14/2026 21:55:46 - eNJoY[2000012]: @item raid_human_sword
04/14/2026 22:02:13 - eNJoY[2000012]: @item 1121
04/14/2026 22:02:28 - eNJoY[2000012]: @item 1120
04/14/2026 22:02:45 - eNJoY[2000012]: @item side_winder_card
04/14/2026 22:03:42 - eNJoY[2000012]: @item hydra_card 2
04/14/2026 22:04:07 - eNJoY[2000012]: @item magnifier 20
04/14/2026 22:08:22 - eNJoY[2000012]: @warp lhz_dun01
04/14/2026 22:08:38 - eNJoY[2000012]: @jump
04/14/2026 22:08:40 - eNJoY[2000012]: @jump
04/14/2026 22:09:00 - eNJoY[2000012]: @warp 3@tower
04/14/2026 22:09:09 - eNJoY[2000012]: @jump
04/14/2026 22:09:16 - eNJoY[2000012]: @monster 1653
04/14/2026 22:09:30 - eNJoY[2000012]: @hide
04/14/2026 22:09:32 - eNJoY[2000012]: @monster 1653
04/14/2026 22:09:41 - eNJoY[2000012]: @monster 1653
04/14/2026 22:10:12 - eNJoY[2000012]: @monster 1653
04/14/2026 22:10:55 - eNJoY[2000012]: @refine 0 4
04/14/2026 22:11:04 - eNJoY[2000012]: @monster 1653
04/14/2026 22:11:11 - eNJoY[2000012]: @monster 1653
04/14/2026 22:12:14 - eNJoY[2000012]: @monster 1653
04/14/2026 22:12:34 - eNJoY[2000012]: @heal
04/14/2026 22:13:01 - eNJoY[2000012]: @monster 1653
04/14/2026 22:14:16 - eNJoY[2000012]: @hide
04/14/2026 22:15:27 - eNJoY[2000012]: @hide
04/14/2026 22:15:37 - eNJoY[2000012]: @warp 3@tower
04/14/2026 22:16:01 - eNJoY[2000012]: @monster 1653 5
04/14/2026 22:16:11 - eNJoY[2000012]: @monster 1653 5000
04/14/2026 22:16:20 - eNJoY[2000012]: @speed 5
04/14/2026 22:16:42 - eNJoY[2000012]: @monster 1652 5000
04/14/2026 22:17:39 - eNJoY[2000012]: @monster 1654 50
04/14/2026 22:19:18 - H@ving_Fun[2000010]: @jump
04/14/2026 22:19:44 - H@ving_Fun[2000010]: @monster 1652 1000
04/14/2026 22:21:19 - H@ving_Fun[2000010]: @hide
04/14/2026 22:22:18 - H@ving_Fun[2000010]: @refine 0 7
04/14/2026 22:28:05 - H@ving_Fun[2000010]: @hide
04/14/2026 22:31:22 - M@sS@cre[2000009]: @jump
04/14/2026 22:31:50 - H@ving_Fun[2000010]: @jump
04/14/2026 22:32:05 - H@ving_Fun[2000010]: @monster 1652 50
04/14/2026 22:32:08 - H@ving_Fun[2000010]: @monster 1652 50
04/14/2026 22:32:09 - H@ving_Fun[2000010]: @monster 1652 50
04/14/2026 22:32:11 - H@ving_Fun[2000010]: @jump
04/14/2026 22:32:13 - H@ving_Fun[2000010]: @monster 1652 50
04/14/2026 22:33:59 - FunFunFun[2000011]: @jump
04/14/2026 22:34:20 - FunFunFun[2000011]: @monster hydra 100
04/14/2026 22:34:31 - FunFunFun[2000011]: @monster 1123 500
04/14/2026 22:34:37 - FunFunFun[2000011]: @jump
04/14/2026 22:34:40 - FunFunFun[2000011]: @monster 1123 500
04/14/2026 22:34:43 - FunFunFun[2000011]: @jump
04/14/2026 22:34:47 - FunFunFun[2000011]: @monster 1134 5
04/14/2026 22:34:54 - FunFunFun[2000011]: @monster 1134 50
04/14/2026 22:34:59 - FunFunFun[2000011]: @monster 1135 500
04/14/2026 22:35:01 - FunFunFun[2000011]: @monster 1134 500
04/14/2026 22:35:03 - FunFunFun[2000011]: @jump
04/14/2026 22:35:11 - FunFunFun[2000011]: @monster 1134 5
04/14/2026 22:36:45 - eNJoY[2000012]: @jump
04/14/2026 22:36:57 - eNJoY[2000012]: @monster 1654 50
04/14/2026 22:37:05 - eNJoY[2000012]: @monster 1653 50
04/14/2026 22:37:16 - H@ving_Fun[2000010]: @monster 1652 50
04/14/2026 22:37:28 - eNJoY[2000012]: @monster 1652 500
04/14/2026 22:37:30 - eNJoY[2000012]: @jump
04/14/2026 22:38:05 - eNJoY[2000012]: @monster 1654 500
04/14/2026 22:38:24 - eNJoY[2000012]: @monster 1653 500
04/14/2026 22:38:28 - eNJoY[2000012]: @monster 1652 500
04/14/2026 22:38:30 - eNJoY[2000012]: @jump
04/14/2026 22:38:36 - eNJoY[2000012]: @monster 1652 10
04/14/2026 22:38:40 - eNJoY[2000012]: @monster 1652 10000
04/14/2026 22:38:42 - eNJoY[2000012]: @jump
04/14/2026 22:38:49 - eNJoY[2000012]: @monster 1652 10
04/14/2026 22:39:02 - eNJoY[2000012]: @monster 1653 10
04/14/2026 22:39:34 - eNJoY[2000012]: @monster 1652 100
04/14/2026 22:39:36 - eNJoY[2000012]: @monster 1653 100
04/14/2026 22:58:49 - eNJoY[2000012]: @item magnifier 20
04/14/2026 23:00:37 - eNJoY[2000012]: @storeall
04/14/2026 23:03:40 - eNJoY[2000012]: @zeny 650000
04/14/2026 23:03:50 - eNJoY[2000012]: @zeny -57160
04/14/2026 23:04:01 - eNJoY[2000012]: @zeny 35000
04/14/2026 23:04:55 - eNJoY[2000012]: @warp juno
04/14/2026 23:06:12 - eNJoY[2000012]: @warp yuno
04/14/2026 23:06:20 - eNJoY[2000012]: @jump
04/14/2026 23:06:22 - eNJoY[2000012]: @jump
04/14/2026 23:06:26 - eNJoY[2000012]: @speed 5
04/14/2026 23:07:00 - eNJoY[2000012]: @jump
04/14/2026 23:08:57 - eNJoY[2000012]: @warp yuno
04/14/2026 23:15:50 - eNJoY[2000012]: @warp yuno_in02 88, 164
04/14/2026 23:15:56 - eNJoY[2000012]: @warp yuno_in02 88 164
04/14/2026 23:18:06 - eNJoY[2000012]: @jobchange 4001
04/14/2026 23:18:22 - eNJoY[2000012]: @baselvl 1
04/14/2026 23:18:45 - eNJoY[2000012]: @blevel 1
04/14/2026 23:18:57 - eNJoY[2000012]: @blevel 1
04/14/2026 23:20:05 - eNJoY[2000012]: @blevel -98
04/14/2026 23:20:41 - eNJoY[2000012]: @skreset
04/14/2026 23:20:45 - eNJoY[2000012]: @skpoint 0
04/14/2026 23:20:49 - eNJoY[2000012]: @skpoint -149
04/14/2026 23:21:02 - eNJoY[2000012]: @monster poporing
04/14/2026 23:21:06 - eNJoY[2000012]: @item knife
04/14/2026 23:21:12 - eNJoY[2000012]: @item knife
04/14/2026 23:21:15 - eNJoY[2000012]: @monster poporing
04/14/2026 23:21:27 - eNJoY[2000012]: @str 60
04/14/2026 23:21:50 - eNJoY[2000012]: @jobchange 4007
04/14/2026 23:22:28 - eNJoY[2000012]: @monster sandman
04/14/2026 23:22:33 - eNJoY[2000012]: @alive
04/14/2026 23:22:40 - eNJoY[2000012]: @alive
04/14/2026 23:22:42 - eNJoY[2000012]: @monster sandman
04/14/2026 23:22:46 - eNJoY[2000012]: @monster sandman
04/14/2026 23:22:52 - eNJoY[2000012]: @monster sandman
04/14/2026 23:22:56 - eNJoY[2000012]: @monster sandman
04/14/2026 23:23:00 - eNJoY[2000012]: @monster sandman
04/14/2026 23:26:17 - eNJoY[2000012]: @warp prt_fild11
04/14/2026 23:26:48 - eNJoY[2000012]: @warp gef_fild11
04/14/2026 23:26:55 - eNJoY[2000012]: @hide
04/14/2026 23:27:23 - eNJoY[2000012]: @item 1221
04/14/2026 23:27:30 - eNJoY[2000012]: @item hydra_card 2
04/14/2026 23:27:39 - eNJoY[2000012]: @item skeleton_worker_card
04/14/2026 23:27:44 - eNJoY[2000012]: @item skele_worker_card
04/14/2026 23:27:58 - eNJoY[2000012]: @item 4092
04/14/2026 23:28:20 - eNJoY[2000012]: @item 1220
04/14/2026 23:28:36 - eNJoY[2000012]: @hide
04/14/2026 23:29:00 - eNJoY[2000012]: @refine 0 5
04/14/2026 23:34:32 - eNJoY[2000012]: @warp gef_fild11
04/14/2026 23:34:34 - eNJoY[2000012]: @heal
04/14/2026 23:34:37 - eNJoY[2000012]: @heal
04/14/2026 23:35:28 - eNJoY[2000012]: @monster 1134 10
04/14/2026 23:35:33 - eNJoY[2000012]: @hide
04/14/2026 23:35:42 - eNJoY[2000012]: @warp gef_fild11
04/14/2026 23:35:45 - eNJoY[2000012]: @hide
04/14/2026 23:35:50 - eNJoY[2000012]: @heal
04/14/2026 23:35:54 - eNJoY[2000012]: @hide
04/14/2026 23:35:59 - eNJoY[2000012]: @heal
04/14/2026 23:36:02 - eNJoY[2000012]: @speed 5
04/14/2026 23:37:29 - eNJoY[2000012]: @monster 1121 1000
04/14/2026 23:37:42 - eNJoY[2000012]: @monster 1125 1000
04/14/2026 23:37:49 - eNJoY[2000012]: @monster 1123 1000
04/14/2026 23:38:01 - eNJoY[2000012]: @monster 1538 1000
04/14/2026 23:38:02 - eNJoY[2000012]: @jump
04/14/2026 23:38:09 - eNJoY[2000012]: @monster 1536 1000
04/14/2026 23:38:23 - eNJoY[2000012]: @monster 1534 1000
04/14/2026 23:38:41 - eNJoY[2000012]: @jump
04/14/2026 23:38:49 - eNJoY[2000012]: @monster 1124 500
04/14/2026 23:38:52 - eNJoY[2000012]: @jump
04/14/2026 23:39:07 - eNJoY[2000012]: @monster 1537 500
04/14/2026 23:39:11 - eNJoY[2000012]: @monster 1535 500
04/14/2026 23:39:15 - eNJoY[2000012]: @jump
04/14/2026 23:39:21 - eNJoY[2000012]: @monster 1125 500
04/14/2026 23:39:25 - eNJoY[2000012]: @jump
04/14/2026 23:39:40 - eNJoY[2000012]: @monster 1299 50
04/14/2026 23:39:54 - eNJoY[2000012]: @jump
04/14/2026 23:39:59 - eNJoY[2000012]: @jump
04/14/2026 23:40:05 - eNJoY[2000012]: @jump
04/15/2026 00:25:00 - M@sS@cre[2000009]: @jump
04/15/2026 00:26:14 - H@ving_Fun[2000010]: @jump
04/15/2026 00:28:34 - FunFunFun[2000011]: @jump
04/15/2026 00:29:29 - FunFunFun[2000011]: @monster 1133
04/15/2026 00:29:31 - FunFunFun[2000011]: @monster 1134
04/15/2026 00:29:33 - FunFunFun[2000011]: @monster 1135
04/15/2026 00:29:39 - FunFunFun[2000011]: @monster 1135 1000
04/15/2026 00:29:45 - FunFunFun[2000011]: @jump
04/15/2026 00:29:49 - FunFunFun[2000011]: @monster 1134 1000
04/15/2026 00:29:51 - FunFunFun[2000011]: @jump
04/15/2026 00:30:22 - FunFunFun[2000011]: @monster 1135 1000
04/15/2026 00:30:24 - FunFunFun[2000011]: @jump
04/15/2026 00:30:28 - FunFunFun[2000011]: @monster 1134 1000
04/15/2026 00:30:31 - FunFunFun[2000011]: @jump
04/15/2026 00:30:37 - FunFunFun[2000011]: @jump
04/15/2026 00:30:39 - FunFunFun[2000011]: @jump
04/15/2026 00:30:41 - FunFunFun[2000011]: @jump
04/15/2026 00:30:42 - FunFunFun[2000011]: @jump
04/15/2026 00:30:52 - FunFunFun[2000011]: @monster 1134 10
04/15/2026 10:34:08 - FunFunFun[2000011]: @jump
04/15/2026 10:34:30 - FunFunFun[2000011]: @monster 1533
04/15/2026 10:34:39 - FunFunFun[2000011]: @monster 1534
04/15/2026 10:35:08 - FunFunFun[2000011]: @monster 1299 20
04/15/2026 10:36:35 - FunFunFun[2000011]: @monster 1134 100
04/15/2026 10:36:39 - FunFunFun[2000011]: @monster 1135 100
04/15/2026 10:36:42 - FunFunFun[2000011]: @jump
04/15/2026 10:36:49 - FunFunFun[2000011]: @monster 1135 100
04/15/2026 10:36:53 - FunFunFun[2000011]: @jump
04/15/2026 10:36:56 - FunFunFun[2000011]: @monster 1134 100
04/15/2026 10:36:57 - FunFunFun[2000011]: @jump
04/15/2026 10:37:37 - FunFunFun[2000011]: @monster 1655 1000
04/15/2026 10:37:39 - FunFunFun[2000011]: @jump
04/15/2026 10:37:44 - FunFunFun[2000011]: @monster 1655 1000
04/15/2026 10:37:46 - FunFunFun[2000011]: @jump
04/15/2026 10:37:48 - FunFunFun[2000011]: @monster 1655 1000
04/15/2026 10:37:50 - FunFunFun[2000011]: @jump
04/15/2026 10:37:58 - FunFunFun[2000011]: @monster 1134 1000
04/15/2026 10:38:02 - FunFunFun[2000011]: @jump
04/15/2026 10:38:05 - FunFunFun[2000011]: @jump
04/15/2026 10:38:09 - FunFunFun[2000011]: @monster 1134 1000
04/15/2026 10:38:12 - FunFunFun[2000011]: @jump
04/15/2026 10:38:23 - FunFunFun[2000011]: @monster 1655 1000
04/15/2026 10:38:26 - FunFunFun[2000011]: @jump
04/15/2026 10:38:32 - FunFunFun[2000011]: @monster 1655 1000
04/15/2026 10:38:34 - FunFunFun[2000011]: @jump
04/15/2026 10:38:53 - M@sS@cre[2000009]: @heal
04/15/2026 10:40:28 - M@sS@cre[2000009]: @hide
04/15/2026 10:42:34 - M@sS@cre[2000009]: @jobchange 4001
04/15/2026 10:42:44 - M@sS@cre[2000009]: @blevel -98
04/15/2026 10:42:52 - M@sS@cre[2000009]: @monster posionous_spore
04/15/2026 10:42:56 - M@sS@cre[2000009]: @monster poporing
04/15/2026 10:42:59 - M@sS@cre[2000009]: @item knife
04/15/2026 10:43:11 - M@sS@cre[2000009]: @item knife
04/15/2026 10:43:14 - M@sS@cre[2000009]: @monster poporing
04/15/2026 10:43:20 - M@sS@cre[2000009]: @monster poporing
04/15/2026 10:43:32 - M@sS@cre[2000009]: @skpoint -9
04/15/2026 10:43:49 - M@sS@cre[2000009]: @jobchange 4007
04/15/2026 10:44:02 - M@sS@cre[2000009]: @str 60
04/15/2026 10:44:17 - M@sS@cre[2000009]: @str 60
04/15/2026 10:44:23 - M@sS@cre[2000009]: @str -60
04/15/2026 10:44:31 - M@sS@cre[2000009]: @heal
04/15/2026 10:44:34 - M@sS@cre[2000009]: @monster goblin
04/15/2026 10:44:39 - M@sS@cre[2000009]: @monster goblin
04/15/2026 10:44:43 - M@sS@cre[2000009]: @monster goblin
04/15/2026 10:44:45 - M@sS@cre[2000009]: @monster goblin
04/15/2026 10:44:47 - M@sS@cre[2000009]: @monster goblin
04/15/2026 10:44:50 - M@sS@cre[2000009]: @monster goblin
04/15/2026 10:45:41 - M@sS@cre[2000009]: @jlevel -22
04/15/2026 10:46:24 - M@sS@cre[2000009]: @jobchange 4049
04/15/2026 10:46:28 - M@sS@cre[2000009]: @jobchange 4007
04/15/2026 10:47:28 - M@sS@cre[2000009]: @skreset
04/15/2026 10:47:36 - M@sS@cre[2000009]: @skpoint -120
04/15/2026 10:47:55 - M@sS@cre[2000009]: @monster goblin
04/15/2026 10:47:57 - M@sS@cre[2000009]: @monster goblin
04/15/2026 10:48:01 - M@sS@cre[2000009]: @monster goblin
04/15/2026 10:48:03 - M@sS@cre[2000009]: @monster goblin
04/15/2026 10:48:06 - M@sS@cre[2000009]: @monster goblin
04/15/2026 10:48:08 - M@sS@cre[2000009]: @monster goblin
04/15/2026 10:48:41 - M@sS@cre[2000009]: @item 1221
04/15/2026 10:48:50 - M@sS@cre[2000009]: @item hydra_card 2
04/15/2026 10:48:57 - M@sS@cre[2000009]: @item skel_worker_card 2
04/15/2026 10:49:15 - M@sS@cre[2000009]: @item 1220
04/15/2026 10:50:23 - M@sS@cre[2000009]: @monster goblin
04/15/2026 10:50:26 - M@sS@cre[2000009]: @monster goblin
04/15/2026 10:50:29 - M@sS@cre[2000009]: @monster goblin
04/15/2026 10:50:41 - M@sS@cre[2000009]: @monster orc_warrior
04/15/2026 10:50:48 - M@sS@cre[2000009]: @monster orclady
04/15/2026 10:50:54 - M@sS@cre[2000009]: @monster orc_lady
04/15/2026 10:51:40 - M@sS@cre[2000009]: @refine 0 6
04/15/2026 10:53:08 - M@sS@cre[2000009]: @warp gef_fild11
04/15/2026 10:56:01 - M@sS@cre[2000009]: @hide
04/15/2026 10:58:52 - eNJoY[2000012]: @jump
04/15/2026 10:59:19 - eNJoY[2000012]: @monster 1125 1000
04/15/2026 10:59:21 - eNJoY[2000012]: @jump
04/15/2026 10:59:29 - eNJoY[2000012]: @monster 1123 1000
04/15/2026 10:59:31 - eNJoY[2000012]: @jump
04/15/2026 10:59:37 - eNJoY[2000012]: @monster 1538 1000
04/15/2026 10:59:50 - eNJoY[2000012]: @monster 1536 1000
04/15/2026 10:59:52 - eNJoY[2000012]: @jump
04/15/2026 10:59:59 - eNJoY[2000012]: @monster 1534 1000
04/15/2026 11:00:02 - eNJoY[2000012]: @jump
04/15/2026 11:00:11 - eNJoY[2000012]: @monster 1126 1000
04/15/2026 11:00:13 - eNJoY[2000012]: @jump
04/15/2026 11:00:20 - eNJoY[2000012]: @monster 1124 1000
04/15/2026 11:00:44 - eNJoY[2000012]: @monster 1122 1000
04/15/2026 11:01:04 - M@sS@cre[2000009]: @monster 1299 50000
04/15/2026 11:01:07 - M@sS@cre[2000009]: @jump
04/15/2026 11:01:17 - eNJoY[2000012]: @monster 1299 100
04/15/2026 11:01:20 - eNJoY[2000012]: @jump
04/15/2026 11:03:13 - H@ving_Fun[2000010]: @jump
04/15/2026 11:03:35 - H@ving_Fun[2000010]: @item berserk_potion
04/15/2026 11:04:03 - M@sS@cre[2000009]: @item awakening_potion
04/15/2026 11:04:34 - eNJoY[2000012]: @item awakening_potion
04/15/2026 11:42:39 - H@ving_Fun[2000010]: @item magnifier 20
04/15/2026 11:44:39 - H@ving_Fun[2000010]: @jobchange 4001
04/15/2026 11:44:44 - H@ving_Fun[2000010]: @blevel -98
04/15/2026 11:44:50 - H@ving_Fun[2000010]: @skreset
04/15/2026 11:44:56 - H@ving_Fun[2000010]: @skpoint -120
04/15/2026 11:45:03 - H@ving_Fun[2000010]: @str 60
04/15/2026 11:45:29 - H@ving_Fun[2000010]: @item knife
04/15/2026 11:45:37 - H@ving_Fun[2000010]: @monster poporing
04/15/2026 11:45:42 - H@ving_Fun[2000010]: @monster poporing
04/15/2026 11:45:58 - H@ving_Fun[2000010]: @monster goblin
04/15/2026 11:46:01 - H@ving_Fun[2000010]: @monster goblin
04/15/2026 11:46:06 - H@ving_Fun[2000010]: @monster goblin
04/15/2026 11:46:13 - H@ving_Fun[2000010]: @monster goblin
04/15/2026 11:46:16 - H@ving_Fun[2000010]: @monster goblin
04/15/2026 11:46:36 - H@ving_Fun[2000010]: @jobchange 4002
04/15/2026 11:46:37 - H@ving_Fun[2000010]: @jobchange 4002
04/15/2026 11:46:41 - H@ving_Fun[2000010]: @monster goblin
04/15/2026 11:46:43 - H@ving_Fun[2000010]: @monster goblin
04/15/2026 11:46:45 - H@ving_Fun[2000010]: @monster goblin
04/15/2026 11:46:48 - H@ving_Fun[2000010]: @monster goblin
04/15/2026 11:47:13 - H@ving_Fun[2000010]: @monster goblin
04/15/2026 11:47:35 - H@ving_Fun[2000010]: @monster goblin
04/15/2026 11:47:37 - H@ving_Fun[2000010]: @monster goblin
04/15/2026 11:47:40 - H@ving_Fun[2000010]: @monster goblin
04/15/2026 11:47:42 - H@ving_Fun[2000010]: @monster goblin
04/15/2026 11:47:44 - H@ving_Fun[2000010]: @monster goblin
04/15/2026 11:47:46 - H@ving_Fun[2000010]: @monster goblin
04/15/2026 11:47:56 - H@ving_Fun[2000010]: @monster high_orc
04/15/2026 11:48:00 - H@ving_Fun[2000010]: @monster high_orc
04/15/2026 11:48:03 - H@ving_Fun[2000010]: @monster high_orc
04/15/2026 11:48:06 - H@ving_Fun[2000010]: @monster high_orc
04/15/2026 11:48:09 - H@ving_Fun[2000010]: @monster high_orc
04/15/2026 11:48:25 - H@ving_Fun[2000010]: @monster high_orc
04/15/2026 11:48:27 - H@ving_Fun[2000010]: @monster high_orc
04/15/2026 11:50:19 - H@ving_Fun[2000010]: @item side_winder_card 2
04/15/2026 11:50:24 - H@ving_Fun[2000010]: @item skel_worker_card 2
04/15/2026 11:50:27 - H@ving_Fun[2000010]: @item hydra_card 2
04/15/2026 11:51:23 - H@ving_Fun[2000010]: @item 1155
04/15/2026 11:51:46 - H@ving_Fun[2000010]: @item 1155
04/15/2026 11:51:57 - H@ving_Fun[2000010]: @item hydra_card 2
04/15/2026 11:52:27 - H@ving_Fun[2000010]: @refine 0 6
04/15/2026 11:52:32 - H@ving_Fun[2000010]: @refine 0 6
04/15/2026 11:52:53 - H@ving_Fun[2000010]: @monster goblin 2
04/15/2026 11:53:08 - H@ving_Fun[2000010]: @heal
04/15/2026 11:53:11 - H@ving_Fun[2000010]: @heal
04/15/2026 11:53:14 - H@ving_Fun[2000010]: @monster goblin 2
04/15/2026 11:53:23 - H@ving_Fun[2000010]: @monster goblin 2
04/15/2026 11:53:51 - H@ving_Fun[2000010]: @heal
04/15/2026 11:53:53 - H@ving_Fun[2000010]: @monster goblin 2
04/15/2026 11:54:06 - H@ving_Fun[2000010]: @monster goblin 2
04/15/2026 11:56:57 - H@ving_Fun[2000010]: @jump 
04/15/2026 11:57:39 - H@ving_Fun[2000010]: @warp gef_fild11
04/15/2026 11:57:44 - H@ving_Fun[2000010]: @hide
04/15/2026 11:57:53 - H@ving_Fun[2000010]: @item awakening_potion
04/15/2026 11:59:08 - H@ving_Fun[2000010]: @monster goblin 1000
04/15/2026 11:59:21 - H@ving_Fun[2000010]: @monster 1135 10
04/15/2026 11:59:26 - H@ving_Fun[2000010]: @monster 1235 10
04/15/2026 12:02:16 - H@ving_Fun[2000010]: @hide
04/15/2026 12:02:20 - H@ving_Fun[2000010]: @heal
04/15/2026 12:02:24 - H@ving_Fun[2000010]: @speed 5
04/15/2026 12:02:26 - H@ving_Fun[2000010]: @hide
04/15/2026 12:02:32 - H@ving_Fun[2000010]: @warp gef_fild11
04/15/2026 12:02:43 - H@ving_Fun[2000010]: @heal
04/15/2026 12:12:41 - M@sS@cre[2000009]: @warp gef_fild11
04/15/2026 12:12:43 - M@sS@cre[2000009]: @hide
04/15/2026 12:12:49 - M@sS@cre[2000009]: @heal
04/15/2026 12:28:29 - FunFunFun[2000011]: @jump
04/15/2026 13:06:26 - M@sS@cre[2000009]: @jump
04/15/2026 13:07:45 - M@sS@cre[2000009]: @item awakening_potion
04/15/2026 13:07:53 - H@ving_Fun[2000010]: @item awakening_potion
04/15/2026 13:08:16 - FunFunFun[2000011]: @item contentration_potion
04/15/2026 13:08:32 - eNJoY[2000012]: @item awakening_potion
04/15/2026 13:11:10 - FunFunFun[2000011]: @jump
04/15/2026 13:13:24 - H@ving_Fun[2000010]: @skpoint 10
04/15/2026 13:13:42 - H@ving_Fun[2000010]: @skpoint 10
04/15/2026 14:46:08 - M@sS@cre[2000009]: @item magnifier 10
04/15/2026 14:46:27 - M@sS@cre[2000009]: @item magnifier 10
04/15/2026 14:47:04 - M@sS@cre[2000009]: @item magnifier 10
04/15/2026 14:47:19 - M@sS@cre[2000009]: @item magnifier 10
04/15/2026 14:47:32 - M@sS@cre[2000009]: @item magnifier 10
04/15/2026 14:51:03 - M@sS@cre[2000009]: @skpoint -5
04/15/2026 14:51:33 - M@sS@cre[2000009]: @jobchange 4013
04/15/2026 14:52:56 - M@sS@cre[2000009]: @heal
04/15/2026 14:53:05 - M@sS@cre[2000009]: @luk 50
04/15/2026 14:55:00 - M@sS@cre[2000009]: @warp gl_prison1
04/15/2026 14:55:12 - M@sS@cre[2000009]: @jump
04/15/2026 14:55:33 - M@sS@cre[2000009]: @luk -50
04/15/2026 14:56:11 - M@sS@cre[2000009]: @skpoint 15
04/15/2026 14:57:53 - M@sS@cre[2000009]: @skpoint 10
04/15/2026 14:58:59 - M@sS@cre[2000009]: @hide
04/15/2026 14:59:28 - M@sS@cre[2000009]: @hide
04/15/2026 15:01:31 - M@sS@cre[2000009]: @heal
04/15/2026 15:02:14 - M@sS@cre[2000009]: @item awakening_potion
04/15/2026 15:09:30 - eNJoY[2000012]: @jobchange 4018
04/15/2026 15:10:07 - eNJoY[2000012]: @item magnifier 40
04/15/2026 15:10:30 - eNJoY[2000012]: @item magnifier 40
04/15/2026 15:11:09 - eNJoY[2000012]: @item magnifier 20
04/15/2026 15:11:30 - eNJoY[2000012]: @item magnifier 20
04/15/2026 15:11:53 - eNJoY[2000012]: @item magnifier 20
04/15/2026 15:14:30 - eNJoY[2000012]: @storeall
04/15/2026 15:17:57 - H@ving_Fun[2000010]: @item magnifier 50
04/15/2026 15:18:52 - H@ving_Fun[2000010]: @item magnifier 50
04/15/2026 15:18:59 - H@ving_Fun[2000010]: @storeall
04/15/2026 15:19:16 - H@ving_Fun[2000010]: @jobchange 4008
04/15/2026 15:21:55 - H@ving_Fun[2000010]: @monster 1206
04/15/2026 15:22:01 - H@ving_Fun[2000010]: @heal
04/15/2026 15:22:15 - H@ving_Fun[2000010]: @heal
04/15/2026 15:22:51 - H@ving_Fun[2000010]: @item awakening_potion
04/15/2026 15:23:54 - H@ving_Fun[2000010]: @monster 1206
04/15/2026 15:24:00 - H@ving_Fun[2000010]: @heal
04/15/2026 15:24:11 - H@ving_Fun[2000010]: @heal
04/15/2026 15:25:43 - H@ving_Fun[2000010]: @skpoint 15
04/15/2026 15:27:25 - H@ving_Fun[2000010]: @monster 1206
04/15/2026 15:27:49 - H@ving_Fun[2000010]: @heal
04/15/2026 15:27:50 - H@ving_Fun[2000010]: @monster 1206
04/15/2026 15:28:03 - H@ving_Fun[2000010]: @heal
04/15/2026 15:28:51 - H@ving_Fun[2000010]: @warp cmd_fild03
04/15/2026 15:29:04 - H@ving_Fun[2000010]: @hide
04/15/2026 15:33:02 - FunFunFun[2000011]: @item magnifier 80
04/15/2026 15:34:14 - FunFunFun[2000011]: @skpoint 8
04/15/2026 15:34:32 - FunFunFun[2000011]: @skpoint 8
04/15/2026 15:34:45 - FunFunFun[2000011]: @skpoint 8
04/15/2026 15:36:05 - FunFunFun[2000011]: @item iron_wrist
04/15/2026 15:37:06 - H@ving_Fun[2000010]: @warp cmd_fild03
04/15/2026 15:37:12 - H@ving_Fun[2000010]: @hide
04/15/2026 15:38:44 - H@ving_Fun[2000010]: @hide
04/15/2026 15:42:16 - H@ving_Fun[2000010]: @monster anolian 50
04/15/2026 15:43:45 - FunFunFun[2000011]: @storeall
04/15/2026 15:44:38 - FunFunFun[2000011]: @item magnifier 5
04/15/2026 15:45:27 - FunFunFun[2000011]: @str -90
04/15/2026 15:45:33 - FunFunFun[2000011]: @str 20
04/15/2026 15:47:50 - M@sS@cre[2000009]: @warp cmd_fild03
04/15/2026 15:47:56 - M@sS@cre[2000009]: @hide
04/15/2026 15:48:03 - M@sS@cre[2000009]: @monster anolian 1000
04/15/2026 15:48:05 - M@sS@cre[2000009]: @jump
04/15/2026 15:48:34 - M@sS@cre[2000009]: @monster anolian 4
04/15/2026 15:48:38 - M@sS@cre[2000009]: @monster anolian 4
04/15/2026 15:49:00 - M@sS@cre[2000009]: @monster anolian 4
04/15/2026 15:49:03 - M@sS@cre[2000009]: @monster anolian 4
04/15/2026 15:49:10 - M@sS@cre[2000009]: @monster anolian 4
04/15/2026 15:49:20 - M@sS@cre[2000009]: @monster anolian 4
04/15/2026 15:49:24 - M@sS@cre[2000009]: @monster anolian 4
04/15/2026 15:49:25 - M@sS@cre[2000009]: @monster anolian 4
04/15/2026 15:49:57 - M@sS@cre[2000009]: @monster anolian 40
04/15/2026 15:49:58 - M@sS@cre[2000009]: @monster anolian 40
04/15/2026 15:50:05 - M@sS@cre[2000009]: @monster anolian 40
04/15/2026 15:50:41 - M@sS@cre[2000009]: @hide
04/15/2026 15:51:10 - FunFunFun[2000011]: @warp cmd_fild03
04/15/2026 15:51:17 - FunFunFun[2000011]: @hide
04/15/2026 15:52:11 - FunFunFun[2000011]: @produce 1813 0 4 4
04/15/2026 15:52:34 - FunFunFun[2000011]: @produce 1813 4 4
04/15/2026 15:58:57 - FunFunFun[2000011]: @hide
04/15/2026 15:59:04 - FunFunFun[2000011]: @heal
04/15/2026 16:00:37 - FunFunFun[2000011]: @jump
04/15/2026 16:00:58 - eNJoY[2000012]: @hide
04/15/2026 16:01:16 - eNJoY[2000012]: @warp cmd_fild03
04/15/2026 16:01:41 - eNJoY[2000012]: @produce tsurugi 4 4
04/15/2026 16:01:47 - eNJoY[2000012]: @produce tsurugi 3 4
04/15/2026 16:01:54 - eNJoY[2000012]: @produce tsurugi 4 3
04/15/2026 16:02:29 - eNJoY[2000012]: @produce damascus 4 3
04/15/2026 16:03:01 - eNJoY[2000012]: @produce gladius 4 3
04/15/2026 16:04:41 - eNJoY[2000012]: @item berserk_potion 1
04/15/2026 16:07:42 - eNJoY[2000012]: @heal
04/15/2026 16:07:45 - eNJoY[2000012]: @hide
04/15/2026 16:07:50 - eNJoY[2000012]: @warp cmd_fild03
04/15/2026 16:57:33 - eNJoY[2000012]: @hide
04/15/2026 17:04:40 - M@sS@cre[2000009]: @monster anolian 1000
04/15/2026 17:04:42 - M@sS@cre[2000009]: @jump
04/15/2026 17:04:48 - M@sS@cre[2000009]: @monster anolian 1000
04/15/2026 17:04:50 - M@sS@cre[2000009]: @jump
04/15/2026 17:05:20 - eNJoY[2000012]: @monster anolian 10000
04/15/2026 17:09:57 - M@sS@cre[2000009]: @monster 1353
04/15/2026 17:10:10 - M@sS@cre[2000009]: @monster 1353 10000
04/15/2026 17:10:20 - M@sS@cre[2000009]: @jump
04/15/2026 17:11:14 - FunFunFun[2000011]: @monster 1339 1000
04/15/2026 17:11:19 - M@sS@cre[2000009]: @monster 1339 1000
04/15/2026 17:12:28 - H@ving_Fun[2000010]: @monster 1340 1000
04/15/2026 17:16:22 - H@ving_Fun[2000010]: @jump
04/15/2026 17:17:46 - M@sS@cre[2000009]: @jump
04/15/2026 17:19:17 - FunFunFun[2000011]: @jump
04/15/2026 17:27:30 - FunFunFun[2000011]: @jump
04/15/2026 17:30:04 - M@sS@cre[2000009]: @speed 5
04/15/2026 17:30:07 - H@ving_Fun[2000010]: @speed 5
04/15/2026 17:30:10 - FunFunFun[2000011]: @speed 5
04/15/2026 17:35:58 - FunFunFun[2000011]: @jump
04/15/2026 17:36:48 - eNJoY[2000012]: @jump
04/15/2026 17:39:24 - H@ving_Fun[2000010]: @jump
04/15/2026 17:40:38 - M@sS@cre[2000009]: @jump
04/15/2026 17:41:29 - H@ving_Fun[2000010]: @monster anolian 50
04/15/2026 17:41:35 - M@sS@cre[2000009]: @monster anolian 50
04/15/2026 17:41:42 - eNJoY[2000012]: @monster anolian 50
04/15/2026 17:41:46 - FunFunFun[2000011]: @monster anolian 50
04/15/2026 18:02:32 - eNJoY[2000012]: @jump
04/15/2026 18:03:46 - M@sS@cre[2000009]: @jump
04/15/2026 18:04:54 - M@sS@cre[2000009]: @luk 20
04/15/2026 18:05:01 - M@sS@cre[2000009]: @luk 20
04/15/2026 18:06:10 - M@sS@cre[2000009]: @monster anolian 1000
04/15/2026 18:06:17 - eNJoY[2000012]: @monster anolian 1000
04/15/2026 18:06:23 - FunFunFun[2000011]: @monster anolian 1000
04/15/2026 18:06:29 - H@ving_Fun[2000010]: @monster anolian 1000
04/15/2026 19:31:03 - eNJoY[2000012]: @skpoint 10
04/15/2026 19:31:19 - eNJoY[2000012]: @skpoint 5
04/15/2026 19:32:48 - eNJoY[2000012]: @item white_potion 30
04/15/2026 19:32:57 - eNJoY[2000012]: @item berserk_potion 10
04/15/2026 19:33:22 - eNJoY[2000012]: @item white_potion 30
04/15/2026 19:34:29 - eNJoY[2000012]: @speed 5
04/15/2026 19:34:31 - eNJoY[2000012]: @heal
04/15/2026 19:36:39 - eNJoY[2000012]: @speed 30
04/15/2026 19:36:44 - eNJoY[2000012]: @speed 40
04/15/2026 19:36:46 - eNJoY[2000012]: @heal
04/15/2026 19:38:09 - eNJoY[2000012]: @heal
04/15/2026 19:38:21 - eNJoY[2000012]: @monster anolian 5
04/15/2026 19:39:28 - eNJoY[2000012]: @heal
04/15/2026 19:39:38 - eNJoY[2000012]: @monster anolian 6
04/15/2026 19:40:08 - eNJoY[2000012]: @alive
04/15/2026 19:41:56 - eNJoY[2000012]: @heal
04/15/2026 19:42:30 - eNJoY[2000012]: @alive
04/15/2026 19:42:33 - eNJoY[2000012]: @hide
04/15/2026 19:43:04 - eNJoY[2000012]: @monster anolian 10
04/15/2026 19:43:11 - eNJoY[2000012]: @monster anolian 10
04/15/2026 19:43:18 - eNJoY[2000012]: @monster anolian 4
04/15/2026 19:43:25 - eNJoY[2000012]: @hide
04/15/2026 19:45:29 - eNJoY[2000012]: @heal
04/15/2026 19:46:15 - eNJoY[2000012]: @heal
04/15/2026 19:46:21 - eNJoY[2000012]: @item blue_potion 50
04/15/2026 19:46:26 - eNJoY[2000012]: @item white_potion 50
04/15/2026 19:47:18 - eNJoY[2000012]: @monster anolian 10
04/15/2026 19:47:20 - eNJoY[2000012]: @monster anolian 10
04/15/2026 19:47:56 - eNJoY[2000012]: @hide
04/15/2026 19:47:58 - eNJoY[2000012]: @hide
04/15/2026 19:49:11 - eNJoY[2000012]: @jump
04/15/2026 19:50:26 - eNJoY[2000012]: @alive
04/15/2026 19:53:10 - eNJoY[2000012]: @heal
04/15/2026 19:53:14 - eNJoY[2000012]: @hide
04/15/2026 20:21:26 - eNJoY[2000012]: @hide
04/15/2026 20:25:32 - eNJoY[2000012]: @warp morocc
04/15/2026 20:25:37 - eNJoY[2000012]: @heal
04/15/2026 20:26:05 - eNJoY[2000012]: @warp gef_fild14
04/15/2026 20:26:35 - eNJoY[2000012]: @hide
04/15/2026 20:28:02 - eNJoY[2000012]: @hide
04/15/2026 20:30:48 - eNJoY[2000012]: @heal
04/16/2026 00:40:05 - M@sterMind[2000012]: @monster hydra
04/16/2026 00:40:08 - M@sterMind[2000012]: @monster hydra
04/16/2026 01:18:15 - eNJoY[2000012]: @monster radric
04/16/2026 01:18:19 - eNJoY[2000012]: @monster raydric
04/16/2026 01:18:23 - eNJoY[2000012]: @monster raydric
04/16/2026 01:18:43 - eNJoY[2000012]: @monster hydra
04/16/2026 01:19:17 - eNJoY[2000012]: @monster hydra
04/16/2026 01:19:25 - eNJoY[2000012]: @monster hydra
04/17/2026 00:06:06 - eNJoY[2000012]: @monster orc_lady
04/17/2026 00:06:46 - eNJoY[2000012]: @monster poporing
04/17/2026 00:08:57 - eNJoY[2000012]: @monster poporing
04/17/2026 00:09:00 - eNJoY[2000012]: @monster poporing
04/17/2026 00:09:06 - eNJoY[2000012]: @monster poporing
04/17/2026 00:15:14 - eNJoY[2000012]: @monster poporing
04/17/2026 13:11:55 - eNJoY[2000012]: @monster poporing
04/17/2026 15:53:58 - eNJoY[2000012]: @monster poporing 2
04/17/2026 16:31:14 - eNJoY[2000012]: @monster poporing 2
04/17/2026 16:31:29 - eNJoY[2000012]: @monster poporing 2
04/17/2026 16:31:39 - eNJoY[2000012]: @monster orc_lady
04/17/2026 16:35:52 - eNJoY[2000012]: @monster orc_lady
04/17/2026 16:36:00 - eNJoY[2000012]: @monster orc_lady
04/17/2026 16:38:00 - eNJoY[2000012]: @monster anolian
04/17/2026 16:38:17 - eNJoY[2000012]: @monster anolian
04/17/2026 16:40:54 - eNJoY[2000012]: @monster anolian
04/17/2026 16:47:55 - eNJoY[2000012]: @monster anolian
04/17/2026 18:14:43 - eNJoY[2000012]: @monster anolian
04/17/2026 18:15:13 - eNJoY[2000012]: @monster anolian
04/17/2026 18:18:36 - eNJoY[2000012]: @monster anolian
04/17/2026 18:56:34 - eNJoY[2000012]: @monster anolian
04/17/2026 18:57:04 - eNJoY[2000012]: @monster anolian
04/17/2026 18:57:32 - eNJoY[2000012]: @monster anolian
04/17/2026 19:33:41 - eNJoY[2000012]: @warp cmd_fild11
04/17/2026 19:33:48 - eNJoY[2000012]: @warp cmd_fild03
04/17/2026 19:35:49 - eNJoY[2000012]: @alive
04/17/2026 19:36:59 - eNJoY[2000012]: @item magnifier 2
04/17/2026 19:37:22 - eNJoY[2000012]: @alive
04/17/2026 19:37:26 - eNJoY[2000012]: @item magnifier 2
04/17/2026 19:37:41 - eNJoY[2000012]: @item magnifier 2
04/17/2026 19:38:04 - eNJoY[2000012]: @heal
04/17/2026 19:38:22 - eNJoY[2000012]: @monster anolian 6
04/17/2026 19:38:26 - eNJoY[2000012]: @heal
04/17/2026 19:38:32 - eNJoY[2000012]: @alive
04/17/2026 19:40:12 - eNJoY[2000012]: @jump
04/17/2026 19:40:16 - eNJoY[2000012]: @jump
04/17/2026 19:40:33 - eNJoY[2000012]: @monster anolian 5
04/17/2026 19:40:50 - eNJoY[2000012]: @heal
04/17/2026 19:40:55 - eNJoY[2000012]: @monster anolian 5
04/17/2026 19:41:22 - eNJoY[2000012]: @heal
05/02/2026 18:02:49 - eNJoY[2000012]: @warp morocc
05/02/2026 18:05:19 - eNJoY[2000012]: @warp cmd_fild01
05/02/2026 18:06:34 - eNJoY[2000012]: @warp cmd_fild03
05/02/2026 18:07:57 - eNJoY[2000012]: @heal
05/03/2026 10:11:43 - eNJoY[2000012]: @heal
05/03/2026 10:11:49 - eNJoY[2000012]: @item white_potion 50
05/03/2026 10:11:54 - eNJoY[2000012]: @item blue_potion 50
05/03/2026 10:13:15 - eNJoY[2000012]: @ALIVE
05/03/2026 10:17:34 - S@crifice[2000010]: @vit 50
05/03/2026 10:17:36 - S@crifice[2000010]: @agi 80
05/03/2026 10:17:39 - S@crifice[2000010]: @dex 30
05/03/2026 10:17:41 - S@crifice[2000010]: @int 40
05/03/2026 10:17:56 - S@crifice[2000010]: @monster poporing
05/03/2026 10:18:00 - S@crifice[2000010]: @monster poporing
05/03/2026 10:18:20 - S@crifice[2000010]: @jobchange 1
05/03/2026 10:18:40 - S@crifice[2000010]: @monster poporing
05/03/2026 10:18:51 - S@crifice[2000010]: @agi -15
05/03/2026 10:19:03 - S@crifice[2000010]: @monster poporing
05/03/2026 10:20:03 - S@crifice[2000010]: @warp gef_fild08
05/03/2026 10:20:20 - S@crifice[2000010]: @alive
05/03/2026 10:20:45 - S@crifice[2000010]: @item fly_wing 50
05/03/2026 10:20:52 - S@crifice[2000010]: @item wing 50
05/03/2026 10:21:59 - S@crifice[2000010]: @item 601 50
05/03/2026 10:22:05 - S@crifice[2000010]: @item white_potion 100
05/03/2026 10:29:31 - S@crifice[2000010]: @heal
05/03/2026 10:29:36 - S@crifice[2000010]: @heal
05/03/2026 10:29:41 - S@crifice[2000010]: @heal
05/03/2026 10:31:00 - S@crifice[2000010]: @skpoint 10
05/03/2026 10:33:07 - S@crifice[2000010]: @skpoint 5
05/03/2026 10:33:39 - S@crifice[2000010]: @jobchange 14
05/03/2026 10:34:03 - S@crifice[2000010]: @heal
05/03/2026 10:34:09 - S@crifice[2000010]: @warp gef_fild14
05/03/2026 10:35:59 - S@crifice[2000010]: @skpoint 15
05/03/2026 10:36:14 - S@crifice[2000010]: @skpoint 15
05/03/2026 10:39:45 - S@crifice[2000010]: @alive
05/03/2026 10:44:29 - S@crifice[2000010]: @heal
05/03/2026 10:45:43 - S@crifice[2000010]: @heal
05/03/2026 10:48:27 - S@crifice[2000010]: @warp morocc
05/03/2026 10:49:49 - S@crifice[2000010]: @skpoint 20
05/03/2026 10:55:36 - S@crifice[2000010]: @skpoint 15
05/03/2026 10:56:17 - S@crifice[2000010]: @skpoint 10
05/03/2026 10:58:45 - S@crifice[2000010]: @warp gl_prison
05/03/2026 11:01:10 - S@crifice[2000010]: @alive
05/03/2026 11:03:54 - S@crifice[2000010]: @agi -30
05/03/2026 11:04:55 - S@crifice[2000010]: @heal
05/03/2026 11:06:32 - S@crifice[2000010]: @stpoint 50
05/03/2026 11:06:41 - S@crifice[2000010]: @stpoint 50
05/03/2026 11:06:53 - S@crifice[2000010]: @agi -20
05/03/2026 11:07:02 - S@crifice[2000010]: @dex 20
05/03/2026 11:07:24 - S@crifice[2000010]: @dex -10
05/03/2026 11:07:54 - S@crifice[2000010]: @item blue_potion 20
05/03/2026 11:08:10 - S@crifice[2000010]: @heal
05/03/2026 12:02:40 - S@crifice[2000010]: @warp gl_cas02
05/03/2026 12:03:18 - S@crifice[2000010]: @alive
05/03/2026 12:03:45 - S@crifice[2000010]: @alive
05/03/2026 12:04:32 - S@crifice[2000010]: @item white_potion 100
05/03/2026 12:04:37 - S@crifice[2000010]: @item blue_potion 50
05/03/2026 12:06:12 - S@crifice[2000010]: @heal
05/03/2026 12:08:25 - S@crifice[2000010]: @heal
05/03/2026 12:08:59 - S@crifice[2000010]: @heal
05/03/2026 12:09:05 - S@crifice[2000010]: @item white_potion 100
05/03/2026 12:09:08 - S@crifice[2000010]: @alive
05/03/2026 12:12:11 - S@crifice[2000010]: @heal
05/03/2026 19:39:07 - S@crifice[2000010]: @warp gl_cas02
05/03/2026 19:39:34 - S@crifice[2000010]: @alive
05/03/2026 19:41:57 - S@crifice[2000010]: @jump
05/03/2026 19:43:17 - S@crifice[2000010]: @heal
05/03/2026 19:43:21 - S@crifice[2000010]: @alive
05/03/2026 19:43:28 - S@crifice[2000010]: @item white_potion 150
05/03/2026 19:48:18 - S@crifice[2000010]: @alive
05/03/2026 19:48:29 - S@crifice[2000010]: @alive
05/03/2026 19:48:57 - S@crifice[2000010]: @alive
05/03/2026 19:49:38 - S@crifice[2000010]: @heal
05/03/2026 19:49:48 - S@crifice[2000010]: @item white_potion 120
05/03/2026 19:51:18 - S@crifice[2000010]: @warp moc_ruins
05/03/2026 19:53:49 - S@crifice[2000010]: @item elunium 8
05/03/2026 20:02:21 - U CaNNoT StoP ME[2000007]: @jobchange 4002
05/03/2026 20:02:33 - U CaNNoT StoP ME[2000007]: @jobchange 4001
05/03/2026 20:02:49 - U CaNNoT StoP ME[2000007]: @baselvlup -98
05/03/2026 20:05:45 - U CaNNoT StoP ME[2000007]: @item knife
05/03/2026 20:05:56 - U CaNNoT StoP ME[2000007]: @monster poporing
05/03/2026 20:06:02 - U CaNNoT StoP ME[2000007]: @monster poporing
05/03/2026 20:06:28 - U CaNNoT StoP ME[2000007]: @stpoint 200
05/03/2026 20:09:37 - U CaNNoT StoP ME[2000007]: @skreset
05/03/2026 20:09:53 - U CaNNoT StoP ME[2000007]: @skpoint -201
05/03/2026 20:10:03 - U CaNNoT StoP ME[2000007]: @jobchange 4007
05/03/2026 20:10:05 - U CaNNoT StoP ME[2000007]: @jobchange 4006
05/03/2026 20:10:07 - U CaNNoT StoP ME[2000007]: @jobchange 4005
05/03/2026 20:10:08 - U CaNNoT StoP ME[2000007]: @jobchange 4004
05/03/2026 20:10:10 - U CaNNoT StoP ME[2000007]: @jobchange 4003
05/03/2026 20:10:12 - U CaNNoT StoP ME[2000007]: @jobchange 4002
05/03/2026 20:10:18 - U CaNNoT StoP ME[2000007]: @skpoint 30
05/03/2026 20:11:03 - U CaNNoT StoP ME[2000007]: @monster poisonous_spore
05/03/2026 20:11:09 - U CaNNoT StoP ME[2000007]: @monster poisonous
05/03/2026 20:11:20 - U CaNNoT StoP ME[2000007]: @monster kobold
05/03/2026 20:11:25 - U CaNNoT StoP ME[2000007]: @monster kobold
05/03/2026 20:11:28 - U CaNNoT StoP ME[2000007]: @monster kobold
05/03/2026 20:11:59 - U CaNNoT StoP ME[2000007]: @monster kobold
05/03/2026 20:12:17 - U CaNNoT StoP ME[2000007]: @monster kobold
05/03/2026 20:12:19 - U CaNNoT StoP ME[2000007]: @monster kobold
05/03/2026 20:12:21 - U CaNNoT StoP ME[2000007]: @monster kobold
05/03/2026 20:12:28 - U CaNNoT StoP ME[2000007]: @monster high_orc
05/03/2026 20:12:31 - U CaNNoT StoP ME[2000007]: @monster high_orc
05/03/2026 20:12:34 - U CaNNoT StoP ME[2000007]: @monster high_orc
05/03/2026 20:12:37 - U CaNNoT StoP ME[2000007]: @monster high_orc
05/03/2026 20:12:40 - U CaNNoT StoP ME[2000007]: @monster high_orc
05/03/2026 20:12:42 - U CaNNoT StoP ME[2000007]: @monster high_orc
05/03/2026 20:12:44 - U CaNNoT StoP ME[2000007]: @monster high_orc
05/03/2026 20:12:48 - U CaNNoT StoP ME[2000007]: @monster high_orc
05/03/2026 20:12:50 - U CaNNoT StoP ME[2000007]: @monster high_orc
05/03/2026 20:12:54 - U CaNNoT StoP ME[2000007]: @monster high_orc
05/03/2026 20:12:57 - U CaNNoT StoP ME[2000007]: @monster high_orc
05/03/2026 20:12:59 - U CaNNoT StoP ME[2000007]: @monster high_orc
05/03/2026 20:13:02 - U CaNNoT StoP ME[2000007]: @monster high_orc
05/03/2026 20:13:05 - U CaNNoT StoP ME[2000007]: @monster high_orc
05/03/2026 20:13:09 - U CaNNoT StoP ME[2000007]: @monster high_orc
05/03/2026 20:13:12 - U CaNNoT StoP ME[2000007]: @monster high_orc
05/03/2026 20:13:15 - U CaNNoT StoP ME[2000007]: @monster high_orc
05/03/2026 20:13:19 - U CaNNoT StoP ME[2000007]: @monster high_orc
05/03/2026 20:13:22 - U CaNNoT StoP ME[2000007]: @monster high_orc
05/03/2026 20:13:25 - U CaNNoT StoP ME[2000007]: @monster high_orc
05/03/2026 20:13:29 - U CaNNoT StoP ME[2000007]: @monster high_orc
05/03/2026 20:13:31 - U CaNNoT StoP ME[2000007]: @monster high_orc
05/03/2026 20:13:37 - U CaNNoT StoP ME[2000007]: @monster high_orc
05/03/2026 20:13:58 - U CaNNoT StoP ME[2000007]: @monster high_orc
05/03/2026 20:13:59 - U CaNNoT StoP ME[2000007]: @monster high_orc
05/03/2026 20:14:03 - U CaNNoT StoP ME[2000007]: @monster high_orc
05/03/2026 20:14:35 - U CaNNoT StoP ME[2000007]: @jobchange 4015
05/03/2026 20:14:51 - U CaNNoT StoP ME[2000007]: @jobchange 4015
05/03/2026 20:14:59 - U CaNNoT StoP ME[2000007]: @monster high_orc
05/03/2026 20:15:00 - U CaNNoT StoP ME[2000007]: @monster high_orc
05/03/2026 20:15:03 - U CaNNoT StoP ME[2000007]: @monster high_orc
05/03/2026 20:15:06 - U CaNNoT StoP ME[2000007]: @monster high_orc
05/03/2026 20:15:09 - U CaNNoT StoP ME[2000007]: @monster high_orc
05/03/2026 20:15:12 - U CaNNoT StoP ME[2000007]: @monster high_orc
05/03/2026 20:15:15 - U CaNNoT StoP ME[2000007]: @monster high_orc
05/03/2026 20:15:17 - U CaNNoT StoP ME[2000007]: @monster high_orc
05/03/2026 20:15:25 - U CaNNoT StoP ME[2000007]: @skpoint 30
05/03/2026 20:16:44 - U CaNNoT StoP ME[2000007]: @skpoint 30
05/03/2026 20:18:19 - U CaNNoT StoP ME[2000007]: @monster high_orc
05/03/2026 20:18:21 - U CaNNoT StoP ME[2000007]: @monster high_orc
05/03/2026 20:18:28 - U CaNNoT StoP ME[2000007]: @skpoint 20
05/03/2026 20:21:10 - U CaNNoT StoP ME[2000007]: @monster mummy
05/03/2026 20:25:31 - U CaNNoT StoP ME[2000007]: @skpoint 5
05/03/2026 20:26:07 - U CaNNoT StoP ME[2000007]: @monster mummy
05/03/2026 20:26:11 - U CaNNoT StoP ME[2000007]: @heal
05/03/2026 20:26:18 - U CaNNoT StoP ME[2000007]: @heal
05/03/2026 20:26:35 - U CaNNoT StoP ME[2000007]: @skpoint 10
05/03/2026 20:26:57 - U CaNNoT StoP ME[2000007]: @item blue_potion 100
05/03/2026 20:28:19 - U CaNNoT StoP ME[2000007]: @item pierce
05/03/2026 20:28:44 - U CaNNoT StoP ME[2000007]: @item 1412
05/03/2026 20:28:54 - U CaNNoT StoP ME[2000007]: @monster high_orc
05/03/2026 20:42:49 - U CaNNoT StoP ME[2000007]: @monster mummy
05/03/2026 20:42:57 - U CaNNoT StoP ME[2000007]: @monster mummy
05/03/2026 20:43:05 - U CaNNoT StoP ME[2000007]: @monster isis
05/03/2026 20:43:08 - U CaNNoT StoP ME[2000007]: @monster isis
05/03/2026 20:43:12 - U CaNNoT StoP ME[2000007]: @monster isis
05/03/2026 20:43:15 - U CaNNoT StoP ME[2000007]: @monster isis
05/03/2026 20:43:17 - U CaNNoT StoP ME[2000007]: @monster isis
05/03/2026 20:43:19 - U CaNNoT StoP ME[2000007]: @monster isis
05/03/2026 20:43:25 - U CaNNoT StoP ME[2000007]: @monster high_orc
05/03/2026 20:43:30 - U CaNNoT StoP ME[2000007]: @monster high_orc
05/03/2026 20:43:33 - U CaNNoT StoP ME[2000007]: @monster high_orc
05/03/2026 20:43:36 - U CaNNoT StoP ME[2000007]: @monster high_orc
05/03/2026 20:43:40 - U CaNNoT StoP ME[2000007]: @monster high_orc
05/04/2026 00:06:03 - U CaNNoT StoP ME[2000007]: @heal
05/04/2026 00:06:09 - U CaNNoT StoP ME[2000007]: @item white_potion 100
05/04/2026 00:06:30 - U CaNNoT StoP ME[2000007]: @item white_potion 100
05/04/2026 00:06:34 - U CaNNoT StoP ME[2000007]: @item white_potion 20
05/04/2026 00:06:49 - U CaNNoT StoP ME[2000007]: @warp gl_cas02
05/04/2026 00:07:20 - U CaNNoT StoP ME[2000007]: @heal
05/04/2026 00:07:30 - U CaNNoT StoP ME[2000007]: @jump
05/04/2026 00:07:33 - U CaNNoT StoP ME[2000007]: @heal
05/04/2026 00:08:19 - U CaNNoT StoP ME[2000007]: @jump
05/04/2026 00:08:36 - U CaNNoT StoP ME[2000007]: @alive
05/04/2026 00:09:04 - U CaNNoT StoP ME[2000007]: @hide
05/04/2026 00:09:32 - U CaNNoT StoP ME[2000007]: @produce 1412 3 3
05/04/2026 00:09:43 - U CaNNoT StoP ME[2000007]: @hide
05/04/2026 00:10:16 - U CaNNoT StoP ME[2000007]: @heal
05/04/2026 00:10:50 - U CaNNoT StoP ME[2000007]: @heal
05/04/2026 00:10:58 - U CaNNoT StoP ME[2000007]: @heal
05/04/2026 00:11:04 - U CaNNoT StoP ME[2000007]: @heal
05/04/2026 00:11:12 - U CaNNoT StoP ME[2000007]: @heal
05/04/2026 00:11:13 - U CaNNoT StoP ME[2000007]: @heal
05/04/2026 00:11:15 - U CaNNoT StoP ME[2000007]: @heal
05/04/2026 00:11:38 - U CaNNoT StoP ME[2000007]: @heal
05/04/2026 00:11:59 - U CaNNoT StoP ME[2000007]: @item white_potion 100
05/04/2026 00:13:12 - U CaNNoT StoP ME[2000007]: @warp gl_cas01
05/04/2026 00:14:58 - U CaNNoT StoP ME[2000007]: @item white_potion 100
05/04/2026 00:16:27 - U CaNNoT StoP ME[2000007]: @jump
05/04/2026 00:16:28 - U CaNNoT StoP ME[2000007]: @jump
05/04/2026 00:17:33 - U CaNNoT StoP ME[2000007]: @heal
05/04/2026 00:23:01 - U CaNNoT StoP ME[2000007]: @hide
05/04/2026 00:23:30 - U CaNNoT StoP ME[2000007]: @warp gl_prison
05/04/2026 00:23:38 - U CaNNoT StoP ME[2000007]: @jump
05/04/2026 00:23:41 - U CaNNoT StoP ME[2000007]: @hide
05/04/2026 00:24:52 - U CaNNoT StoP ME[2000007]: @item white_potion 150
05/04/2026 17:29:48 - U CaNNoT StoP ME[2000007]: @item 1408
05/04/2026 17:31:59 - U CaNNoT StoP ME[2000007]: @hide
05/04/2026 17:33:29 - U CaNNoT StoP ME[2000007]: @heal
05/04/2026 17:33:31 - U CaNNoT StoP ME[2000007]: @hide
05/04/2026 17:34:14 - U CaNNoT StoP ME[2000007]: @heal
05/04/2026 17:34:50 - U CaNNoT StoP ME[2000007]: @heal
05/04/2026 17:35:01 - U CaNNoT StoP ME[2000007]: @produce 1408 3 3
05/04/2026 17:36:39 - U CaNNoT StoP ME[2000007]: @heal
05/04/2026 17:37:25 - U CaNNoT StoP ME[2000007]: @heal
05/04/2026 17:38:08 - U CaNNoT StoP ME[2000007]: @heal
05/04/2026 17:38:47 - U CaNNoT StoP ME[2000007]: @heal
05/04/2026 17:39:23 - U CaNNoT StoP ME[2000007]: @heal
05/04/2026 17:40:36 - U CaNNoT StoP ME[2000007]: @heal
05/04/2026 17:41:13 - U CaNNoT StoP ME[2000007]: @heal
05/04/2026 17:42:21 - U CaNNoT StoP ME[2000007]: @heal
05/04/2026 17:44:23 - U CaNNoT StoP ME[2000007]: @heal
05/04/2026 17:45:12 - U CaNNoT StoP ME[2000007]: @heal
05/04/2026 17:45:34 - U CaNNoT StoP ME[2000007]: @heal
05/04/2026 17:46:22 - U CaNNoT StoP ME[2000007]: @heal
05/07/2026 22:24:39 - U CaNNoT StoP ME[2000007]: @item blue_potion 50
05/07/2026 22:27:25 - U CaNNoT StoP ME[2000007]: @int 100
05/07/2026 22:27:28 - U CaNNoT StoP ME[2000007]: @heal
05/07/2026 22:27:41 - U CaNNoT StoP ME[2000007]: @int -80
05/07/2026 22:27:52 - U CaNNoT StoP ME[2000007]: @vit 20
05/07/2026 22:37:03 - eNJoY[2000012]: @heal
05/07/2026 22:37:17 - eNJoY[2000012]: @warp gl_prison2
05/07/2026 22:37:21 - eNJoY[2000012]: @warp gl_prison1
05/07/2026 22:37:30 - eNJoY[2000012]: @warp gl_prison
05/07/2026 22:41:49 - eNJoY[2000012]: @item blue_potion 50
05/07/2026 22:41:55 - eNJoY[2000012]: @item white_potion 30
05/07/2026 22:45:53 - eNJoY[2000012]: @alive
05/07/2026 22:50:43 - eNJoY[2000012]: @warp gl_prison
05/07/2026 22:50:50 - eNJoY[2000012]: @hide
05/07/2026 22:51:46 - eNJoY[2000012]: @hide
05/07/2026 22:57:30 - eNJoY[2000012]: @hide
05/07/2026 22:57:38 - eNJoY[2000012]: @hide
05/07/2026 23:04:04 - U CaNNoT StoP ME[2000007]: @hide
05/07/2026 23:04:19 - U CaNNoT StoP ME[2000007]: @hide
05/07/2026 23:05:36 - U CaNNoT StoP ME[2000007]: @heal
05/07/2026 23:05:46 - U CaNNoT StoP ME[2000007]: @hide
05/07/2026 23:06:19 - U CaNNoT StoP ME[2000007]: @item white_)potion 50
05/07/2026 23:06:25 - U CaNNoT StoP ME[2000007]: @item white_potion 50
05/07/2026 23:06:31 - U CaNNoT StoP ME[2000007]: @item blue_potion 50
05/07/2026 23:06:33 - U CaNNoT StoP ME[2000007]: @hide
05/07/2026 23:07:41 - U CaNNoT StoP ME[2000007]: @item white_potion 150
05/07/2026 23:07:48 - U CaNNoT StoP ME[2000007]: @item blue_potion 150
05/07/2026 23:07:55 - U CaNNoT StoP ME[2000007]: @alive
05/08/2026 21:54:36 - U CaNNoT StoP ME[2000007]: @reloadscript
05/08/2026 21:54:48 - U CaNNoT StoP ME[2000007]: @warp prontera 156 180
05/08/2026 21:55:58 - U CaNNoT StoP ME[2000007]: @warp prontera 160 180
05/08/2026 21:57:36 - U CaNNoT StoP ME[2000007]: @reloadscript
05/08/2026 22:01:43 - U CaNNoT StoP ME[2000007]: @reloadscript
05/08/2026 22:04:42 - U CaNNoT StoP ME[2000007]: @loadnpc npc/custom/thai_rebirth_valkyrie.txt
05/08/2026 22:05:20 - U CaNNoT StoP ME[2000007]: @loadnpc npc/custom/thai_highclass_jobchanger.txt
05/08/2026 22:24:04 - U CaNNoT StoP ME[2000007]: @reloadscript
05/08/2026 22:27:02 - U CaNNoT StoP ME[2000007]: @reloadscript
05/08/2026 22:28:20 - U CaNNoT StoP ME[2000007]: @reloadscript
05/08/2026 22:31:33 - U CaNNoT StoP ME[2000007]: @reloadscript
05/08/2026 22:34:58 - U CaNNoT StoP ME[2000007]: @reloadscript
05/08/2026 22:36:50 - U CaNNoT StoP ME[2000007]: @reloadscript
05/08/2026 22:38:39 - U CaNNoT StoP ME[2000007]: @reloadscript
05/08/2026 22:44:21 - U CaNNoT StoP ME[2000007]: @reloadscript
05/08/2026 22:44:38 - U CaNNoT StoP ME[2000007]: @reloadscript
05/08/2026 22:45:46 - U CaNNoT StoP ME[2000007]: @reloadscript
05/10/2026 17:41:52 - U CaNNoT StoP ME[2000007]: @reloadscript
05/10/2026 17:44:02 - U CaNNoT StoP ME[2000007]: @spiritball 5
05/10/2026 17:52:51 - U CaNNoT StoP ME[2000007]: @reloadscript
05/10/2026 17:53:35 - U CaNNoT StoP ME[2000007]: @spiritball 5
05/10/2026 17:56:25 - U CaNNoT StoP ME[2000007]: @reloadscript
05/10/2026 19:24:45 - U CaNNoT StoP ME[2000007]: @reloadscript
05/10/2026 19:25:35 - U CaNNoT StoP ME[2000007]: @reloadscript
05/10/2026 19:25:41 - U CaNNoT StoP ME[2000007]: @reloadscript
05/10/2026 19:37:25 - U CaNNoT StoP ME[2000007]: @reloadscript
05/10/2026 19:38:05 - U CaNNoT StoP ME[2000007]: @reloaditemdb
05/10/2026 19:39:12 - U CaNNoT StoP ME[2000007]: @warp morocc 158 96
05/10/2026 19:41:50 - U CaNNoT StoP ME[2000007]: @warp morocc 158 96
05/10/2026 19:41:57 - U CaNNoT StoP ME[2000007]: @reloadscript
05/10/2026 19:55:28 - U CaNNoT StoP ME[2000007]: @reloadscript
05/10/2026 19:55:37 - U CaNNoT StoP ME[2000007]: @spiritball 5
05/10/2026 20:47:32 - U CaNNoT StoP ME[2000007]: @spiritball 5
05/10/2026 20:47:44 - U CaNNoT StoP ME[2000007]: @warp gl_prison
05/10/2026 20:47:51 - U CaNNoT StoP ME[2000007]: @jump
05/10/2026 20:56:19 - U CaNNoT StoP ME[2000007]: @reloadscript
05/10/2026 20:56:31 - U CaNNoT StoP ME[2000007]: @speed 5
05/10/2026 20:57:06 - U CaNNoT StoP ME[2000007]: @warp gl_prison
05/10/2026 20:57:14 - U CaNNoT StoP ME[2000007]: @jump
05/10/2026 20:58:40 - U CaNNoT StoP ME[2000007]: @heal
05/10/2026 20:59:12 - U CaNNoT StoP ME[2000007]: @monster edga
05/10/2026 20:59:15 - U CaNNoT StoP ME[2000007]: @monster eddga
05/10/2026 20:59:21 - U CaNNoT StoP ME[2000007]: @heal
05/10/2026 20:59:29 - U CaNNoT StoP ME[2000007]: @heal
05/10/2026 20:59:32 - U CaNNoT StoP ME[2000007]: @monster eddga
05/12/2026 23:53:13 - U CaNNoT StoP ME[2000007]: @reloadscript
05/12/2026 23:57:01 - U CaNNoT StoP ME[2000007]: @reloadscript
05/12/2026 23:57:21 - U CaNNoT StoP ME[2000007]: @warp gl_prison
05/12/2026 23:58:03 - U CaNNoT StoP ME[2000007]: @heal
05/12/2026 23:58:49 - U CaNNoT StoP ME[2000007]: @heal
05/13/2026 00:01:22 - U CaNNoT StoP ME[2000007]: @heal
05/13/2026 00:01:58 - U CaNNoT StoP ME[2000007]: @heal
05/30/2026 10:42:22 - FunFunFun[2000011]: @heal
05/30/2026 10:57:45 - S@crifice[2000010]: @warp gl_prison
05/30/2026 11:01:06 - S@crifice[2000010]: @skpoint 5
05/30/2026 11:05:08 - S@crifice[2000010]: @warp prontera
05/30/2026 11:09:01 - H@ving_Fun[2000010]: @heal
05/30/2026 11:09:10 - H@ving_Fun[2000010]: @item berserk_potion 5
05/30/2026 11:11:44 - H@ving_Fun[2000010]: @skpoint 20
05/30/2026 11:13:14 - H@ving_Fun[2000010]: @heal
05/30/2026 11:14:51 - H@ving_Fun[2000010]: @warp prontera
05/30/2026 11:14:56 - H@ving_Fun[2000010]: @jump
05/30/2026 11:14:57 - H@ving_Fun[2000010]: @jump
05/30/2026 11:14:58 - H@ving_Fun[2000010]: @jump
05/30/2026 11:14:59 - H@ving_Fun[2000010]: @jump
05/30/2026 11:15:00 - H@ving_Fun[2000010]: @jump
05/30/2026 11:15:01 - H@ving_Fun[2000010]: @jump
05/30/2026 11:15:32 - H@ving_Fun[2000010]: @warp cmd_fild08
05/30/2026 11:17:26 - H@ving_Fun[2000010]: @jump
05/30/2026 11:17:28 - H@ving_Fun[2000010]: @heal
05/30/2026 11:18:01 - H@ving_Fun[2000010]: @produce muramasa 3 3
05/30/2026 11:18:04 - H@ving_Fun[2000010]: @produce muramasa 3 4
05/30/2026 11:18:11 - H@ving_Fun[2000010]: @produce muramasa 1 3
05/30/2026 11:20:22 - H@ving_Fun[2000010]: @jump
05/30/2026 11:20:24 - H@ving_Fun[2000010]: @jump
05/30/2026 11:21:21 - H@ving_Fun[2000010]: @jump
05/30/2026 11:21:22 - H@ving_Fun[2000010]: @jump
05/30/2026 11:21:24 - H@ving_Fun[2000010]: @jump
05/30/2026 11:21:25 - H@ving_Fun[2000010]: @jump
05/30/2026 11:21:26 - H@ving_Fun[2000010]: @jump
05/30/2026 23:42:59 - H@ving_Fun[2000010]: @warp prontera
05/30/2026 23:43:05 - H@ving_Fun[2000010]: @jump
05/30/2026 23:44:15 - H@ving_Fun[2000010]: @warp 
05/30/2026 23:44:22 - H@ving_Fun[2000010]: @warp iz_dun04
05/30/2026 23:46:15 - H@ving_Fun[2000010]: @heal
05/30/2026 23:49:10 - H@ving_Fun[2000010]: @heal
05/30/2026 23:52:33 - H@ving_Fun[2000010]: @heal
05/31/2026 00:01:30 - eNJoY[2000012]: @jump
05/31/2026 00:01:31 - eNJoY[2000012]: @jump
05/31/2026 00:02:01 - eNJoY[2000012]: @warp gl_cas02
05/31/2026 00:04:12 - eNJoY[2000012]: @heal
05/31/2026 11:10:14 - M@sterMind[2000012]: @dex 60
05/31/2026 11:10:28 - M@sterMind[2000012]: @warp prontera
05/31/2026 11:10:34 - M@sterMind[2000012]: @jump
05/31/2026 11:10:35 - M@sterMind[2000012]: @jump
05/31/2026 11:10:37 - M@sterMind[2000012]: @jump
05/31/2026 11:10:43 - M@sterMind[2000012]: @jump
05/31/2026 11:10:45 - M@sterMind[2000012]: @jump
05/31/2026 11:10:46 - M@sterMind[2000012]: @jump
05/31/2026 11:10:48 - M@sterMind[2000012]: @jump
05/31/2026 11:10:49 - M@sterMind[2000012]: @jump
05/31/2026 11:11:55 - M@sterMind[2000012]: @jobchange 2
05/31/2026 11:11:56 - M@sterMind[2000012]: @jobchange 3
05/31/2026 11:11:57 - M@sterMind[2000012]: @jobchange 4
05/31/2026 11:11:58 - M@sterMind[2000012]: @jobchange 5
05/31/2026 11:12:02 - M@sterMind[2000012]: @heal
05/31/2026 11:12:12 - M@sterMind[2000012]: @monster poporing
05/31/2026 11:12:20 - M@sterMind[2000012]: @monster kukre
05/31/2026 11:12:31 - M@sterMind[2000012]: @monster poisonous_spore
05/31/2026 11:12:35 - M@sterMind[2000012]: @monster hode
05/31/2026 11:12:42 - M@sterMind[2000012]: @monster hode
05/31/2026 11:12:47 - M@sterMind[2000012]: @monster hode
05/31/2026 11:13:02 - M@sterMind[2000012]: @monster hode
05/31/2026 11:13:05 - M@sterMind[2000012]: @monster hode
05/31/2026 11:13:07 - M@sterMind[2000012]: @monster hode
05/31/2026 11:13:11 - M@sterMind[2000012]: @monster hode
05/31/2026 11:13:17 - M@sterMind[2000012]: @monster marc
05/31/2026 11:13:21 - M@sterMind[2000012]: @monster marc
05/31/2026 11:13:24 - M@sterMind[2000012]: @monster marc
05/31/2026 11:13:29 - M@sterMind[2000012]: @monster marc
05/31/2026 11:13:35 - M@sterMind[2000012]: @monster marc
05/31/2026 11:13:52 - M@sterMind[2000012]: @monster marc
05/31/2026 11:14:37 - M@sterMind[2000012]: @skpoint 6
05/31/2026 11:15:02 - M@sterMind[2000012]: @skpoint 6
05/31/2026 11:15:06 - M@sterMind[2000012]: @monster marc
05/31/2026 11:15:11 - M@sterMind[2000012]: @monster marc
05/31/2026 11:15:28 - M@sterMind[2000012]: @monster high_orc
05/31/2026 11:15:34 - M@sterMind[2000012]: @monster high_orc
05/31/2026 11:15:38 - M@sterMind[2000012]: @monster high_orc
05/31/2026 11:15:45 - M@sterMind[2000012]: @monster high_orc
05/31/2026 11:15:48 - M@sterMind[2000012]: @monster high_orc
05/31/2026 11:15:57 - M@sterMind[2000012]: @monster high_orc
05/31/2026 11:15:59 - M@sterMind[2000012]: @monster high_orc
05/31/2026 11:16:06 - M@sterMind[2000012]: @monster high_orc
05/31/2026 11:16:11 - M@sterMind[2000012]: @monster high_orc
05/31/2026 11:16:16 - M@sterMind[2000012]: @monster high_orc
05/31/2026 11:16:21 - M@sterMind[2000012]: @monster high_orc
05/31/2026 11:16:28 - M@sterMind[2000012]: @monster high_orc
05/31/2026 11:16:34 - M@sterMind[2000012]: @monster high_orc
05/31/2026 11:16:40 - M@sterMind[2000012]: @monster high_orc
05/31/2026 11:16:46 - M@sterMind[2000012]: @monster high_orc
05/31/2026 11:17:35 - M@sterMind[2000012]: @monster high_orc
05/31/2026 11:17:39 - M@sterMind[2000012]: @monster high_orc
05/31/2026 11:18:58 - M@sterMind[2000012]: @warp gl_cas00
05/31/2026 11:19:01 - M@sterMind[2000012]: @warp gl_cas01
05/31/2026 11:20:00 - M@sterMind[2000012]: @jump
05/31/2026 11:20:02 - M@sterMind[2000012]: @jump
05/31/2026 11:20:07 - M@sterMind[2000012]: @heal
05/31/2026 11:20:08 - M@sterMind[2000012]: @jump
05/31/2026 11:20:18 - M@sterMind[2000012]: @jump
05/31/2026 11:20:27 - M@sterMind[2000012]: @jump
05/31/2026 11:20:39 - M@sterMind[2000012]: @jump
05/31/2026 11:21:08 - M@sterMind[2000012]: @jump
05/31/2026 11:21:12 - M@sterMind[2000012]: @jump
05/31/2026 11:21:25 - M@sterMind[2000012]: @warp gl_cas02
05/31/2026 11:21:38 - M@sterMind[2000012]: @jump
05/31/2026 11:21:39 - M@sterMind[2000012]: @jump
05/31/2026 11:21:48 - M@sterMind[2000012]: @jump
05/31/2026 11:21:50 - M@sterMind[2000012]: @jump
05/31/2026 11:21:51 - M@sterMind[2000012]: @jump
05/31/2026 11:21:53 - M@sterMind[2000012]: @jump
05/31/2026 11:22:08 - M@sterMind[2000012]: @jump
05/31/2026 11:22:14 - M@sterMind[2000012]: @jump
05/31/2026 11:22:49 - M@sterMind[2000012]: @jump
05/31/2026 11:22:50 - M@sterMind[2000012]: @jump
05/31/2026 11:22:56 - M@sterMind[2000012]: @jump
05/31/2026 11:22:57 - M@sterMind[2000012]: @jump
05/31/2026 11:22:58 - M@sterMind[2000012]: @jump
05/31/2026 11:22:59 - M@sterMind[2000012]: @jump
05/31/2026 11:23:01 - M@sterMind[2000012]: @jump
05/31/2026 11:23:02 - M@sterMind[2000012]: @jump
05/31/2026 11:23:06 - M@sterMind[2000012]: @heal
05/31/2026 11:24:17 - M@sterMind[2000012]: @jobchange 7
05/31/2026 11:24:18 - M@sterMind[2000012]: @jobchange 8
05/31/2026 11:24:19 - M@sterMind[2000012]: @jobchange 9
05/31/2026 11:24:22 - M@sterMind[2000012]: @jobchange 10
05/31/2026 11:25:11 - M@sterMind[2000012]: @jump
05/31/2026 11:25:13 - M@sterMind[2000012]: @jump
05/31/2026 11:25:14 - M@sterMind[2000012]: @jump
05/31/2026 11:25:16 - M@sterMind[2000012]: @jump
05/31/2026 11:25:17 - M@sterMind[2000012]: @jump
05/31/2026 11:25:19 - M@sterMind[2000012]: @jump
05/31/2026 11:25:20 - M@sterMind[2000012]: @jump
05/31/2026 11:25:21 - M@sterMind[2000012]: @jump
05/31/2026 11:25:22 - M@sterMind[2000012]: @jump
05/31/2026 11:25:23 - M@sterMind[2000012]: @jump
05/31/2026 11:25:24 - M@sterMind[2000012]: @jump
06/01/2026 14:53:06 - M@sterMind[2000012]: @ITEM AWAKENING_POTION 5
06/01/2026 14:53:14 - M@sterMind[2000012]: @WARP moc_pryd05
06/01/2026 14:57:55 - M@sterMind[2000012]: @skpoint 10
06/01/2026 14:59:13 - M@sterMind[2000012]: @agi 10
06/01/2026 14:59:22 - M@sterMind[2000012]: @agi -1
06/01/2026 14:59:38 - M@sterMind[2000012]: @luk 100
06/01/2026 15:01:02 - M@sterMind[2000012]: @jump
06/01/2026 15:02:23 - M@sterMind[2000012]: @produce two_hand_axes 3 3
06/01/2026 15:04:14 - M@sterMind[2000012]: @produce 1361 3 3
06/01/2026 15:04:39 - M@sterMind[2000012]: @jump
06/01/2026 15:05:15 - M@sterMind[2000012]: @produce 1361 3 1
06/01/2026 15:05:29 - M@sterMind[2000012]: @produce 1361 1 3
06/01/2026 15:06:38 - M@sterMind[2000012]: @jump
06/01/2026 23:14:44 - M@sterMind[2000012]: @jump
06/01/2026 23:14:46 - M@sterMind[2000012]: @jump
06/01/2026 23:15:19 - M@sterMind[2000012]: @jump
06/01/2026 23:15:22 - M@sterMind[2000012]: @jump
06/01/2026 23:15:23 - M@sterMind[2000012]: @jump
06/01/2026 23:15:24 - M@sterMind[2000012]: @jump
06/01/2026 23:15:25 - M@sterMind[2000012]: @jump
06/01/2026 23:15:26 - M@sterMind[2000012]: @jump
06/01/2026 23:15:27 - M@sterMind[2000012]: @jump
06/01/2026 23:15:28 - M@sterMind[2000012]: @jump
06/01/2026 23:15:29 - M@sterMind[2000012]: @jump
06/01/2026 23:15:30 - M@sterMind[2000012]: @jump
06/01/2026 23:15:31 - M@sterMind[2000012]: @jump
06/01/2026 23:15:32 - M@sterMind[2000012]: @jump
06/01/2026 23:15:33 - M@sterMind[2000012]: @jump
06/01/2026 23:15:34 - M@sterMind[2000012]: @jump
06/01/2026 23:15:35 - M@sterMind[2000012]: @jump
06/01/2026 23:17:18 - M@sterMind[2000012]: @jump
06/01/2026 23:17:20 - M@sterMind[2000012]: @jump
06/01/2026 23:17:21 - M@sterMind[2000012]: @jump
06/01/2026 23:17:23 - M@sterMind[2000012]: @jump
06/01/2026 23:17:24 - M@sterMind[2000012]: @jump
06/01/2026 23:17:25 - M@sterMind[2000012]: @jump
06/01/2026 23:19:10 - M@sterMind[2000012]: @jump
06/01/2026 23:19:50 - M@sterMind[2000012]: @jump
06/01/2026 23:20:34 - M@sterMind[2000012]: @skpoint 20
06/01/2026 23:21:32 - M@sterMind[2000012]: @jump
06/01/2026 23:21:44 - M@sterMind[2000012]: @jump
06/01/2026 23:23:33 - M@sterMind[2000012]: @heal
06/01/2026 23:27:23 - M@sterMind[2000012]: @heal
06/01/2026 23:27:36 - M@sterMind[2000012]: @warp gon_dun01
06/01/2026 23:28:02 - M@sterMind[2000012]: @warp 3@tower
06/01/2026 23:28:10 - M@sterMind[2000012]: @warp gon_dun01
06/01/2026 23:28:15 - M@sterMind[2000012]: @hide
06/01/2026 23:28:25 - M@sterMind[2000012]: @monster 1410 20
06/01/2026 23:28:32 - M@sterMind[2000012]: @jump
06/01/2026 23:28:34 - M@sterMind[2000012]: @jump
06/01/2026 23:28:38 - M@sterMind[2000012]: @hide
06/01/2026 23:29:22 - M@sterMind[2000012]: @heal
06/01/2026 23:30:10 - M@sterMind[2000012]: @zeny 5000
06/01/2026 23:32:12 - M@sterMind[2000012]: @heal
06/01/2026 23:32:47 - M@sterMind[2000012]: @warp prontera
06/01/2026 23:33:55 - M@sterMind[2000012]: @warp gon_dun02
06/01/2026 23:34:18 - M@sterMind[2000012]: @monster 1410
06/01/2026 23:34:22 - M@sterMind[2000012]: @monster 1410
06/01/2026 23:34:29 - M@sterMind[2000012]: @monster 1410 3
06/01/2026 23:34:34 - M@sterMind[2000012]: @monster 1410 3
06/01/2026 23:34:47 - M@sterMind[2000012]: @monster 1410 3
06/01/2026 23:35:01 - M@sterMind[2000012]: @monster 1410 3
06/01/2026 23:35:15 - M@sterMind[2000012]: @monster 1410 3
06/01/2026 23:35:21 - M@sterMind[2000012]: @monster 1410 3
06/01/2026 23:35:25 - M@sterMind[2000012]: @monster 1410 3
06/01/2026 23:35:49 - M@sterMind[2000012]: @monster 1410 3
06/01/2026 23:35:59 - M@sterMind[2000012]: @monster 1410 3
06/01/2026 23:36:08 - M@sterMind[2000012]: @monster 1410 3
06/01/2026 23:36:20 - M@sterMind[2000012]: @monster 1410 3
06/01/2026 23:36:26 - M@sterMind[2000012]: @monster 1410 3
06/01/2026 23:36:37 - M@sterMind[2000012]: @monster 1410 3
06/01/2026 23:36:53 - M@sterMind[2000012]: @warp prontera
06/01/2026 23:36:59 - M@sterMind[2000012]: @jump
06/01/2026 23:37:00 - M@sterMind[2000012]: @jump
06/01/2026 23:37:01 - M@sterMind[2000012]: @jump
06/02/2026 11:20:28 - M@sterMind[2000012]: @warp gon_dun02
06/02/2026 11:20:42 - M@sterMind[2000012]: @monster 1410 3
06/02/2026 11:20:49 - M@sterMind[2000012]: @monster 1410 3
06/02/2026 11:21:03 - M@sterMind[2000012]: @monster 1410 3
06/02/2026 11:21:15 - M@sterMind[2000012]: @monster 1410 3
06/02/2026 11:21:26 - M@sterMind[2000012]: @monster 1410 3
06/02/2026 11:21:36 - M@sterMind[2000012]: @monster 1410 3
06/02/2026 11:21:45 - M@sterMind[2000012]: @monster 1410 3
06/02/2026 11:22:01 - M@sterMind[2000012]: @monster 1410 3
06/02/2026 11:22:13 - M@sterMind[2000012]: @monster 1410 3
06/02/2026 11:22:24 - M@sterMind[2000012]: @monster 1410 3
06/02/2026 11:22:37 - M@sterMind[2000012]: @monster 1410 3
06/02/2026 11:22:49 - M@sterMind[2000012]: @monster 1410 3
06/02/2026 11:23:05 - M@sterMind[2000012]: @monster 1410 3
06/02/2026 11:23:17 - M@sterMind[2000012]: @monster 1410 3
06/02/2026 11:23:28 - M@sterMind[2000012]: @monster 1410 3
06/02/2026 11:23:39 - M@sterMind[2000012]: @monster 1410 3
06/02/2026 11:23:51 - M@sterMind[2000012]: @monster 1410 3
06/02/2026 11:24:24 - M@sterMind[2000012]: @monster 1410 3
06/02/2026 11:24:35 - M@sterMind[2000012]: @monster 1410 3
06/02/2026 11:24:47 - M@sterMind[2000012]: @monster 1410 3
06/02/2026 11:24:57 - M@sterMind[2000012]: @monster 1410 3
06/02/2026 11:25:08 - M@sterMind[2000012]: @monster 1410 3
06/02/2026 11:25:20 - M@sterMind[2000012]: @monster 1410 3
06/02/2026 11:25:33 - M@sterMind[2000012]: @monster 1410 3
06/02/2026 11:25:45 - M@sterMind[2000012]: @monster 1410 3
06/02/2026 11:25:57 - M@sterMind[2000012]: @monster 1410 3
06/02/2026 11:26:10 - M@sterMind[2000012]: @monster 1410 3
06/02/2026 20:05:14 - M@sterMind[2000012]: @item awakening_potion 5.
06/02/2026 20:06:27 - M@sterMind[2000012]: @warp gon_dun01 100 100
06/02/2026 20:09:11 - M@sterMind[2000012]: @monster 1410 5
06/02/2026 20:09:26 - M@sterMind[2000012]: @heal
06/02/2026 20:10:16 - M@sterMind[2000012]: @heal
06/02/2026 20:10:18 - M@sterMind[2000012]: @monster 1410 5
06/02/2026 20:10:33 - M@sterMind[2000012]: @monster 1410 5
06/02/2026 20:11:11 - M@sterMind[2000012]: @monster 1410 5
06/02/2026 20:11:44 - M@sterMind[2000012]: @monster 1410 5
06/02/2026 20:12:02 - M@sterMind[2000012]: @heal
06/02/2026 20:12:09 - M@sterMind[2000012]: @monster 1410 5
06/02/2026 20:12:27 - M@sterMind[2000012]: @monster 1410 5
06/02/2026 20:12:42 - M@sterMind[2000012]: @monster 1410 5
06/02/2026 20:13:19 - M@sterMind[2000012]: @monster 1410 5
06/02/2026 20:13:40 - M@sterMind[2000012]: @heal
06/02/2026 20:13:41 - M@sterMind[2000012]: @monster 1410 5
06/02/2026 20:13:46 - M@sterMind[2000012]: @monster 1410 5
06/02/2026 20:13:51 - M@sterMind[2000012]: @monster 1410 5
06/02/2026 20:14:28 - M@sterMind[2000012]: @monster 1410 5
06/02/2026 20:14:36 - M@sterMind[2000012]: @monster 1410 5
06/02/2026 20:14:42 - M@sterMind[2000012]: @monster 1410 5
06/02/2026 20:14:48 - M@sterMind[2000012]: @monster 1410 5
06/02/2026 20:15:27 - M@sterMind[2000012]: @monster 1410 5
06/02/2026 20:15:33 - M@sterMind[2000012]: @monster 1410 5
06/02/2026 20:15:41 - M@sterMind[2000012]: @monster 1410 5
06/02/2026 20:16:13 - M@sterMind[2000012]: @heal
06/02/2026 20:16:28 - M@sterMind[2000012]: @monster 1410 5
06/02/2026 20:17:06 - M@sterMind[2000012]: @monster 1410 5
06/02/2026 20:17:12 - M@sterMind[2000012]: @monster 1410 5
06/02/2026 20:17:18 - M@sterMind[2000012]: @monster 1410 5
06/02/2026 20:17:33 - M@sterMind[2000012]: @heal
06/02/2026 20:17:59 - M@sterMind[2000012]: @monster 1410 5
06/02/2026 20:18:05 - M@sterMind[2000012]: @monster 1410 5
06/02/2026 20:18:10 - M@sterMind[2000012]: @monster 1410 5
06/02/2026 20:18:42 - M@sterMind[2000012]: @monster 1410 10
06/02/2026 20:18:53 - M@sterMind[2000012]: @alive
06/02/2026 20:18:59 - M@sterMind[2000012]: @alive
06/02/2026 20:19:01 - M@sterMind[2000012]: @alive
06/02/2026 20:19:40 - M@sterMind[2000012]: @monster 1410 3
06/02/2026 20:21:24 - M@sterMind[2000012]: @jump
06/02/2026 20:21:26 - M@sterMind[2000012]: @jump
06/02/2026 20:21:30 - M@sterMind[2000012]: @jump
06/02/2026 20:21:31 - M@sterMind[2000012]: @jump
06/02/2026 20:21:32 - M@sterMind[2000012]: @jump
06/02/2026 20:21:33 - M@sterMind[2000012]: @jump
06/02/2026 20:21:39 - M@sterMind[2000012]: @jump
06/02/2026 20:21:41 - M@sterMind[2000012]: @jump
06/02/2026 20:21:42 - M@sterMind[2000012]: @jump
06/02/2026 20:21:43 - M@sterMind[2000012]: @jump
06/02/2026 20:21:44 - M@sterMind[2000012]: @jump
06/02/2026 20:26:08 - M@sterMind[2000012]: @monster 1410 3
06/02/2026 20:26:13 - M@sterMind[2000012]: @monster 1410 3
06/02/2026 20:26:18 - M@sterMind[2000012]: @monster 1410 3
06/02/2026 20:26:25 - M@sterMind[2000012]: @monster 1410 10
06/02/2026 20:26:33 - M@sterMind[2000012]: @heal
06/02/2026 20:26:43 - M@sterMind[2000012]: @alive
06/02/2026 20:27:41 - M@sterMind[2000012]: @monster 1410 6
06/02/2026 20:27:51 - M@sterMind[2000012]: @monster 1410 6
06/02/2026 21:48:09 - M@sterMind[2000012]: @monster 1410 5
06/02/2026 21:48:44 - M@sterMind[2000012]: @monster 1410 5
06/02/2026 21:49:01 - M@sterMind[2000012]: @monster 1410 5
06/02/2026 21:49:07 - M@sterMind[2000012]: @monster 1410 5
06/02/2026 21:49:13 - M@sterMind[2000012]: @monster 1410 5
06/02/2026 21:49:38 - M@sterMind[2000012]: @monster 1410 5
06/02/2026 21:49:45 - M@sterMind[2000012]: @monster 1410 5
06/02/2026 21:50:11 - M@sterMind[2000012]: @item berserk_potion 10
06/02/2026 21:50:20 - M@sterMind[2000012]: @monster 1410 5
06/02/2026 21:50:31 - M@sterMind[2000012]: @monster 1410 5
06/02/2026 21:50:38 - M@sterMind[2000012]: @monster 1410 5
06/02/2026 21:50:42 - M@sterMind[2000012]: @monster 1410 5
06/02/2026 21:51:17 - M@sterMind[2000012]: @monster 1410 5
06/02/2026 21:51:47 - M@sterMind[2000012]: @monster 1410 5
06/02/2026 21:51:57 - M@sterMind[2000012]: @monster 1410 5
06/02/2026 21:52:02 - M@sterMind[2000012]: @monster 1410 5
06/02/2026 21:52:08 - M@sterMind[2000012]: @monster 1410 5
06/02/2026 21:52:56 - M@sterMind[2000012]: @monster 1410 5
06/02/2026 21:53:00 - M@sterMind[2000012]: @monster 1410 5
06/02/2026 21:53:05 - M@sterMind[2000012]: @monster 1410 5
06/02/2026 21:53:10 - M@sterMind[2000012]: @monster 1410 5
06/02/2026 21:53:16 - M@sterMind[2000012]: @monster 1410 5
06/02/2026 21:53:22 - M@sterMind[2000012]: @monster 1410 5
06/02/2026 21:54:07 - M@sterMind[2000012]: @monster 1410 5
06/02/2026 21:54:11 - M@sterMind[2000012]: @monster 1410 5
06/02/2026 21:54:16 - M@sterMind[2000012]: @monster 1410 5
06/02/2026 21:54:21 - M@sterMind[2000012]: @monster 1410 5
06/02/2026 21:54:30 - M@sterMind[2000012]: @monster 1410 5
06/02/2026 21:55:16 - M@sterMind[2000012]: @monster 1410 5
06/02/2026 21:55:22 - M@sterMind[2000012]: @monster 1410 5
06/02/2026 21:55:27 - M@sterMind[2000012]: @monster 1410 5
06/02/2026 21:55:31 - M@sterMind[2000012]: @monster 1410 5
06/02/2026 21:55:36 - M@sterMind[2000012]: @monster 1410 5
06/03/2026 20:11:00 - M@sterMind[2000012]: @monster 1410 5
06/03/2026 20:11:10 - M@sterMind[2000012]: @monster 1410 5
06/03/2026 20:11:19 - M@sterMind[2000012]: @monster 1410 5
06/03/2026 20:12:52 - M@sterMind[2000012]: @speed 5
06/03/2026 20:31:47 - M@sterMind[2000012]: @reloadscript
06/03/2026 20:35:55 - M@sterMind[2000012]: @reloadscript
06/03/2026 20:41:35 - M@sterMind[2000012]: @reloadscript
06/03/2026 20:49:14 - M@sterMind[2000012]: @reloadscript
06/03/2026 21:03:01 - M@sterMind[2000012]: @reloadscript
06/03/2026 21:11:05 - M@sterMind[2000012]: @reloadscript
06/03/2026 21:21:23 - M@sterMind[2000012]: @reloadscript
06/03/2026 21:22:19 - M@sterMind[2000012]: @reloadscript
06/03/2026 21:23:00 - M@sterMind[2000012]: @reloadscript
06/03/2026 21:48:16 - M@sterMind[2000012]: @jump
06/03/2026 21:48:18 - M@sterMind[2000012]: @jump
06/03/2026 21:48:19 - M@sterMind[2000012]: @jump
06/03/2026 21:48:20 - M@sterMind[2000012]: @jump
06/03/2026 21:48:21 - M@sterMind[2000012]: @jump
06/03/2026 21:48:22 - M@sterMind[2000012]: @jump
06/03/2026 21:48:24 - M@sterMind[2000012]: @jump
06/03/2026 21:48:25 - M@sterMind[2000012]: @jump
06/03/2026 21:48:26 - M@sterMind[2000012]: @jump
06/03/2026 21:48:27 - M@sterMind[2000012]: @jump
06/03/2026 21:48:28 - M@sterMind[2000012]: @jump
06/03/2026 21:48:29 - M@sterMind[2000012]: @jump
06/03/2026 21:48:30 - M@sterMind[2000012]: @jump
06/03/2026 21:53:31 - M@sterMind[2000012]: @speed 5
06/03/2026 21:53:42 - M@sterMind[2000012]: @reloadscript
06/03/2026 22:01:00 - M@sterMind[2000012]: @reloadscript
06/03/2026 22:37:35 - M@sterMind[2000012]: @reloadscript
06/03/2026 22:47:42 - M@sterMind[2000012]: @reloadscript
06/03/2026 22:49:32 - M@sterMind[2000012]: @reloadscript
06/03/2026 22:51:12 - M@sterMind[2000012]: @reloadscript
06/03/2026 22:53:10 - M@sterMind[2000012]: @reloadscript
06/03/2026 22:53:47 - M@sterMind[2000012]: @reloadscript
06/03/2026 22:55:49 - M@sterMind[2000012]: @reloadscript
06/03/2026 22:56:12 - M@sterMind[2000012]: @reloadscript
06/03/2026 22:57:53 - M@sterMind[2000012]: @reloadscript
06/03/2026 22:58:58 - M@sterMind[2000012]: @reloadscript
06/03/2026 23:00:37 - M@sterMind[2000012]: @reloadscript
06/03/2026 23:01:25 - M@sterMind[2000012]: @reloadscript
06/03/2026 23:02:39 - M@sterMind[2000012]: @reloadscript
06/03/2026 23:40:13 - M@sterMind[2000012]: @reloadscript
06/04/2026 21:29:58 - M@sterMind[2000012]: @reloadscript
06/05/2026 00:03:29 - M@sterMind[2000012]: @reloadscript
06/05/2026 00:03:58 - M@sterMind[2000012]: @reloadscript
06/05/2026 00:05:16 - M@sterMind[2000012]: @reloadscript
06/05/2026 00:08:02 - M@sterMind[2000012]: @reloadscript
06/05/2026 00:09:19 - M@sterMind[2000012]: @warp prt_fild08 170 180
06/05/2026 00:11:34 - M@sterMind[2000012]: @speed 5
06/05/2026 00:15:18 - M@sterMind[2000012]: @jump
06/05/2026 00:16:10 - M@sterMind[2000012]: @warp gon_dun02
06/05/2026 00:16:50 - M@sterMind[2000012]: @monster 1410
06/05/2026 00:16:54 - M@sterMind[2000012]: @monster 1410
06/05/2026 00:16:58 - M@sterMind[2000012]: @monster 1410
06/05/2026 00:17:04 - M@sterMind[2000012]: @monster 1410
06/05/2026 00:17:10 - M@sterMind[2000012]: @monster 1410
06/05/2026 00:17:16 - M@sterMind[2000012]: @monster 1410
