// Monsters Additional Database
//
// Structure of Database :
// ID,Sprite_Name,kROName,iROName,LV,HP,SP,EXP,JEXP,Range1,ATK1,ATK2,DEF,MDEF,STR,AGI,VIT,INT,DEX,LUK,Range2,Range3,Scale,Race,Element,Mode,Speed,aDelay,aMotion,dMotion,MEXP,ExpPer,MVP1id,MVP1per,MVP2id,MVP2per,MVP3id,MVP3per,Drop1id,Drop1per,Drop2id,Drop2per,Drop3id,Drop3per,Drop4id,Drop4per,Drop5id,Drop5per,Drop6id,Drop6per,Drop7id,Drop7per,Drop8id,Drop8per,Drop9id,Drop9per,DropCardid,DropCardper

// Easter Event Monsters
//1920,EASTER_EGG,Easter Egg,Easter Egg,3,300,0,4,4,0,1,2,20,20,1,1,1,1,1,20,10,12,0,0,60,128,1000,1001,1,1,0,0,0,0,0,0,0,0,1010,250,935,500,558,300,501,200,501,200,713,800,558,300,558,300,0,0,0,0
//1921,EASTER_BUNNY,Easter Bunny,Easter Bunny,6,1800,0,60,55,1,20,26,0,40,1,36,6,1,11,80,10,10,0,2,60,181,200,1456,456,336,0,0,0,0,0,0,0,0,2250,200,515,8000,727,1200,746,1500,706,30,622,50,534,5000,0,0,0,0,4006,70

// eAthena Dev Team
//1900,VALARIS,Valaris,Valaris,99,668000,0,107250,37895,2,3220,4040,35,45,1,152,96,85,120,95,10,10,2,6,67,1973,100,1068,768,576,13000,5000,608,1000,750,400,923,3800,1466,200,2256,200,2607,800,714,500,617,3000,984,4300,985,5600,0,0,0,0,4147,1
//1901,VALARIS_WORSHIPPER,Valaris's Worshipper,Valaris's Worshipper,50,8578,0,2706,1480,1,487,590,15,25,1,75,55,1,93,45,10,12,0,6,27,1685,100,868,480,120,0,0,0,0,0,0,0,0,923,500,984,63,1464,2,607,50,610,100,503,300,2405,50,0,0,0,0,4129,1
//1902,MC_CAMERI,MC Cameri,MC Cameri,99,668000,0,107250,37895,2,3220,4040,35,45,1,152,96,85,120,95,10,10,2,6,67,1973,100,1068,768,576,13000,5000,608,1000,750,400,923,3800,1466,200,2256,200,2607,800,714,500,617,3000,984,4300,985,5600,0,0,0,0,4147,1
//1903,POKI,Poki#3,Poki#3,99,1349000,0,4093000,1526000,9,4892,9113,22,35,1,180,39,67,193,130,10,12,1,7,64,1973,120,500,672,480,92100,7000,603,5500,617,3000,1723,1000,1228,100,1236,500,617,2500,1234,75,1237,125,1722,250,1724,100,1720,50,0,0,0,0
//1904,SENTRY,Sentry,Sentry,99,668000,0,107250,37895,2,3220,4040,35,45,1,152,96,85,120,95,10,10,2,6,67,1973,100,1068,768,576,13000,5000,608,1000,750,400,923,3800,1466,200,2256,200,2607,800,714,500,617,3000,984,4300,985,5600,0,0,0,0,4147,1

//Custom Hollow Poring (overrrides/collides with META_ANDRE)
//1237,HOLLOW_PORING,Hollow Poring,Hollow Poring,1,50,0,2,1,1,7,10,0,5,1,1,1,0,6,30,10,12,1,3,21,0x83,400,1872,672,480,0,0,0,0,0,0,0,0,909,7000,1202,100,938,400,512,1000,713,1500,512,150,619,20,0,0,0,0,4001,10
//Custom Fire Poring. Warning, Colides with META_DENIRO
//1239,FIRE_PORING,Fire Poring,Fire Poring,1,50,0,2,1,1,7,10,0,5,1,1,1,1,6,30,10,12,1,3,21,131,400,1872,672,480,0,0,0,0,0,0,0,0,909,7000,1202,100,938,400,512,1000,713,1500,741,5,619,20,0,0,0,0,4001,20

//Lunar New Year 2008 Event Monster overrides
//Uncomment if event is enabled, as these drops modifications are nessecary.
//1145,MARTIN,Martin,Martin,18,1109,0,134,86,1,52,63,0,5,12,18,30,15,15,5,10,12,0,2,42,0x81,300,1480,480,480,0,0,0,0,0,0,0,0,1017,9000,1018,500,1251,10,2225,5,5009,1,10010,10,2224,15,7869,1500,0,0,4046,1
//1175,TAROU,Tarou,Tarou,11,284,0,57,28,1,34,45,0,0,1,20,11,10,24,5,10,12,0,2,27,0x91,150,1744,1044,684,0,0,0,0,0,0,0,0,1016,9000,919,3000,949,800,528,1000,701,2,7869,2500,0,0,0,0,0,0,4028,1
//1209,CRAMP,Cramp,Cramp,56,4720,0,2300,1513,1,395,465,0,5,1,85,35,5,65,60,10,12,0,2,45,0x3095,100,1000,500,1000,0,0,0,0,0,0,0,0,7007,4656,528,1000,726,80,746,110,568,250,510,70,984,95,7869,1500,0,0,4296,1

//iRO St. Patricks Day 2008 Event Monster overrides
//Uncomment if event is enabled, as these drops modifications are nessecary.
//1841,G_SNAKE_,Snake Lord's Minon,Snake Lord's Minon,15,471,0,72,48,1,46,55,0,0,1,15,15,10,35,5,10,12,1,2,22,0x81,200,1576,576,576,0,0,0,0,0,0,0,0,7915,1000,7916,100,7720,30,12715,7,0,0,0,0,0,0,0,0,0,0,0,0
//1842,G_ANACONDAQ_,Snake Lord's Minon,Snake Lord's Minon,23,1109,0,300,149,1,124,157,0,0,1,23,28,10,36,5,10,12,1,2,25,0x91,200,1576,576,576,0,0,0,0,0,0,0,0,7915,1000,7916,100,7720,30,12715,7,0,0,0,0,0,0,0,0,0,0,0,0
//1843,SIDE_WINDER_,Snake Lord's Minon,Snake Lord's Minon,43,4929,0,1996,993,1,240,320,5,10,38,43,40,15,115,20,10,12,1,2,25,0x3095,200,1576,576,576,0,0,0,0,0,0,0,0,7915,1000,7916,100,7720,30,12715,7,0,0,0,0,0,0,0,0,0,0,0,0
//1844,G_ISIS_,Snake Lord's Minon,Snake Lord's Minon,47,7003,0,3709,1550,1,423,507,10,35,38,65,43,50,66,15,10,12,2,6,27,0x3195,200,1384,768,336,0,0,0,0,0,0,0,0,7915,1000,7916,100,7720,30,12715,8,0,0,0,0,0,0,0,0,0,0,0,0

//iRO Christmas 2008 Event
//Uncomment if event is enabled, as these drops modifications are nessecary.
//1244,JAKK_XMAS,Christmas Jakk,Christmas Jakk,38,3581,0,1113,688,1,315,382,5,30,1,38,38,43,75,45,10,12,1,0,43,0x81,200,1180,480,648,0,0,0,0,0,0,0,0,529,1000,530,1000,14546,1000,14550,1000,7174,1000,7175,1000,6092,1000,12355,1250,0,0,0,0
//1245,GOBLINE_XMAS,Christmas Goblin,Christmas Goblin,25,1176,0,282,171,1,118,140,10,5,1,53,25,20,38,45,10,12,1,7,24,0x81,100,1120,620,240,0,0,0,0,0,0,0,0,529,1000,530,1000,14546,1000,14550,1000,7174,1000,7175,1000,6092,1000,12355,1250,0,0,0,0
//1246,COOKIE_XMAS,Christmas Cookie,Christmas Cookie,28,2090,0,461,284,1,140,170,0,50,1,24,30,53,45,100,10,12,0,7,46,0x91,400,1248,1248,240,0,0,0,0,0,0,0,0,529,1000,530,1000,14546,1000,14550,1000,7174,1000,7175,1000,6092,1000,12355,1250,0,0,0,0
//1247,ANTONIO,Antonio,Antonio,10,10,0,3,2,1,13,20,100,0,1,1,1,50,100,100,10,12,1,3,66,0xC1,100,720,720,432,0,0,0,0,0,0,0,0,604,500,12354,500,14550,500,5136,500,12132,500,12225,500,5811,500,0,0,0,0,4243,1

//iRO Halloween 2009 Event
//Uncomment if event is enabled. Uncomment the skills for Halloween Whisper in mob_skill_db2.
//3014,HALLOWEEN_WHISPER,Halloween Whisper,Halloween Whisper,1,800,0,0,0,1,10,13,0,45,1,51,14,0,60,0,10,12,0,6,68,0x81,150,1960,960,504,0,0,0,0,0,0,0,0,12396,150,6299,5335,0,0,0,0,0,0,0,0,0,0,0,0,0,0,0,0
//3015,HALLOWEEN_DARK_LORD,Halloween Dark Lord,Halloween Dark Lord,1,45,0,0,0,1,10,13,0,45,1,51,14,0,60,0,10,12,2,6,89,0x81,100,868,768,480,0,0,0,0,0,0,0,0,12396,800,12397,5335,0,0,0,0,0,0,0,0,0,0,0,0,0,0,0,0

//iRO Halloween 2008 Event
//Uncomment if event is enabled.
//3000,ZOMBIE,Zombie,Zombie,15,534,0,50,33,1,67,79,0,10,1,8,7,0,15,0,10,12,1,1,29,0x3885,400,2612,912,288,0,0,0,0,0,0,0,0,957,9000,724,5,938,1000,958,50,727,70,0,0,0,0,0,0,0,0,4038,1
//3001,GHOUL,Ghoul,Ghoul,40,5418,0,1088,622,1,420,500,5,20,1,20,29,0,45,20,10,12,1,1,49,0x3885,250,2456,912,504,0,0,0,0,0,0,0,0,958,6000,756,110,509,700,511,800,2609,60,934,150,1260,1,0,0,0,0,4110,1
//3002,ZOMBIE_MASTER,Zombie Master,Zombie Master,62,14211,0,7610,2826,1,824,1084,37,26,25,20,30,5,77,35,10,12,1,1,29,0x3695,175,2612,912,288,0,0,0,0,0,0,0,0,7071,4413,938,1500,958,1500,723,200,727,100,1260,1,2324,2,0,0,0,0,4274,1
//===== Fake Player Mob DB2 Append =============================
//= Append this block to db/mob_db2.txt
//= Generated by generate_market_vendors.py mob-safe version
//============================================================
// START FAKE PLAYER MOB DB2
2500,FAKE_NOVICE_2500,Novice,Novice,99,999999,0,0,0,1,1,1,1,1,1,1,1,1,1,1,10,12,0,7,20,0x81,180,1000,500,500,0,0,0,0,0,0,0,0,0,0,0,0,0,0,0,0,0,0,0,0,0,0,0,0,0,0,0,0
2501,FAKE_SWORDMAN_2501,Swordman,Swordman,99,999999,0,0,0,1,1,1,1,1,1,1,1,1,1,1,10,12,0,7,20,0x81,180,1000,500,500,0,0,0,0,0,0,0,0,0,0,0,0,0,0,0,0,0,0,0,0,0,0,0,0,0,0,0,0
2502,FAKE_MAGICIAN_2502,Magician,Magician,99,999999,0,0,0,1,1,1,1,1,1,1,1,1,1,1,10,12,0,7,20,0x81,180,1000,500,500,0,0,0,0,0,0,0,0,0,0,0,0,0,0,0,0,0,0,0,0,0,0,0,0,0,0,0,0
2503,FAKE_ARCHER_2503,Archer,Archer,99,999999,0,0,0,1,1,1,1,1,1,1,1,1,1,1,10,12,0,7,20,0x81,180,1000,500,500,0,0,0,0,0,0,0,0,0,0,0,0,0,0,0,0,0,0,0,0,0,0,0,0,0,0,0,0
2504,FAKE_ACOLYTE_2504,Acolyte,Acolyte,99,999999,0,0,0,1,1,1,1,1,1,1,1,1,1,1,10,12,0,7,20,0x81,180,1000,500,500,0,0,0,0,0,0,0,0,0,0,0,0,0,0,0,0,0,0,0,0,0,0,0,0,0,0,0,0
2505,FAKE_MERCHANT_2505,Merchant,Merchant,99,999999,0,0,0,1,1,1,1,1,1,1,1,1,1,1,10,12,0,7,20,0x81,180,1000,500,500,0,0,0,0,0,0,0,0,0,0,0,0,0,0,0,0,0,0,0,0,0,0,0,0,0,0,0,0
2506,FAKE_THIEF_2506,Thief,Thief,99,999999,0,0,0,1,1,1,1,1,1,1,1,1,1,1,10,12,0,7,20,0x81,180,1000,500,500,0,0,0,0,0,0,0,0,0,0,0,0,0,0,0,0,0,0,0,0,0,0,0,0,0,0,0,0
2507,FAKE_KNIGHT_2507,Knight,Knight,99,999999,0,0,0,1,1,1,1,1,1,1,1,1,1,1,10,12,0,7,20,0x81,180,1000,500,500,0,0,0,0,0,0,0,0,0,0,0,0,0,0,0,0,0,0,0,0,0,0,0,0,0,0,0,0
2508,FAKE_PRIEST_2508,Priest,Priest,99,999999,0,0,0,1,1,1,1,1,1,1,1,1,1,1,10,12,0,7,20,0x81,180,1000,500,500,0,0,0,0,0,0,0,0,0,0,0,0,0,0,0,0,0,0,0,0,0,0,0,0,0,0,0,0
2509,FAKE_WIZARD_2509,Wizard,Wizard,99,999999,0,0,0,1,1,1,1,1,1,1,1,1,1,1,10,12,0,7,20,0x81,180,1000,500,500,0,0,0,0,0,0,0,0,0,0,0,0,0,0,0,0,0,0,0,0,0,0,0,0,0,0,0,0
2510,FAKE_BLACKSMITH_2510,Blacksmith,Blacksmith,99,999999,0,0,0,1,1,1,1,1,1,1,1,1,1,1,10,12,0,7,20,0x81,180,1000,500,500,0,0,0,0,0,0,0,0,0,0,0,0,0,0,0,0,0,0,0,0,0,0,0,0,0,0,0,0
2511,FAKE_HUNTER_2511,Hunter,Hunter,99,999999,0,0,0,1,1,1,1,1,1,1,1,1,1,1,10,12,0,7,20,0x81,180,1000,500,500,0,0,0,0,0,0,0,0,0,0,0,0,0,0,0,0,0,0,0,0,0,0,0,0,0,0,0,0
2512,FAKE_ASSASSIN_2512,Assassin,Assassin,99,999999,0,0,0,1,1,1,1,1,1,1,1,1,1,1,10,12,0,7,20,0x81,180,1000,500,500,0,0,0,0,0,0,0,0,0,0,0,0,0,0,0,0,0,0,0,0,0,0,0,0,0,0,0,0
2513,FAKE_KNIGHT__PECO__2513,Knight (Peco),Knight (Peco),99,999999,0,0,0,1,1,1,1,1,1,1,1,1,1,1,10,12,0,7,20,0x81,180,1000,500,500,0,0,0,0,0,0,0,0,0,0,0,0,0,0,0,0,0,0,0,0,0,0,0,0,0,0,0,0
2514,FAKE_CRUSADER_2514,Crusader,Crusader,99,999999,0,0,0,1,1,1,1,1,1,1,1,1,1,1,10,12,0,7,20,0x81,180,1000,500,500,0,0,0,0,0,0,0,0,0,0,0,0,0,0,0,0,0,0,0,0,0,0,0,0,0,0,0,0
2515,FAKE_MONK_2515,Monk,Monk,99,999999,0,0,0,1,1,1,1,1,1,1,1,1,1,1,10,12,0,7,20,0x81,180,1000,500,500,0,0,0,0,0,0,0,0,0,0,0,0,0,0,0,0,0,0,0,0,0,0,0,0,0,0,0,0
2516,FAKE_SAGE_2516,Sage,Sage,99,999999,0,0,0,1,1,1,1,1,1,1,1,1,1,1,10,12,0,7,20,0x81,180,1000,500,500,0,0,0,0,0,0,0,0,0,0,0,0,0,0,0,0,0,0,0,0,0,0,0,0,0,0,0,0
2517,FAKE_ROGUE_2517,Rogue,Rogue,99,999999,0,0,0,1,1,1,1,1,1,1,1,1,1,1,10,12,0,7,20,0x81,180,1000,500,500,0,0,0,0,0,0,0,0,0,0,0,0,0,0,0,0,0,0,0,0,0,0,0,0,0,0,0,0
2518,FAKE_ALCHEMIST_2518,Alchemist,Alchemist,99,999999,0,0,0,1,1,1,1,1,1,1,1,1,1,1,10,12,0,7,20,0x81,180,1000,500,500,0,0,0,0,0,0,0,0,0,0,0,0,0,0,0,0,0,0,0,0,0,0,0,0,0,0,0,0
2519,FAKE_BARD_2519,Bard,Bard,99,999999,0,0,0,1,1,1,1,1,1,1,1,1,1,1,10,12,0,7,20,0x81,180,1000,500,500,0,0,0,0,0,0,0,0,0,0,0,0,0,0,0,0,0,0,0,0,0,0,0,0,0,0,0,0
2520,FAKE_DANCER_2520,Dancer,Dancer,99,999999,0,0,0,1,1,1,1,1,1,1,1,1,1,1,10,12,0,7,20,0x81,180,1000,500,500,0,0,0,0,0,0,0,0,0,0,0,0,0,0,0,0,0,0,0,0,0,0,0,0,0,0,0,0
2521,FAKE_CRUSADER__PECO__2521,Crusader (Peco),Crusader (Peco),99,999999,0,0,0,1,1,1,1,1,1,1,1,1,1,1,10,12,0,7,20,0x81,180,1000,500,500,0,0,0,0,0,0,0,0,0,0,0,0,0,0,0,0,0,0,0,0,0,0,0,0,0,0,0,0
2522,FAKE_WEDDING_2522,Wedding,Wedding,99,999999,0,0,0,1,1,1,1,1,1,1,1,1,1,1,10,12,0,7,20,0x81,180,1000,500,500,0,0,0,0,0,0,0,0,0,0,0,0,0,0,0,0,0,0,0,0,0,0,0,0,0,0,0,0
2523,FAKE_SUPER_NOVICE_2523,Super Novice,Super Novice,99,999999,0,0,0,1,1,1,1,1,1,1,1,1,1,1,10,12,0,7,20,0x81,180,1000,500,500,0,0,0,0,0,0,0,0,0,0,0,0,0,0,0,0,0,0,0,0,0,0,0,0,0,0,0,0
2524,FAKE_GUNSLINGER_2524,Gunslinger,Gunslinger,99,999999,0,0,0,1,1,1,1,1,1,1,1,1,1,1,10,12,0,7,20,0x81,180,1000,500,500,0,0,0,0,0,0,0,0,0,0,0,0,0,0,0,0,0,0,0,0,0,0,0,0,0,0,0,0
2525,FAKE_NINJA_2525,Ninja,Ninja,99,999999,0,0,0,1,1,1,1,1,1,1,1,1,1,1,10,12,0,7,20,0x81,180,1000,500,500,0,0,0,0,0,0,0,0,0,0,0,0,0,0,0,0,0,0,0,0,0,0,0,0,0,0,0,0
2526,FAKE_NOVICE_HIGH_2526,Novice High,Novice High,99,999999,0,0,0,1,1,1,1,1,1,1,1,1,1,1,10,12,0,7,20,0x81,180,1000,500,500,0,0,0,0,0,0,0,0,0,0,0,0,0,0,0,0,0,0,0,0,0,0,0,0,0,0,0,0
2527,FAKE_SWORDMAN_HIGH_2527,Swordman High,Swordman High,99,999999,0,0,0,1,1,1,1,1,1,1,1,1,1,1,10,12,0,7,20,0x81,180,1000,500,500,0,0,0,0,0,0,0,0,0,0,0,0,0,0,0,0,0,0,0,0,0,0,0,0,0,0,0,0
2528,FAKE_MAGICIAN_HIGH_2528,Magician High,Magician High,99,999999,0,0,0,1,1,1,1,1,1,1,1,1,1,1,10,12,0,7,20,0x81,180,1000,500,500,0,0,0,0,0,0,0,0,0,0,0,0,0,0,0,0,0,0,0,0,0,0,0,0,0,0,0,0
2529,FAKE_ARCHER_HIGH_2529,Archer High,Archer High,99,999999,0,0,0,1,1,1,1,1,1,1,1,1,1,1,10,12,0,7,20,0x81,180,1000,500,500,0,0,0,0,0,0,0,0,0,0,0,0,0,0,0,0,0,0,0,0,0,0,0,0,0,0,0,0
2530,FAKE_ACOLYTE_HIGH_2530,Acolyte High,Acolyte High,99,999999,0,0,0,1,1,1,1,1,1,1,1,1,1,1,10,12,0,7,20,0x81,180,1000,500,500,0,0,0,0,0,0,0,0,0,0,0,0,0,0,0,0,0,0,0,0,0,0,0,0,0,0,0,0
2531,FAKE_MERCHANT_HIGH_2531,Merchant High,Merchant High,99,999999,0,0,0,1,1,1,1,1,1,1,1,1,1,1,10,12,0,7,20,0x81,180,1000,500,500,0,0,0,0,0,0,0,0,0,0,0,0,0,0,0,0,0,0,0,0,0,0,0,0,0,0,0,0
2532,FAKE_THIEF_HIGH_2532,Thief High,Thief High,99,999999,0,0,0,1,1,1,1,1,1,1,1,1,1,1,10,12,0,7,20,0x81,180,1000,500,500,0,0,0,0,0,0,0,0,0,0,0,0,0,0,0,0,0,0,0,0,0,0,0,0,0,0,0,0
2533,FAKE_LORD_KNIGHT_2533,Lord Knight,Lord Knight,99,999999,0,0,0,1,1,1,1,1,1,1,1,1,1,1,10,12,0,7,20,0x81,180,1000,500,500,0,0,0,0,0,0,0,0,0,0,0,0,0,0,0,0,0,0,0,0,0,0,0,0,0,0,0,0
2534,FAKE_HIGH_PRIEST_2534,High Priest,High Priest,99,999999,0,0,0,1,1,1,1,1,1,1,1,1,1,1,10,12,0,7,20,0x81,180,1000,500,500,0,0,0,0,0,0,0,0,0,0,0,0,0,0,0,0,0,0,0,0,0,0,0,0,0,0,0,0
2535,FAKE_HIGH_WIZARD_2535,High Wizard,High Wizard,99,999999,0,0,0,1,1,1,1,1,1,1,1,1,1,1,10,12,0,7,20,0x81,180,1000,500,500,0,0,0,0,0,0,0,0,0,0,0,0,0,0,0,0,0,0,0,0,0,0,0,0,0,0,0,0
2536,FAKE_WHITESMITH_2536,Whitesmith,Whitesmith,99,999999,0,0,0,1,1,1,1,1,1,1,1,1,1,1,10,12,0,7,20,0x81,180,1000,500,500,0,0,0,0,0,0,0,0,0,0,0,0,0,0,0,0,0,0,0,0,0,0,0,0,0,0,0,0
2537,FAKE_SNIPER_2537,Sniper,Sniper,99,999999,0,0,0,1,1,1,1,1,1,1,1,1,1,1,10,12,0,7,20,0x81,180,1000,500,500,0,0,0,0,0,0,0,0,0,0,0,0,0,0,0,0,0,0,0,0,0,0,0,0,0,0,0,0
2538,FAKE_ASSASSIN_CROSS_2538,Assassin Cross,Assassin Cross,99,999999,0,0,0,1,1,1,1,1,1,1,1,1,1,1,10,12,0,7,20,0x81,180,1000,500,500,0,0,0,0,0,0,0,0,0,0,0,0,0,0,0,0,0,0,0,0,0,0,0,0,0,0,0,0
2539,FAKE_LORD_KNIGHT__PEC_2539,Lord Knight (Peco),Lord Knight (Peco),99,999999,0,0,0,1,1,1,1,1,1,1,1,1,1,1,10,12,0,7,20,0x81,180,1000,500,500,0,0,0,0,0,0,0,0,0,0,0,0,0,0,0,0,0,0,0,0,0,0,0,0,0,0,0,0
2540,FAKE_PALADIN_2540,Paladin,Paladin,99,999999,0,0,0,1,1,1,1,1,1,1,1,1,1,1,10,12,0,7,20,0x81,180,1000,500,500,0,0,0,0,0,0,0,0,0,0,0,0,0,0,0,0,0,0,0,0,0,0,0,0,0,0,0,0
2541,FAKE_CHAMPION_2541,Champion,Champion,99,999999,0,0,0,1,1,1,1,1,1,1,1,1,1,1,10,12,0,7,20,0x81,180,1000,500,500,0,0,0,0,0,0,0,0,0,0,0,0,0,0,0,0,0,0,0,0,0,0,0,0,0,0,0,0
2542,FAKE_PROFESSOR_2542,Professor,Professor,99,999999,0,0,0,1,1,1,1,1,1,1,1,1,1,1,10,12,0,7,20,0x81,180,1000,500,500,0,0,0,0,0,0,0,0,0,0,0,0,0,0,0,0,0,0,0,0,0,0,0,0,0,0,0,0
2543,FAKE_STALKER_2543,Stalker,Stalker,99,999999,0,0,0,1,1,1,1,1,1,1,1,1,1,1,10,12,0,7,20,0x81,180,1000,500,500,0,0,0,0,0,0,0,0,0,0,0,0,0,0,0,0,0,0,0,0,0,0,0,0,0,0,0,0
2544,FAKE_CREATOR_2544,Creator,Creator,99,999999,0,0,0,1,1,1,1,1,1,1,1,1,1,1,10,12,0,7,20,0x81,180,1000,500,500,0,0,0,0,0,0,0,0,0,0,0,0,0,0,0,0,0,0,0,0,0,0,0,0,0,0,0,0
2545,FAKE_CLOWN_2545,Clown,Clown,99,999999,0,0,0,1,1,1,1,1,1,1,1,1,1,1,10,12,0,7,20,0x81,180,1000,500,500,0,0,0,0,0,0,0,0,0,0,0,0,0,0,0,0,0,0,0,0,0,0,0,0,0,0,0,0
2546,FAKE_GYPSY_2546,Gypsy,Gypsy,99,999999,0,0,0,1,1,1,1,1,1,1,1,1,1,1,10,12,0,7,20,0x81,180,1000,500,500,0,0,0,0,0,0,0,0,0,0,0,0,0,0,0,0,0,0,0,0,0,0,0,0,0,0,0,0
2547,FAKE_PALADIN__PECO__2547,Paladin (Peco),Paladin (Peco),99,999999,0,0,0,1,1,1,1,1,1,1,1,1,1,1,10,12,0,7,20,0x81,180,1000,500,500,0,0,0,0,0,0,0,0,0,0,0,0,0,0,0,0,0,0,0,0,0,0,0,0,0,0,0,0
2548,FAKE_BABY_NOVICE_2548,Baby Novice,Baby Novice,99,999999,0,0,0,1,1,1,1,1,1,1,1,1,1,1,10,12,0,7,20,0x81,180,1000,500,500,0,0,0,0,0,0,0,0,0,0,0,0,0,0,0,0,0,0,0,0,0,0,0,0,0,0,0,0
2549,FAKE_BABY_SWORDMAN_2549,Baby Swordman,Baby Swordman,99,999999,0,0,0,1,1,1,1,1,1,1,1,1,1,1,10,12,0,7,20,0x81,180,1000,500,500,0,0,0,0,0,0,0,0,0,0,0,0,0,0,0,0,0,0,0,0,0,0,0,0,0,0,0,0
2550,FAKE_BABY_MAGICIAN_2550,Baby Magician,Baby Magician,99,999999,0,0,0,1,1,1,1,1,1,1,1,1,1,1,10,12,0,7,20,0x81,180,1000,500,500,0,0,0,0,0,0,0,0,0,0,0,0,0,0,0,0,0,0,0,0,0,0,0,0,0,0,0,0
2551,FAKE_BABY_ARCHER_2551,Baby Archer,Baby Archer,99,999999,0,0,0,1,1,1,1,1,1,1,1,1,1,1,10,12,0,7,20,0x81,180,1000,500,500,0,0,0,0,0,0,0,0,0,0,0,0,0,0,0,0,0,0,0,0,0,0,0,0,0,0,0,0
2552,FAKE_BABY_ACOLYTE_2552,Baby Acolyte,Baby Acolyte,99,999999,0,0,0,1,1,1,1,1,1,1,1,1,1,1,10,12,0,7,20,0x81,180,1000,500,500,0,0,0,0,0,0,0,0,0,0,0,0,0,0,0,0,0,0,0,0,0,0,0,0,0,0,0,0
2553,FAKE_BABY_MERCHANT_2553,Baby Merchant,Baby Merchant,99,999999,0,0,0,1,1,1,1,1,1,1,1,1,1,1,10,12,0,7,20,0x81,180,1000,500,500,0,0,0,0,0,0,0,0,0,0,0,0,0,0,0,0,0,0,0,0,0,0,0,0,0,0,0,0
2554,FAKE_BABY_THIEF_2554,Baby Thief,Baby Thief,99,999999,0,0,0,1,1,1,1,1,1,1,1,1,1,1,10,12,0,7,20,0x81,180,1000,500,500,0,0,0,0,0,0,0,0,0,0,0,0,0,0,0,0,0,0,0,0,0,0,0,0,0,0,0,0
2555,FAKE_BABY_KNIGHT_2555,Baby Knight,Baby Knight,99,999999,0,0,0,1,1,1,1,1,1,1,1,1,1,1,10,12,0,7,20,0x81,180,1000,500,500,0,0,0,0,0,0,0,0,0,0,0,0,0,0,0,0,0,0,0,0,0,0,0,0,0,0,0,0
2556,FAKE_BABY_PRIEST_2556,Baby Priest,Baby Priest,99,999999,0,0,0,1,1,1,1,1,1,1,1,1,1,1,10,12,0,7,20,0x81,180,1000,500,500,0,0,0,0,0,0,0,0,0,0,0,0,0,0,0,0,0,0,0,0,0,0,0,0,0,0,0,0
2557,FAKE_BABY_WIZARD_2557,Baby Wizard,Baby Wizard,99,999999,0,0,0,1,1,1,1,1,1,1,1,1,1,1,10,12,0,7,20,0x81,180,1000,500,500,0,0,0,0,0,0,0,0,0,0,0,0,0,0,0,0,0,0,0,0,0,0,0,0,0,0,0,0
2558,FAKE_BABY_BLACKSMITH_2558,Baby Blacksmith,Baby Blacksmith,99,999999,0,0,0,1,1,1,1,1,1,1,1,1,1,1,10,12,0,7,20,0x81,180,1000,500,500,0,0,0,0,0,0,0,0,0,0,0,0,0,0,0,0,0,0,0,0,0,0,0,0,0,0,0,0
2559,FAKE_BABY_HUNTER_2559,Baby Hunter,Baby Hunter,99,999999,0,0,0,1,1,1,1,1,1,1,1,1,1,1,10,12,0,7,20,0x81,180,1000,500,500,0,0,0,0,0,0,0,0,0,0,0,0,0,0,0,0,0,0,0,0,0,0,0,0,0,0,0,0
2560,FAKE_BABY_ASSASSIN_2560,Baby Assassin,Baby Assassin,99,999999,0,0,0,1,1,1,1,1,1,1,1,1,1,1,10,12,0,7,20,0x81,180,1000,500,500,0,0,0,0,0,0,0,0,0,0,0,0,0,0,0,0,0,0,0,0,0,0,0,0,0,0,0,0
2561,FAKE_BABY_KNIGHT__PEC_2561,Baby Knight (Peco),Baby Knight (Peco),99,999999,0,0,0,1,1,1,1,1,1,1,1,1,1,1,10,12,0,7,20,0x81,180,1000,500,500,0,0,0,0,0,0,0,0,0,0,0,0,0,0,0,0,0,0,0,0,0,0,0,0,0,0,0,0
2562,FAKE_BABY_CRUSADER_2562,Baby Crusader,Baby Crusader,99,999999,0,0,0,1,1,1,1,1,1,1,1,1,1,1,10,12,0,7,20,0x81,180,1000,500,500,0,0,0,0,0,0,0,0,0,0,0,0,0,0,0,0,0,0,0,0,0,0,0,0,0,0,0,0
2563,FAKE_BABY_MONK_2563,Baby Monk,Baby Monk,99,999999,0,0,0,1,1,1,1,1,1,1,1,1,1,1,10,12,0,7,20,0x81,180,1000,500,500,0,0,0,0,0,0,0,0,0,0,0,0,0,0,0,0,0,0,0,0,0,0,0,0,0,0,0,0
2564,FAKE_BABY_SAGE_2564,Baby Sage,Baby Sage,99,999999,0,0,0,1,1,1,1,1,1,1,1,1,1,1,10,12,0,7,20,0x81,180,1000,500,500,0,0,0,0,0,0,0,0,0,0,0,0,0,0,0,0,0,0,0,0,0,0,0,0,0,0,0,0
2565,FAKE_BABY_ROGUE_2565,Baby Rogue,Baby Rogue,99,999999,0,0,0,1,1,1,1,1,1,1,1,1,1,1,10,12,0,7,20,0x81,180,1000,500,500,0,0,0,0,0,0,0,0,0,0,0,0,0,0,0,0,0,0,0,0,0,0,0,0,0,0,0,0
2566,FAKE_BABY_ALCHEMIST_2566,Baby Alchemist,Baby Alchemist,99,999999,0,0,0,1,1,1,1,1,1,1,1,1,1,1,10,12,0,7,20,0x81,180,1000,500,500,0,0,0,0,0,0,0,0,0,0,0,0,0,0,0,0,0,0,0,0,0,0,0,0,0,0,0,0
2567,FAKE_BABY_BARD_2567,Baby Bard,Baby Bard,99,999999,0,0,0,1,1,1,1,1,1,1,1,1,1,1,10,12,0,7,20,0x81,180,1000,500,500,0,0,0,0,0,0,0,0,0,0,0,0,0,0,0,0,0,0,0,0,0,0,0,0,0,0,0,0
2568,FAKE_BABY_DANCER_2568,Baby Dancer,Baby Dancer,99,999999,0,0,0,1,1,1,1,1,1,1,1,1,1,1,10,12,0,7,20,0x81,180,1000,500,500,0,0,0,0,0,0,0,0,0,0,0,0,0,0,0,0,0,0,0,0,0,0,0,0,0,0,0,0
2569,FAKE_BABY_CRUSADER__P_2569,Baby Crusader (Peco),Baby Crusader (Peco),99,999999,0,0,0,1,1,1,1,1,1,1,1,1,1,1,10,12,0,7,20,0x81,180,1000,500,500,0,0,0,0,0,0,0,0,0,0,0,0,0,0,0,0,0,0,0,0,0,0,0,0,0,0,0,0
2570,FAKE_BABY_SUPER_NOVIC_2570,Baby Super Novice,Baby Super Novice,99,999999,0,0,0,1,1,1,1,1,1,1,1,1,1,1,10,12,0,7,20,0x81,180,1000,500,500,0,0,0,0,0,0,0,0,0,0,0,0,0,0,0,0,0,0,0,0,0,0,0,0,0,0,0,0
2571,FAKE_TAEKWON_2571,Taekwon,Taekwon,99,999999,0,0,0,1,1,1,1,1,1,1,1,1,1,1,10,12,0,7,20,0x81,180,1000,500,500,0,0,0,0,0,0,0,0,0,0,0,0,0,0,0,0,0,0,0,0,0,0,0,0,0,0,0,0
2572,FAKE_STAR_KNIGHT_2572,Star Knight,Star Knight,99,999999,0,0,0,1,1,1,1,1,1,1,1,1,1,1,10,12,0,7,20,0x81,180,1000,500,500,0,0,0,0,0,0,0,0,0,0,0,0,0,0,0,0,0,0,0,0,0,0,0,0,0,0,0,0
2573,FAKE_STAR_KNIGHT__FLY_2573,Star Knight (flying),Star Knight (flying),99,999999,0,0,0,1,1,1,1,1,1,1,1,1,1,1,10,12,0,7,20,0x81,180,1000,500,500,0,0,0,0,0,0,0,0,0,0,0,0,0,0,0,0,0,0,0,0,0,0,0,0,0,0,0,0
2574,FAKE_SOUL_LINKER_2574,Soul Linker,Soul Linker,99,999999,0,0,0,1,1,1,1,1,1,1,1,1,1,1,10,12,0,7,20,0x81,180,1000,500,500,0,0,0,0,0,0,0,0,0,0,0,0,0,0,0,0,0,0,0,0,0,0,0,0,0,0,0,0
// END FAKE PLAYER MOB DB2
//===== Fake Player Mob DB2 Append =============================
//= Append this block to db/mob_db2.txt
//= Generated by generate_market_vendors.py mob-safe v2
//= Uses 2600+ IDs and creates multiple level variants per job.
//============================================================
// START FAKE PLAYER MOB DB2 V2
2600,FAKE_NOVICE_5_2600,Novice,Novice,5,5000,50,0,0,1,1,1,1,1,1,1,1,1,1,1,10,12,0,7,20,0x81,200,1000,500,500,0,0,0,0,0,0,0,0,0,0,0,0,0,0,0,0,0,0,0,0,0,0,0,0,0,0,0,0
2601,FAKE_NOVICE_34_2601,Novice,Novice,34,57800,340,0,0,1,1,1,1,1,1,1,1,1,1,1,10,12,0,7,20,0x81,180,1000,500,500,0,0,0,0,0,0,0,0,0,0,0,0,0,0,0,0,0,0,0,0,0,0,0,0,0,0,0,0
2602,FAKE_NOVICE_67_2602,Novice,Novice,67,224450,670,0,0,1,1,1,1,1,1,1,1,1,1,1,10,12,0,7,20,0x81,150,1000,500,500,0,0,0,0,0,0,0,0,0,0,0,0,0,0,0,0,0,0,0,0,0,0,0,0,0,0,0,0
2603,FAKE_SWORDMAN_14_2603,Swordman,Swordman,14,9800,140,0,0,1,1,1,1,1,1,1,1,1,1,1,10,12,0,7,20,0x81,250,1000,500,500,0,0,0,0,0,0,0,0,0,0,0,0,0,0,0,0,0,0,0,0,0,0,0,0,0,0,0,0
2604,FAKE_SWORDMAN_48_2604,Swordman,Swordman,48,115200,480,0,0,1,1,1,1,1,1,1,1,1,1,1,10,12,0,7,20,0x81,250,1000,500,500,0,0,0,0,0,0,0,0,0,0,0,0,0,0,0,0,0,0,0,0,0,0,0,0,0,0,0,0
2605,FAKE_SWORDMAN_61_2605,Swordman,Swordman,61,186050,610,0,0,1,1,1,1,1,1,1,1,1,1,1,10,12,0,7,20,0x81,180,1000,500,500,0,0,0,0,0,0,0,0,0,0,0,0,0,0,0,0,0,0,0,0,0,0,0,0,0,0,0,0
2606,FAKE_MAGICIAN_16_2606,Magician,Magician,16,12800,160,0,0,1,1,1,1,1,1,1,1,1,1,1,10,12,0,7,20,0x81,180,1000,500,500,0,0,0,0,0,0,0,0,0,0,0,0,0,0,0,0,0,0,0,0,0,0,0,0,0,0,0,0
2607,FAKE_MAGICIAN_47_2607,Magician,Magician,47,110450,470,0,0,1,1,1,1,1,1,1,1,1,1,1,10,12,0,7,20,0x81,180,1000,500,500,0,0,0,0,0,0,0,0,0,0,0,0,0,0,0,0,0,0,0,0,0,0,0,0,0,0,0,0
2608,FAKE_MAGICIAN_74_2608,Magician,Magician,74,273800,740,0,0,1,1,1,1,1,1,1,1,1,1,1,10,12,0,7,20,0x81,150,1000,500,500,0,0,0,0,0,0,0,0,0,0,0,0,0,0,0,0,0,0,0,0,0,0,0,0,0,0,0,0
2609,FAKE_ARCHER_13_2609,Archer,Archer,13,8450,130,0,0,1,1,1,1,1,1,1,1,1,1,1,10,12,0,7,20,0x81,180,1000,500,500,0,0,0,0,0,0,0,0,0,0,0,0,0,0,0,0,0,0,0,0,0,0,0,0,0,0,0,0
2610,FAKE_ARCHER_42_2610,Archer,Archer,42,88200,420,0,0,1,1,1,1,1,1,1,1,1,1,1,10,12,0,7,20,0x81,200,1000,500,500,0,0,0,0,0,0,0,0,0,0,0,0,0,0,0,0,0,0,0,0,0,0,0,0,0,0,0,0
2611,FAKE_ARCHER_66_2611,Archer,Archer,66,217800,660,0,0,1,1,1,1,1,1,1,1,1,1,1,10,12,0,7,20,0x81,250,1000,500,500,0,0,0,0,0,0,0,0,0,0,0,0,0,0,0,0,0,0,0,0,0,0,0,0,0,0,0,0
2612,FAKE_ACOLYTE_34_2612,Acolyte,Acolyte,34,57800,340,0,0,1,1,1,1,1,1,1,1,1,1,1,10,12,0,7,20,0x81,180,1000,500,500,0,0,0,0,0,0,0,0,0,0,0,0,0,0,0,0,0,0,0,0,0,0,0,0,0,0,0,0
2613,FAKE_ACOLYTE_36_2613,Acolyte,Acolyte,36,64800,360,0,0,1,1,1,1,1,1,1,1,1,1,1,10,12,0,7,20,0x81,150,1000,500,500,0,0,0,0,0,0,0,0,0,0,0,0,0,0,0,0,0,0,0,0,0,0,0,0,0,0,0,0
2614,FAKE_ACOLYTE_73_2614,Acolyte,Acolyte,73,266450,730,0,0,1,1,1,1,1,1,1,1,1,1,1,10,12,0,7,20,0x81,250,1000,500,500,0,0,0,0,0,0,0,0,0,0,0,0,0,0,0,0,0,0,0,0,0,0,0,0,0,0,0,0
2615,FAKE_MERCHANT_19_2615,Merchant,Merchant,19,18050,190,0,0,1,1,1,1,1,1,1,1,1,1,1,10,12,0,7,20,0x81,200,1000,500,500,0,0,0,0,0,0,0,0,0,0,0,0,0,0,0,0,0,0,0,0,0,0,0,0,0,0,0,0
2616,FAKE_MERCHANT_38_2616,Merchant,Merchant,38,72200,380,0,0,1,1,1,1,1,1,1,1,1,1,1,10,12,0,7,20,0x81,150,1000,500,500,0,0,0,0,0,0,0,0,0,0,0,0,0,0,0,0,0,0,0,0,0,0,0,0,0,0,0,0
2617,FAKE_MERCHANT_65_2617,Merchant,Merchant,65,211250,650,0,0,1,1,1,1,1,1,1,1,1,1,1,10,12,0,7,20,0x81,250,1000,500,500,0,0,0,0,0,0,0,0,0,0,0,0,0,0,0,0,0,0,0,0,0,0,0,0,0,0,0,0
2618,FAKE_THIEF_31_2618,Thief,Thief,31,48050,310,0,0,1,1,1,1,1,1,1,1,1,1,1,10,12,0,7,20,0x81,150,1000,500,500,0,0,0,0,0,0,0,0,0,0,0,0,0,0,0,0,0,0,0,0,0,0,0,0,0,0,0,0
2619,FAKE_THIEF_42_2619,Thief,Thief,42,88200,420,0,0,1,1,1,1,1,1,1,1,1,1,1,10,12,0,7,20,0x81,180,1000,500,500,0,0,0,0,0,0,0,0,0,0,0,0,0,0,0,0,0,0,0,0,0,0,0,0,0,0,0,0
2620,FAKE_THIEF_74_2620,Thief,Thief,74,273800,740,0,0,1,1,1,1,1,1,1,1,1,1,1,10,12,0,7,20,0x81,250,1000,500,500,0,0,0,0,0,0,0,0,0,0,0,0,0,0,0,0,0,0,0,0,0,0,0,0,0,0,0,0
2621,FAKE_KNIGHT_57_2621,Knight,Knight,57,162450,570,0,0,1,1,1,1,1,1,1,1,1,1,1,10,12,0,7,20,0x81,250,1000,500,500,0,0,0,0,0,0,0,0,0,0,0,0,0,0,0,0,0,0,0,0,0,0,0,0,0,0,0,0
2622,FAKE_KNIGHT_68_2622,Knight,Knight,68,231200,680,0,0,1,1,1,1,1,1,1,1,1,1,1,10,12,0,7,20,0x81,150,1000,500,500,0,0,0,0,0,0,0,0,0,0,0,0,0,0,0,0,0,0,0,0,0,0,0,0,0,0,0,0
2623,FAKE_KNIGHT_93_2623,Knight,Knight,93,432450,930,0,0,1,1,1,1,1,1,1,1,1,1,1,10,12,0,7,20,0x81,150,1000,500,500,0,0,0,0,0,0,0,0,0,0,0,0,0,0,0,0,0,0,0,0,0,0,0,0,0,0,0,0
2624,FAKE_PRIEST_56_2624,Priest,Priest,56,156800,560,0,0,1,1,1,1,1,1,1,1,1,1,1,10,12,0,7,20,0x81,150,1000,500,500,0,0,0,0,0,0,0,0,0,0,0,0,0,0,0,0,0,0,0,0,0,0,0,0,0,0,0,0
2625,FAKE_PRIEST_83_2625,Priest,Priest,83,344450,830,0,0,1,1,1,1,1,1,1,1,1,1,1,10,12,0,7,20,0x81,150,1000,500,500,0,0,0,0,0,0,0,0,0,0,0,0,0,0,0,0,0,0,0,0,0,0,0,0,0,0,0,0
2626,FAKE_PRIEST_87_2626,Priest,Priest,87,378450,870,0,0,1,1,1,1,1,1,1,1,1,1,1,10,12,0,7,20,0x81,150,1000,500,500,0,0,0,0,0,0,0,0,0,0,0,0,0,0,0,0,0,0,0,0,0,0,0,0,0,0,0,0
2627,FAKE_WIZARD_54_2627,Wizard,Wizard,54,145800,540,0,0,1,1,1,1,1,1,1,1,1,1,1,10,12,0,7,20,0x81,250,1000,500,500,0,0,0,0,0,0,0,0,0,0,0,0,0,0,0,0,0,0,0,0,0,0,0,0,0,0,0,0
2628,FAKE_WIZARD_76_2628,Wizard,Wizard,76,288800,760,0,0,1,1,1,1,1,1,1,1,1,1,1,10,12,0,7,20,0x81,250,1000,500,500,0,0,0,0,0,0,0,0,0,0,0,0,0,0,0,0,0,0,0,0,0,0,0,0,0,0,0,0
2629,FAKE_WIZARD_94_2629,Wizard,Wizard,94,441800,940,0,0,1,1,1,1,1,1,1,1,1,1,1,10,12,0,7,20,0x81,180,1000,500,500,0,0,0,0,0,0,0,0,0,0,0,0,0,0,0,0,0,0,0,0,0,0,0,0,0,0,0,0
2630,FAKE_BLACKSMITH_46_2630,Blacksmith,Blacksmith,46,105800,460,0,0,1,1,1,1,1,1,1,1,1,1,1,10,12,0,7,20,0x81,180,1000,500,500,0,0,0,0,0,0,0,0,0,0,0,0,0,0,0,0,0,0,0,0,0,0,0,0,0,0,0,0
2631,FAKE_BLACKSMITH_69_2631,Blacksmith,Blacksmith,69,238050,690,0,0,1,1,1,1,1,1,1,1,1,1,1,10,12,0,7,20,0x81,200,1000,500,500,0,0,0,0,0,0,0,0,0,0,0,0,0,0,0,0,0,0,0,0,0,0,0,0,0,0,0,0
2632,FAKE_BLACKSMITH_97_2632,Blacksmith,Blacksmith,97,470450,970,0,0,1,1,1,1,1,1,1,1,1,1,1,10,12,0,7,20,0x81,150,1000,500,500,0,0,0,0,0,0,0,0,0,0,0,0,0,0,0,0,0,0,0,0,0,0,0,0,0,0,0,0
2633,FAKE_HUNTER_57_2633,Hunter,Hunter,57,162450,570,0,0,1,1,1,1,1,1,1,1,1,1,1,10,12,0,7,20,0x81,150,1000,500,500,0,0,0,0,0,0,0,0,0,0,0,0,0,0,0,0,0,0,0,0,0,0,0,0,0,0,0,0
2634,FAKE_HUNTER_78_2634,Hunter,Hunter,78,304200,780,0,0,1,1,1,1,1,1,1,1,1,1,1,10,12,0,7,20,0x81,200,1000,500,500,0,0,0,0,0,0,0,0,0,0,0,0,0,0,0,0,0,0,0,0,0,0,0,0,0,0,0,0
2635,FAKE_HUNTER_91_2635,Hunter,Hunter,91,414050,910,0,0,1,1,1,1,1,1,1,1,1,1,1,10,12,0,7,20,0x81,150,1000,500,500,0,0,0,0,0,0,0,0,0,0,0,0,0,0,0,0,0,0,0,0,0,0,0,0,0,0,0,0
2636,FAKE_ASSASSIN_65_2636,Assassin,Assassin,65,211250,650,0,0,1,1,1,1,1,1,1,1,1,1,1,10,12,0,7,20,0x81,180,1000,500,500,0,0,0,0,0,0,0,0,0,0,0,0,0,0,0,0,0,0,0,0,0,0,0,0,0,0,0,0
2637,FAKE_ASSASSIN_85_2637,Assassin,Assassin,85,361250,850,0,0,1,1,1,1,1,1,1,1,1,1,1,10,12,0,7,20,0x81,250,1000,500,500,0,0,0,0,0,0,0,0,0,0,0,0,0,0,0,0,0,0,0,0,0,0,0,0,0,0,0,0
2638,FAKE_ASSASSIN_86_2638,Assassin,Assassin,86,369800,860,0,0,1,1,1,1,1,1,1,1,1,1,1,10,12,0,7,20,0x81,250,1000,500,500,0,0,0,0,0,0,0,0,0,0,0,0,0,0,0,0,0,0,0,0,0,0,0,0,0,0,0,0
2639,FAKE_KNIGHT__PECO__61_2639,Knight (Peco),Knight (Peco),61,186050,610,0,0,1,1,1,1,1,1,1,1,1,1,1,10,12,0,7,20,0x81,200,1000,500,500,0,0,0,0,0,0,0,0,0,0,0,0,0,0,0,0,0,0,0,0,0,0,0,0,0,0,0,0
2640,FAKE_KNIGHT__PECO__67_2640,Knight (Peco),Knight (Peco),67,224450,670,0,0,1,1,1,1,1,1,1,1,1,1,1,10,12,0,7,20,0x81,180,1000,500,500,0,0,0,0,0,0,0,0,0,0,0,0,0,0,0,0,0,0,0,0,0,0,0,0,0,0,0,0
2641,FAKE_KNIGHT__PECO__99_2641,Knight (Peco),Knight (Peco),99,490050,990,0,0,1,1,1,1,1,1,1,1,1,1,1,10,12,0,7,20,0x81,180,1000,500,500,0,0,0,0,0,0,0,0,0,0,0,0,0,0,0,0,0,0,0,0,0,0,0,0,0,0,0,0
2642,FAKE_CRUSADER_55_2642,Crusader,Crusader,55,151250,550,0,0,1,1,1,1,1,1,1,1,1,1,1,10,12,0,7,20,0x81,150,1000,500,500,0,0,0,0,0,0,0,0,0,0,0,0,0,0,0,0,0,0,0,0,0,0,0,0,0,0,0,0
2643,FAKE_CRUSADER_71_2643,Crusader,Crusader,71,252050,710,0,0,1,1,1,1,1,1,1,1,1,1,1,10,12,0,7,20,0x81,150,1000,500,500,0,0,0,0,0,0,0,0,0,0,0,0,0,0,0,0,0,0,0,0,0,0,0,0,0,0,0,0
2644,FAKE_CRUSADER_88_2644,Crusader,Crusader,88,387200,880,0,0,1,1,1,1,1,1,1,1,1,1,1,10,12,0,7,20,0x81,250,1000,500,500,0,0,0,0,0,0,0,0,0,0,0,0,0,0,0,0,0,0,0,0,0,0,0,0,0,0,0,0
2645,FAKE_MONK_59_2645,Monk,Monk,59,174050,590,0,0,1,1,1,1,1,1,1,1,1,1,1,10,12,0,7,20,0x81,150,1000,500,500,0,0,0,0,0,0,0,0,0,0,0,0,0,0,0,0,0,0,0,0,0,0,0,0,0,0,0,0
2646,FAKE_MONK_81_2646,Monk,Monk,81,328050,810,0,0,1,1,1,1,1,1,1,1,1,1,1,10,12,0,7,20,0x81,250,1000,500,500,0,0,0,0,0,0,0,0,0,0,0,0,0,0,0,0,0,0,0,0,0,0,0,0,0,0,0,0
2647,FAKE_MONK_91_2647,Monk,Monk,91,414050,910,0,0,1,1,1,1,1,1,1,1,1,1,1,10,12,0,7,20,0x81,250,1000,500,500,0,0,0,0,0,0,0,0,0,0,0,0,0,0,0,0,0,0,0,0,0,0,0,0,0,0,0,0
2648,FAKE_SAGE_61_2648,Sage,Sage,61,186050,610,0,0,1,1,1,1,1,1,1,1,1,1,1,10,12,0,7,20,0x81,250,1000,500,500,0,0,0,0,0,0,0,0,0,0,0,0,0,0,0,0,0,0,0,0,0,0,0,0,0,0,0,0
2649,FAKE_SAGE_75_2649,Sage,Sage,75,281250,750,0,0,1,1,1,1,1,1,1,1,1,1,1,10,12,0,7,20,0x81,150,1000,500,500,0,0,0,0,0,0,0,0,0,0,0,0,0,0,0,0,0,0,0,0,0,0,0,0,0,0,0,0
2650,FAKE_SAGE_99_2650,Sage,Sage,99,490050,990,0,0,1,1,1,1,1,1,1,1,1,1,1,10,12,0,7,20,0x81,200,1000,500,500,0,0,0,0,0,0,0,0,0,0,0,0,0,0,0,0,0,0,0,0,0,0,0,0,0,0,0,0
2651,FAKE_ROGUE_56_2651,Rogue,Rogue,56,156800,560,0,0,1,1,1,1,1,1,1,1,1,1,1,10,12,0,7,20,0x81,180,1000,500,500,0,0,0,0,0,0,0,0,0,0,0,0,0,0,0,0,0,0,0,0,0,0,0,0,0,0,0,0
2652,FAKE_ROGUE_67_2652,Rogue,Rogue,67,224450,670,0,0,1,1,1,1,1,1,1,1,1,1,1,10,12,0,7,20,0x81,200,1000,500,500,0,0,0,0,0,0,0,0,0,0,0,0,0,0,0,0,0,0,0,0,0,0,0,0,0,0,0,0
2653,FAKE_ROGUE_99_2653,Rogue,Rogue,99,490050,990,0,0,1,1,1,1,1,1,1,1,1,1,1,10,12,0,7,20,0x81,250,1000,500,500,0,0,0,0,0,0,0,0,0,0,0,0,0,0,0,0,0,0,0,0,0,0,0,0,0,0,0,0
2654,FAKE_ALCHEMIST_46_2654,Alchemist,Alchemist,46,105800,460,0,0,1,1,1,1,1,1,1,1,1,1,1,10,12,0,7,20,0x81,180,1000,500,500,0,0,0,0,0,0,0,0,0,0,0,0,0,0,0,0,0,0,0,0,0,0,0,0,0,0,0,0
2655,FAKE_ALCHEMIST_72_2655,Alchemist,Alchemist,72,259200,720,0,0,1,1,1,1,1,1,1,1,1,1,1,10,12,0,7,20,0x81,180,1000,500,500,0,0,0,0,0,0,0,0,0,0,0,0,0,0,0,0,0,0,0,0,0,0,0,0,0,0,0,0
2656,FAKE_ALCHEMIST_98_2656,Alchemist,Alchemist,98,480200,980,0,0,1,1,1,1,1,1,1,1,1,1,1,10,12,0,7,20,0x81,180,1000,500,500,0,0,0,0,0,0,0,0,0,0,0,0,0,0,0,0,0,0,0,0,0,0,0,0,0,0,0,0
2657,FAKE_BARD_55_2657,Bard,Bard,55,151250,550,0,0,1,1,1,1,1,1,1,1,1,1,1,10,12,0,7,20,0x81,250,1000,500,500,0,0,0,0,0,0,0,0,0,0,0,0,0,0,0,0,0,0,0,0,0,0,0,0,0,0,0,0
2658,FAKE_BARD_76_2658,Bard,Bard,76,288800,760,0,0,1,1,1,1,1,1,1,1,1,1,1,10,12,0,7,20,0x81,200,1000,500,500,0,0,0,0,0,0,0,0,0,0,0,0,0,0,0,0,0,0,0,0,0,0,0,0,0,0,0,0
2659,FAKE_BARD_90_2659,Bard,Bard,90,405000,900,0,0,1,1,1,1,1,1,1,1,1,1,1,10,12,0,7,20,0x81,250,1000,500,500,0,0,0,0,0,0,0,0,0,0,0,0,0,0,0,0,0,0,0,0,0,0,0,0,0,0,0,0
2660,FAKE_DANCER_58_2660,Dancer,Dancer,58,168200,580,0,0,1,1,1,1,1,1,1,1,1,1,1,10,12,0,7,20,0x81,200,1000,500,500,0,0,0,0,0,0,0,0,0,0,0,0,0,0,0,0,0,0,0,0,0,0,0,0,0,0,0,0
2661,FAKE_DANCER_71_2661,Dancer,Dancer,71,252050,710,0,0,1,1,1,1,1,1,1,1,1,1,1,10,12,0,7,20,0x81,150,1000,500,500,0,0,0,0,0,0,0,0,0,0,0,0,0,0,0,0,0,0,0,0,0,0,0,0,0,0,0,0
2662,FAKE_DANCER_96_2662,Dancer,Dancer,96,460800,960,0,0,1,1,1,1,1,1,1,1,1,1,1,10,12,0,7,20,0x81,200,1000,500,500,0,0,0,0,0,0,0,0,0,0,0,0,0,0,0,0,0,0,0,0,0,0,0,0,0,0,0,0
2663,FAKE_CRUSADER__PECO___2663,Crusader (Peco),Crusader (Peco),65,211250,650,0,0,1,1,1,1,1,1,1,1,1,1,1,10,12,0,7,20,0x81,150,1000,500,500,0,0,0,0,0,0,0,0,0,0,0,0,0,0,0,0,0,0,0,0,0,0,0,0,0,0,0,0
2664,FAKE_CRUSADER__PECO___2664,Crusader (Peco),Crusader (Peco),66,217800,660,0,0,1,1,1,1,1,1,1,1,1,1,1,10,12,0,7,20,0x81,180,1000,500,500,0,0,0,0,0,0,0,0,0,0,0,0,0,0,0,0,0,0,0,0,0,0,0,0,0,0,0,0
2665,FAKE_CRUSADER__PECO___2665,Crusader (Peco),Crusader (Peco),97,470450,970,0,0,1,1,1,1,1,1,1,1,1,1,1,10,12,0,7,20,0x81,180,1000,500,500,0,0,0,0,0,0,0,0,0,0,0,0,0,0,0,0,0,0,0,0,0,0,0,0,0,0,0,0
2666,FAKE_WEDDING_28_2666,Wedding,Wedding,28,39200,280,0,0,1,1,1,1,1,1,1,1,1,1,1,10,12,0,7,20,0x81,180,1000,500,500,0,0,0,0,0,0,0,0,0,0,0,0,0,0,0,0,0,0,0,0,0,0,0,0,0,0,0,0
2667,FAKE_WEDDING_61_2667,Wedding,Wedding,61,186050,610,0,0,1,1,1,1,1,1,1,1,1,1,1,10,12,0,7,20,0x81,250,1000,500,500,0,0,0,0,0,0,0,0,0,0,0,0,0,0,0,0,0,0,0,0,0,0,0,0,0,0,0,0
2668,FAKE_WEDDING_89_2668,Wedding,Wedding,89,396050,890,0,0,1,1,1,1,1,1,1,1,1,1,1,10,12,0,7,20,0x81,180,1000,500,500,0,0,0,0,0,0,0,0,0,0,0,0,0,0,0,0,0,0,0,0,0,0,0,0,0,0,0,0
2669,FAKE_SUPER_NOVICE_7_2669,Super Novice,Super Novice,7,5000,70,0,0,1,1,1,1,1,1,1,1,1,1,1,10,12,0,7,20,0x81,250,1000,500,500,0,0,0,0,0,0,0,0,0,0,0,0,0,0,0,0,0,0,0,0,0,0,0,0,0,0,0,0
2670,FAKE_SUPER_NOVICE_22_2670,Super Novice,Super Novice,22,24200,220,0,0,1,1,1,1,1,1,1,1,1,1,1,10,12,0,7,20,0x81,200,1000,500,500,0,0,0,0,0,0,0,0,0,0,0,0,0,0,0,0,0,0,0,0,0,0,0,0,0,0,0,0
2671,FAKE_SUPER_NOVICE_36_2671,Super Novice,Super Novice,36,64800,360,0,0,1,1,1,1,1,1,1,1,1,1,1,10,12,0,7,20,0x81,150,1000,500,500,0,0,0,0,0,0,0,0,0,0,0,0,0,0,0,0,0,0,0,0,0,0,0,0,0,0,0,0
2672,FAKE_GUNSLINGER_53_2672,Gunslinger,Gunslinger,53,140450,530,0,0,1,1,1,1,1,1,1,1,1,1,1,10,12,0,7,20,0x81,180,1000,500,500,0,0,0,0,0,0,0,0,0,0,0,0,0,0,0,0,0,0,0,0,0,0,0,0,0,0,0,0
2673,FAKE_GUNSLINGER_78_2673,Gunslinger,Gunslinger,78,304200,780,0,0,1,1,1,1,1,1,1,1,1,1,1,10,12,0,7,20,0x81,150,1000,500,500,0,0,0,0,0,0,0,0,0,0,0,0,0,0,0,0,0,0,0,0,0,0,0,0,0,0,0,0
2674,FAKE_GUNSLINGER_98_2674,Gunslinger,Gunslinger,98,480200,980,0,0,1,1,1,1,1,1,1,1,1,1,1,10,12,0,7,20,0x81,250,1000,500,500,0,0,0,0,0,0,0,0,0,0,0,0,0,0,0,0,0,0,0,0,0,0,0,0,0,0,0,0
2675,FAKE_NINJA_46_2675,Ninja,Ninja,46,105800,460,0,0,1,1,1,1,1,1,1,1,1,1,1,10,12,0,7,20,0x81,200,1000,500,500,0,0,0,0,0,0,0,0,0,0,0,0,0,0,0,0,0,0,0,0,0,0,0,0,0,0,0,0
2676,FAKE_NINJA_85_2676,Ninja,Ninja,85,361250,850,0,0,1,1,1,1,1,1,1,1,1,1,1,10,12,0,7,20,0x81,180,1000,500,500,0,0,0,0,0,0,0,0,0,0,0,0,0,0,0,0,0,0,0,0,0,0,0,0,0,0,0,0
2677,FAKE_NINJA_99_2677,Ninja,Ninja,99,490050,990,0,0,1,1,1,1,1,1,1,1,1,1,1,10,12,0,7,20,0x81,150,1000,500,500,0,0,0,0,0,0,0,0,0,0,0,0,0,0,0,0,0,0,0,0,0,0,0,0,0,0,0,0
2678,FAKE_NOVICE_HIGH_6_2678,Novice High,Novice High,6,5000,60,0,0,1,1,1,1,1,1,1,1,1,1,1,10,12,0,7,20,0x81,200,1000,500,500,0,0,0,0,0,0,0,0,0,0,0,0,0,0,0,0,0,0,0,0,0,0,0,0,0,0,0,0
2679,FAKE_NOVICE_HIGH_20_2679,Novice High,Novice High,20,20000,200,0,0,1,1,1,1,1,1,1,1,1,1,1,10,12,0,7,20,0x81,250,1000,500,500,0,0,0,0,0,0,0,0,0,0,0,0,0,0,0,0,0,0,0,0,0,0,0,0,0,0,0,0
2680,FAKE_NOVICE_HIGH_62_2680,Novice High,Novice High,62,192200,620,0,0,1,1,1,1,1,1,1,1,1,1,1,10,12,0,7,20,0x81,250,1000,500,500,0,0,0,0,0,0,0,0,0,0,0,0,0,0,0,0,0,0,0,0,0,0,0,0,0,0,0,0
2681,FAKE_SWORDMAN_HIGH_14_2681,Swordman High,Swordman High,14,9800,140,0,0,1,1,1,1,1,1,1,1,1,1,1,10,12,0,7,20,0x81,250,1000,500,500,0,0,0,0,0,0,0,0,0,0,0,0,0,0,0,0,0,0,0,0,0,0,0,0,0,0,0,0
2682,FAKE_SWORDMAN_HIGH_55_2682,Swordman High,Swordman High,55,151250,550,0,0,1,1,1,1,1,1,1,1,1,1,1,10,12,0,7,20,0x81,200,1000,500,500,0,0,0,0,0,0,0,0,0,0,0,0,0,0,0,0,0,0,0,0,0,0,0,0,0,0,0,0
2683,FAKE_SWORDMAN_HIGH_61_2683,Swordman High,Swordman High,61,186050,610,0,0,1,1,1,1,1,1,1,1,1,1,1,10,12,0,7,20,0x81,150,1000,500,500,0,0,0,0,0,0,0,0,0,0,0,0,0,0,0,0,0,0,0,0,0,0,0,0,0,0,0,0
2684,FAKE_MAGICIAN_HIGH_14_2684,Magician High,Magician High,14,9800,140,0,0,1,1,1,1,1,1,1,1,1,1,1,10,12,0,7,20,0x81,180,1000,500,500,0,0,0,0,0,0,0,0,0,0,0,0,0,0,0,0,0,0,0,0,0,0,0,0,0,0,0,0
2685,FAKE_MAGICIAN_HIGH_50_2685,Magician High,Magician High,50,125000,500,0,0,1,1,1,1,1,1,1,1,1,1,1,10,12,0,7,20,0x81,200,1000,500,500,0,0,0,0,0,0,0,0,0,0,0,0,0,0,0,0,0,0,0,0,0,0,0,0,0,0,0,0
2686,FAKE_MAGICIAN_HIGH_61_2686,Magician High,Magician High,61,186050,610,0,0,1,1,1,1,1,1,1,1,1,1,1,10,12,0,7,20,0x81,150,1000,500,500,0,0,0,0,0,0,0,0,0,0,0,0,0,0,0,0,0,0,0,0,0,0,0,0,0,0,0,0
2687,FAKE_ARCHER_HIGH_21_2687,Archer High,Archer High,21,22050,210,0,0,1,1,1,1,1,1,1,1,1,1,1,10,12,0,7,20,0x81,250,1000,500,500,0,0,0,0,0,0,0,0,0,0,0,0,0,0,0,0,0,0,0,0,0,0,0,0,0,0,0,0
2688,FAKE_ARCHER_HIGH_52_2688,Archer High,Archer High,52,135200,520,0,0,1,1,1,1,1,1,1,1,1,1,1,10,12,0,7,20,0x81,150,1000,500,500,0,0,0,0,0,0,0,0,0,0,0,0,0,0,0,0,0,0,0,0,0,0,0,0,0,0,0,0
2689,FAKE_ARCHER_HIGH_66_2689,Archer High,Archer High,66,217800,660,0,0,1,1,1,1,1,1,1,1,1,1,1,10,12,0,7,20,0x81,200,1000,500,500,0,0,0,0,0,0,0,0,0,0,0,0,0,0,0,0,0,0,0,0,0,0,0,0,0,0,0,0
2690,FAKE_ACOLYTE_HIGH_26_2690,Acolyte High,Acolyte High,26,33800,260,0,0,1,1,1,1,1,1,1,1,1,1,1,10,12,0,7,20,0x81,250,1000,500,500,0,0,0,0,0,0,0,0,0,0,0,0,0,0,0,0,0,0,0,0,0,0,0,0,0,0,0,0
2691,FAKE_ACOLYTE_HIGH_51_2691,Acolyte High,Acolyte High,51,130050,510,0,0,1,1,1,1,1,1,1,1,1,1,1,10,12,0,7,20,0x81,250,1000,500,500,0,0,0,0,0,0,0,0,0,0,0,0,0,0,0,0,0,0,0,0,0,0,0,0,0,0,0,0
2692,FAKE_ACOLYTE_HIGH_68_2692,Acolyte High,Acolyte High,68,231200,680,0,0,1,1,1,1,1,1,1,1,1,1,1,10,12,0,7,20,0x81,180,1000,500,500,0,0,0,0,0,0,0,0,0,0,0,0,0,0,0,0,0,0,0,0,0,0,0,0,0,0,0,0
2693,FAKE_MERCHANT_HIGH_19_2693,Merchant High,Merchant High,19,18050,190,0,0,1,1,1,1,1,1,1,1,1,1,1,10,12,0,7,20,0x81,180,1000,500,500,0,0,0,0,0,0,0,0,0,0,0,0,0,0,0,0,0,0,0,0,0,0,0,0,0,0,0,0
2694,FAKE_MERCHANT_HIGH_55_2694,Merchant High,Merchant High,55,151250,550,0,0,1,1,1,1,1,1,1,1,1,1,1,10,12,0,7,20,0x81,180,1000,500,500,0,0,0,0,0,0,0,0,0,0,0,0,0,0,0,0,0,0,0,0,0,0,0,0,0,0,0,0
2695,FAKE_MERCHANT_HIGH_60_2695,Merchant High,Merchant High,60,180000,600,0,0,1,1,1,1,1,1,1,1,1,1,1,10,12,0,7,20,0x81,200,1000,500,500,0,0,0,0,0,0,0,0,0,0,0,0,0,0,0,0,0,0,0,0,0,0,0,0,0,0,0,0
2696,FAKE_THIEF_HIGH_30_2696,Thief High,Thief High,30,45000,300,0,0,1,1,1,1,1,1,1,1,1,1,1,10,12,0,7,20,0x81,180,1000,500,500,0,0,0,0,0,0,0,0,0,0,0,0,0,0,0,0,0,0,0,0,0,0,0,0,0,0,0,0
2697,FAKE_THIEF_HIGH_45_2697,Thief High,Thief High,45,101250,450,0,0,1,1,1,1,1,1,1,1,1,1,1,10,12,0,7,20,0x81,150,1000,500,500,0,0,0,0,0,0,0,0,0,0,0,0,0,0,0,0,0,0,0,0,0,0,0,0,0,0,0,0
2698,FAKE_THIEF_HIGH_58_2698,Thief High,Thief High,58,168200,580,0,0,1,1,1,1,1,1,1,1,1,1,1,10,12,0,7,20,0x81,200,1000,500,500,0,0,0,0,0,0,0,0,0,0,0,0,0,0,0,0,0,0,0,0,0,0,0,0,0,0,0,0
2699,FAKE_LORD_KNIGHT_82_2699,Lord Knight,Lord Knight,82,336200,820,0,0,1,1,1,1,1,1,1,1,1,1,1,10,12,0,7,20,0x81,200,1000,500,500,0,0,0,0,0,0,0,0,0,0,0,0,0,0,0,0,0,0,0,0,0,0,0,0,0,0,0,0
2700,FAKE_LORD_KNIGHT_92_2700,Lord Knight,Lord Knight,92,423200,920,0,0,1,1,1,1,1,1,1,1,1,1,1,10,12,0,7,20,0x81,200,1000,500,500,0,0,0,0,0,0,0,0,0,0,0,0,0,0,0,0,0,0,0,0,0,0,0,0,0,0,0,0
2701,FAKE_LORD_KNIGHT_98_2701,Lord Knight,Lord Knight,98,480200,980,0,0,1,1,1,1,1,1,1,1,1,1,1,10,12,0,7,20,0x81,180,1000,500,500,0,0,0,0,0,0,0,0,0,0,0,0,0,0,0,0,0,0,0,0,0,0,0,0,0,0,0,0
2702,FAKE_HIGH_PRIEST_71_2702,High Priest,High Priest,71,252050,710,0,0,1,1,1,1,1,1,1,1,1,1,1,10,12,0,7,20,0x81,150,1000,500,500,0,0,0,0,0,0,0,0,0,0,0,0,0,0,0,0,0,0,0,0,0,0,0,0,0,0,0,0
2703,FAKE_HIGH_PRIEST_95_2703,High Priest,High Priest,95,451250,950,0,0,1,1,1,1,1,1,1,1,1,1,1,10,12,0,7,20,0x81,180,1000,500,500,0,0,0,0,0,0,0,0,0,0,0,0,0,0,0,0,0,0,0,0,0,0,0,0,0,0,0,0
2704,FAKE_HIGH_PRIEST_98_2704,High Priest,High Priest,98,480200,980,0,0,1,1,1,1,1,1,1,1,1,1,1,10,12,0,7,20,0x81,200,1000,500,500,0,0,0,0,0,0,0,0,0,0,0,0,0,0,0,0,0,0,0,0,0,0,0,0,0,0,0,0
2705,FAKE_HIGH_WIZARD_73_2705,High Wizard,High Wizard,73,266450,730,0,0,1,1,1,1,1,1,1,1,1,1,1,10,12,0,7,20,0x81,200,1000,500,500,0,0,0,0,0,0,0,0,0,0,0,0,0,0,0,0,0,0,0,0,0,0,0,0,0,0,0,0
2706,FAKE_HIGH_WIZARD_93_2706,High Wizard,High Wizard,93,432450,930,0,0,1,1,1,1,1,1,1,1,1,1,1,10,12,0,7,20,0x81,250,1000,500,500,0,0,0,0,0,0,0,0,0,0,0,0,0,0,0,0,0,0,0,0,0,0,0,0,0,0,0,0
2707,FAKE_HIGH_WIZARD_97_2707,High Wizard,High Wizard,97,470450,970,0,0,1,1,1,1,1,1,1,1,1,1,1,10,12,0,7,20,0x81,180,1000,500,500,0,0,0,0,0,0,0,0,0,0,0,0,0,0,0,0,0,0,0,0,0,0,0,0,0,0,0,0
2708,FAKE_WHITESMITH_70_2708,Whitesmith,Whitesmith,70,245000,700,0,0,1,1,1,1,1,1,1,1,1,1,1,10,12,0,7,20,0x81,200,1000,500,500,0,0,0,0,0,0,0,0,0,0,0,0,0,0,0,0,0,0,0,0,0,0,0,0,0,0,0,0
2709,FAKE_WHITESMITH_91_2709,Whitesmith,Whitesmith,91,414050,910,0,0,1,1,1,1,1,1,1,1,1,1,1,10,12,0,7,20,0x81,150,1000,500,500,0,0,0,0,0,0,0,0,0,0,0,0,0,0,0,0,0,0,0,0,0,0,0,0,0,0,0,0
2710,FAKE_WHITESMITH_99_2710,Whitesmith,Whitesmith,99,490050,990,0,0,1,1,1,1,1,1,1,1,1,1,1,10,12,0,7,20,0x81,250,1000,500,500,0,0,0,0,0,0,0,0,0,0,0,0,0,0,0,0,0,0,0,0,0,0,0,0,0,0,0,0
2711,FAKE_SNIPER_77_2711,Sniper,Sniper,77,296450,770,0,0,1,1,1,1,1,1,1,1,1,1,1,10,12,0,7,20,0x81,180,1000,500,500,0,0,0,0,0,0,0,0,0,0,0,0,0,0,0,0,0,0,0,0,0,0,0,0,0,0,0,0
2712,FAKE_SNIPER_91_2712,Sniper,Sniper,91,414050,910,0,0,1,1,1,1,1,1,1,1,1,1,1,10,12,0,7,20,0x81,150,1000,500,500,0,0,0,0,0,0,0,0,0,0,0,0,0,0,0,0,0,0,0,0,0,0,0,0,0,0,0,0
2713,FAKE_SNIPER_98_2713,Sniper,Sniper,98,480200,980,0,0,1,1,1,1,1,1,1,1,1,1,1,10,12,0,7,20,0x81,150,1000,500,500,0,0,0,0,0,0,0,0,0,0,0,0,0,0,0,0,0,0,0,0,0,0,0,0,0,0,0,0
2714,FAKE_ASSASSIN_CROSS_8_2714,Assassin Cross,Assassin Cross,81,328050,810,0,0,1,1,1,1,1,1,1,1,1,1,1,10,12,0,7,20,0x81,180,1000,500,500,0,0,0,0,0,0,0,0,0,0,0,0,0,0,0,0,0,0,0,0,0,0,0,0,0,0,0,0
2715,FAKE_ASSASSIN_CROSS_9_2715,Assassin Cross,Assassin Cross,93,432450,930,0,0,1,1,1,1,1,1,1,1,1,1,1,10,12,0,7,20,0x81,250,1000,500,500,0,0,0,0,0,0,0,0,0,0,0,0,0,0,0,0,0,0,0,0,0,0,0,0,0,0,0,0
2716,FAKE_ASSASSIN_CROSS_9_2716,Assassin Cross,Assassin Cross,96,460800,960,0,0,1,1,1,1,1,1,1,1,1,1,1,10,12,0,7,20,0x81,150,1000,500,500,0,0,0,0,0,0,0,0,0,0,0,0,0,0,0,0,0,0,0,0,0,0,0,0,0,0,0,0
2717,FAKE_LORD_KNIGHT__PEC_2717,Lord Knight (Peco),Lord Knight (Peco),70,245000,700,0,0,1,1,1,1,1,1,1,1,1,1,1,10,12,0,7,20,0x81,180,1000,500,500,0,0,0,0,0,0,0,0,0,0,0,0,0,0,0,0,0,0,0,0,0,0,0,0,0,0,0,0
2718,FAKE_LORD_KNIGHT__PEC_2718,Lord Knight (Peco),Lord Knight (Peco),95,451250,950,0,0,1,1,1,1,1,1,1,1,1,1,1,10,12,0,7,20,0x81,200,1000,500,500,0,0,0,0,0,0,0,0,0,0,0,0,0,0,0,0,0,0,0,0,0,0,0,0,0,0,0,0
2719,FAKE_LORD_KNIGHT__PEC_2719,Lord Knight (Peco),Lord Knight (Peco),97,470450,970,0,0,1,1,1,1,1,1,1,1,1,1,1,10,12,0,7,20,0x81,250,1000,500,500,0,0,0,0,0,0,0,0,0,0,0,0,0,0,0,0,0,0,0,0,0,0,0,0,0,0,0,0
2720,FAKE_PALADIN_80_2720,Paladin,Paladin,80,320000,800,0,0,1,1,1,1,1,1,1,1,1,1,1,10,12,0,7,20,0x81,250,1000,500,500,0,0,0,0,0,0,0,0,0,0,0,0,0,0,0,0,0,0,0,0,0,0,0,0,0,0,0,0
2721,FAKE_PALADIN_93_2721,Paladin,Paladin,93,432450,930,0,0,1,1,1,1,1,1,1,1,1,1,1,10,12,0,7,20,0x81,150,1000,500,500,0,0,0,0,0,0,0,0,0,0,0,0,0,0,0,0,0,0,0,0,0,0,0,0,0,0,0,0
2722,FAKE_PALADIN_98_2722,Paladin,Paladin,98,480200,980,0,0,1,1,1,1,1,1,1,1,1,1,1,10,12,0,7,20,0x81,200,1000,500,500,0,0,0,0,0,0,0,0,0,0,0,0,0,0,0,0,0,0,0,0,0,0,0,0,0,0,0,0
2723,FAKE_CHAMPION_72_2723,Champion,Champion,72,259200,720,0,0,1,1,1,1,1,1,1,1,1,1,1,10,12,0,7,20,0x81,250,1000,500,500,0,0,0,0,0,0,0,0,0,0,0,0,0,0,0,0,0,0,0,0,0,0,0,0,0,0,0,0
2724,FAKE_CHAMPION_93_2724,Champion,Champion,93,432450,930,0,0,1,1,1,1,1,1,1,1,1,1,1,10,12,0,7,20,0x81,200,1000,500,500,0,0,0,0,0,0,0,0,0,0,0,0,0,0,0,0,0,0,0,0,0,0,0,0,0,0,0,0
2725,FAKE_CHAMPION_96_2725,Champion,Champion,96,460800,960,0,0,1,1,1,1,1,1,1,1,1,1,1,10,12,0,7,20,0x81,250,1000,500,500,0,0,0,0,0,0,0,0,0,0,0,0,0,0,0,0,0,0,0,0,0,0,0,0,0,0,0,0
2726,FAKE_PROFESSOR_70_2726,Professor,Professor,70,245000,700,0,0,1,1,1,1,1,1,1,1,1,1,1,10,12,0,7,20,0x81,250,1000,500,500,0,0,0,0,0,0,0,0,0,0,0,0,0,0,0,0,0,0,0,0,0,0,0,0,0,0,0,0
2727,FAKE_PROFESSOR_89_2727,Professor,Professor,89,396050,890,0,0,1,1,1,1,1,1,1,1,1,1,1,10,12,0,7,20,0x81,250,1000,500,500,0,0,0,0,0,0,0,0,0,0,0,0,0,0,0,0,0,0,0,0,0,0,0,0,0,0,0,0
2728,FAKE_PROFESSOR_99_2728,Professor,Professor,99,490050,990,0,0,1,1,1,1,1,1,1,1,1,1,1,10,12,0,7,20,0x81,250,1000,500,500,0,0,0,0,0,0,0,0,0,0,0,0,0,0,0,0,0,0,0,0,0,0,0,0,0,0,0,0
2729,FAKE_STALKER_73_2729,Stalker,Stalker,73,266450,730,0,0,1,1,1,1,1,1,1,1,1,1,1,10,12,0,7,20,0x81,250,1000,500,500,0,0,0,0,0,0,0,0,0,0,0,0,0,0,0,0,0,0,0,0,0,0,0,0,0,0,0,0
2730,FAKE_STALKER_92_2730,Stalker,Stalker,92,423200,920,0,0,1,1,1,1,1,1,1,1,1,1,1,10,12,0,7,20,0x81,150,1000,500,500,0,0,0,0,0,0,0,0,0,0,0,0,0,0,0,0,0,0,0,0,0,0,0,0,0,0,0,0
2731,FAKE_STALKER_97_2731,Stalker,Stalker,97,470450,970,0,0,1,1,1,1,1,1,1,1,1,1,1,10,12,0,7,20,0x81,180,1000,500,500,0,0,0,0,0,0,0,0,0,0,0,0,0,0,0,0,0,0,0,0,0,0,0,0,0,0,0,0
2732,FAKE_CREATOR_81_2732,Creator,Creator,81,328050,810,0,0,1,1,1,1,1,1,1,1,1,1,1,10,12,0,7,20,0x81,250,1000,500,500,0,0,0,0,0,0,0,0,0,0,0,0,0,0,0,0,0,0,0,0,0,0,0,0,0,0,0,0
2733,FAKE_CREATOR_90_2733,Creator,Creator,90,405000,900,0,0,1,1,1,1,1,1,1,1,1,1,1,10,12,0,7,20,0x81,250,1000,500,500,0,0,0,0,0,0,0,0,0,0,0,0,0,0,0,0,0,0,0,0,0,0,0,0,0,0,0,0
2734,FAKE_CREATOR_99_2734,Creator,Creator,99,490050,990,0,0,1,1,1,1,1,1,1,1,1,1,1,10,12,0,7,20,0x81,250,1000,500,500,0,0,0,0,0,0,0,0,0,0,0,0,0,0,0,0,0,0,0,0,0,0,0,0,0,0,0,0
2735,FAKE_CLOWN_74_2735,Clown,Clown,74,273800,740,0,0,1,1,1,1,1,1,1,1,1,1,1,10,12,0,7,20,0x81,200,1000,500,500,0,0,0,0,0,0,0,0,0,0,0,0,0,0,0,0,0,0,0,0,0,0,0,0,0,0,0,0
2736,FAKE_CLOWN_87_2736,Clown,Clown,87,378450,870,0,0,1,1,1,1,1,1,1,1,1,1,1,10,12,0,7,20,0x81,150,1000,500,500,0,0,0,0,0,0,0,0,0,0,0,0,0,0,0,0,0,0,0,0,0,0,0,0,0,0,0,0
2737,FAKE_CLOWN_99_2737,Clown,Clown,99,490050,990,0,0,1,1,1,1,1,1,1,1,1,1,1,10,12,0,7,20,0x81,250,1000,500,500,0,0,0,0,0,0,0,0,0,0,0,0,0,0,0,0,0,0,0,0,0,0,0,0,0,0,0,0
2738,FAKE_GYPSY_83_2738,Gypsy,Gypsy,83,344450,830,0,0,1,1,1,1,1,1,1,1,1,1,1,10,12,0,7,20,0x81,200,1000,500,500,0,0,0,0,0,0,0,0,0,0,0,0,0,0,0,0,0,0,0,0,0,0,0,0,0,0,0,0
2739,FAKE_GYPSY_94_2739,Gypsy,Gypsy,94,441800,940,0,0,1,1,1,1,1,1,1,1,1,1,1,10,12,0,7,20,0x81,180,1000,500,500,0,0,0,0,0,0,0,0,0,0,0,0,0,0,0,0,0,0,0,0,0,0,0,0,0,0,0,0
2740,FAKE_GYPSY_97_2740,Gypsy,Gypsy,97,470450,970,0,0,1,1,1,1,1,1,1,1,1,1,1,10,12,0,7,20,0x81,250,1000,500,500,0,0,0,0,0,0,0,0,0,0,0,0,0,0,0,0,0,0,0,0,0,0,0,0,0,0,0,0
2741,FAKE_PALADIN__PECO__7_2741,Paladin (Peco),Paladin (Peco),78,304200,780,0,0,1,1,1,1,1,1,1,1,1,1,1,10,12,0,7,20,0x81,200,1000,500,500,0,0,0,0,0,0,0,0,0,0,0,0,0,0,0,0,0,0,0,0,0,0,0,0,0,0,0,0
2742,FAKE_PALADIN__PECO__8_2742,Paladin (Peco),Paladin (Peco),87,378450,870,0,0,1,1,1,1,1,1,1,1,1,1,1,10,12,0,7,20,0x81,200,1000,500,500,0,0,0,0,0,0,0,0,0,0,0,0,0,0,0,0,0,0,0,0,0,0,0,0,0,0,0,0
2743,FAKE_PALADIN__PECO__9_2743,Paladin (Peco),Paladin (Peco),99,490050,990,0,0,1,1,1,1,1,1,1,1,1,1,1,10,12,0,7,20,0x81,250,1000,500,500,0,0,0,0,0,0,0,0,0,0,0,0,0,0,0,0,0,0,0,0,0,0,0,0,0,0,0,0
2744,FAKE_BABY_NOVICE_1_2744,Baby Novice,Baby Novice,1,5000,10,0,0,1,1,1,1,1,1,1,1,1,1,1,10,12,0,7,20,0x81,180,1000,500,500,0,0,0,0,0,0,0,0,0,0,0,0,0,0,0,0,0,0,0,0,0,0,0,0,0,0,0,0
2745,FAKE_BABY_NOVICE_35_2745,Baby Novice,Baby Novice,35,61250,350,0,0,1,1,1,1,1,1,1,1,1,1,1,10,12,0,7,20,0x81,150,1000,500,500,0,0,0,0,0,0,0,0,0,0,0,0,0,0,0,0,0,0,0,0,0,0,0,0,0,0,0,0
2746,FAKE_BABY_NOVICE_55_2746,Baby Novice,Baby Novice,55,151250,550,0,0,1,1,1,1,1,1,1,1,1,1,1,10,12,0,7,20,0x81,180,1000,500,500,0,0,0,0,0,0,0,0,0,0,0,0,0,0,0,0,0,0,0,0,0,0,0,0,0,0,0,0
2747,FAKE_BABY_SWORDMAN_29_2747,Baby Swordman,Baby Swordman,29,42050,290,0,0,1,1,1,1,1,1,1,1,1,1,1,10,12,0,7,20,0x81,250,1000,500,500,0,0,0,0,0,0,0,0,0,0,0,0,0,0,0,0,0,0,0,0,0,0,0,0,0,0,0,0
2748,FAKE_BABY_SWORDMAN_54_2748,Baby Swordman,Baby Swordman,54,145800,540,0,0,1,1,1,1,1,1,1,1,1,1,1,10,12,0,7,20,0x81,200,1000,500,500,0,0,0,0,0,0,0,0,0,0,0,0,0,0,0,0,0,0,0,0,0,0,0,0,0,0,0,0
2749,FAKE_BABY_SWORDMAN_69_2749,Baby Swordman,Baby Swordman,69,238050,690,0,0,1,1,1,1,1,1,1,1,1,1,1,10,12,0,7,20,0x81,180,1000,500,500,0,0,0,0,0,0,0,0,0,0,0,0,0,0,0,0,0,0,0,0,0,0,0,0,0,0,0,0
2750,FAKE_BABY_MAGICIAN_12_2750,Baby Magician,Baby Magician,12,7200,120,0,0,1,1,1,1,1,1,1,1,1,1,1,10,12,0,7,20,0x81,250,1000,500,500,0,0,0,0,0,0,0,0,0,0,0,0,0,0,0,0,0,0,0,0,0,0,0,0,0,0,0,0
2751,FAKE_BABY_MAGICIAN_56_2751,Baby Magician,Baby Magician,56,156800,560,0,0,1,1,1,1,1,1,1,1,1,1,1,10,12,0,7,20,0x81,150,1000,500,500,0,0,0,0,0,0,0,0,0,0,0,0,0,0,0,0,0,0,0,0,0,0,0,0,0,0,0,0
2752,FAKE_BABY_MAGICIAN_70_2752,Baby Magician,Baby Magician,70,245000,700,0,0,1,1,1,1,1,1,1,1,1,1,1,10,12,0,7,20,0x81,200,1000,500,500,0,0,0,0,0,0,0,0,0,0,0,0,0,0,0,0,0,0,0,0,0,0,0,0,0,0,0,0
2753,FAKE_BABY_ARCHER_32_2753,Baby Archer,Baby Archer,32,51200,320,0,0,1,1,1,1,1,1,1,1,1,1,1,10,12,0,7,20,0x81,250,1000,500,500,0,0,0,0,0,0,0,0,0,0,0,0,0,0,0,0,0,0,0,0,0,0,0,0,0,0,0,0
2754,FAKE_BABY_ARCHER_59_2754,Baby Archer,Baby Archer,59,174050,590,0,0,1,1,1,1,1,1,1,1,1,1,1,10,12,0,7,20,0x81,250,1000,500,500,0,0,0,0,0,0,0,0,0,0,0,0,0,0,0,0,0,0,0,0,0,0,0,0,0,0,0,0
2755,FAKE_BABY_ARCHER_87_2755,Baby Archer,Baby Archer,87,378450,870,0,0,1,1,1,1,1,1,1,1,1,1,1,10,12,0,7,20,0x81,150,1000,500,500,0,0,0,0,0,0,0,0,0,0,0,0,0,0,0,0,0,0,0,0,0,0,0,0,0,0,0,0
2756,FAKE_BABY_ACOLYTE_28_2756,Baby Acolyte,Baby Acolyte,28,39200,280,0,0,1,1,1,1,1,1,1,1,1,1,1,10,12,0,7,20,0x81,250,1000,500,500,0,0,0,0,0,0,0,0,0,0,0,0,0,0,0,0,0,0,0,0,0,0,0,0,0,0,0,0
2757,FAKE_BABY_ACOLYTE_43_2757,Baby Acolyte,Baby Acolyte,43,92450,430,0,0,1,1,1,1,1,1,1,1,1,1,1,10,12,0,7,20,0x81,250,1000,500,500,0,0,0,0,0,0,0,0,0,0,0,0,0,0,0,0,0,0,0,0,0,0,0,0,0,0,0,0
2758,FAKE_BABY_ACOLYTE_88_2758,Baby Acolyte,Baby Acolyte,88,387200,880,0,0,1,1,1,1,1,1,1,1,1,1,1,10,12,0,7,20,0x81,200,1000,500,500,0,0,0,0,0,0,0,0,0,0,0,0,0,0,0,0,0,0,0,0,0,0,0,0,0,0,0,0
2759,FAKE_BABY_MERCHANT_15_2759,Baby Merchant,Baby Merchant,15,11250,150,0,0,1,1,1,1,1,1,1,1,1,1,1,10,12,0,7,20,0x81,250,1000,500,500,0,0,0,0,0,0,0,0,0,0,0,0,0,0,0,0,0,0,0,0,0,0,0,0,0,0,0,0
2760,FAKE_BABY_MERCHANT_58_2760,Baby Merchant,Baby Merchant,58,168200,580,0,0,1,1,1,1,1,1,1,1,1,1,1,10,12,0,7,20,0x81,180,1000,500,500,0,0,0,0,0,0,0,0,0,0,0,0,0,0,0,0,0,0,0,0,0,0,0,0,0,0,0,0
2761,FAKE_BABY_MERCHANT_70_2761,Baby Merchant,Baby Merchant,70,245000,700,0,0,1,1,1,1,1,1,1,1,1,1,1,10,12,0,7,20,0x81,250,1000,500,500,0,0,0,0,0,0,0,0,0,0,0,0,0,0,0,0,0,0,0,0,0,0,0,0,0,0,0,0
2762,FAKE_BABY_THIEF_16_2762,Baby Thief,Baby Thief,16,12800,160,0,0,1,1,1,1,1,1,1,1,1,1,1,10,12,0,7,20,0x81,150,1000,500,500,0,0,0,0,0,0,0,0,0,0,0,0,0,0,0,0,0,0,0,0,0,0,0,0,0,0,0,0
2763,FAKE_BABY_THIEF_39_2763,Baby Thief,Baby Thief,39,76050,390,0,0,1,1,1,1,1,1,1,1,1,1,1,10,12,0,7,20,0x81,180,1000,500,500,0,0,0,0,0,0,0,0,0,0,0,0,0,0,0,0,0,0,0,0,0,0,0,0,0,0,0,0
2764,FAKE_BABY_THIEF_73_2764,Baby Thief,Baby Thief,73,266450,730,0,0,1,1,1,1,1,1,1,1,1,1,1,10,12,0,7,20,0x81,250,1000,500,500,0,0,0,0,0,0,0,0,0,0,0,0,0,0,0,0,0,0,0,0,0,0,0,0,0,0,0,0
2765,FAKE_BABY_KNIGHT_29_2765,Baby Knight,Baby Knight,29,42050,290,0,0,1,1,1,1,1,1,1,1,1,1,1,10,12,0,7,20,0x81,250,1000,500,500,0,0,0,0,0,0,0,0,0,0,0,0,0,0,0,0,0,0,0,0,0,0,0,0,0,0,0,0
2766,FAKE_BABY_KNIGHT_43_2766,Baby Knight,Baby Knight,43,92450,430,0,0,1,1,1,1,1,1,1,1,1,1,1,10,12,0,7,20,0x81,180,1000,500,500,0,0,0,0,0,0,0,0,0,0,0,0,0,0,0,0,0,0,0,0,0,0,0,0,0,0,0,0
2767,FAKE_BABY_KNIGHT_73_2767,Baby Knight,Baby Knight,73,266450,730,0,0,1,1,1,1,1,1,1,1,1,1,1,10,12,0,7,20,0x81,200,1000,500,500,0,0,0,0,0,0,0,0,0,0,0,0,0,0,0,0,0,0,0,0,0,0,0,0,0,0,0,0
2768,FAKE_BABY_PRIEST_33_2768,Baby Priest,Baby Priest,33,54450,330,0,0,1,1,1,1,1,1,1,1,1,1,1,10,12,0,7,20,0x81,180,1000,500,500,0,0,0,0,0,0,0,0,0,0,0,0,0,0,0,0,0,0,0,0,0,0,0,0,0,0,0,0
2769,FAKE_BABY_PRIEST_39_2769,Baby Priest,Baby Priest,39,76050,390,0,0,1,1,1,1,1,1,1,1,1,1,1,10,12,0,7,20,0x81,250,1000,500,500,0,0,0,0,0,0,0,0,0,0,0,0,0,0,0,0,0,0,0,0,0,0,0,0,0,0,0,0
2770,FAKE_BABY_PRIEST_82_2770,Baby Priest,Baby Priest,82,336200,820,0,0,1,1,1,1,1,1,1,1,1,1,1,10,12,0,7,20,0x81,150,1000,500,500,0,0,0,0,0,0,0,0,0,0,0,0,0,0,0,0,0,0,0,0,0,0,0,0,0,0,0,0
2771,FAKE_BABY_WIZARD_28_2771,Baby Wizard,Baby Wizard,28,39200,280,0,0,1,1,1,1,1,1,1,1,1,1,1,10,12,0,7,20,0x81,180,1000,500,500,0,0,0,0,0,0,0,0,0,0,0,0,0,0,0,0,0,0,0,0,0,0,0,0,0,0,0,0
2772,FAKE_BABY_WIZARD_57_2772,Baby Wizard,Baby Wizard,57,162450,570,0,0,1,1,1,1,1,1,1,1,1,1,1,10,12,0,7,20,0x81,180,1000,500,500,0,0,0,0,0,0,0,0,0,0,0,0,0,0,0,0,0,0,0,0,0,0,0,0,0,0,0,0
2773,FAKE_BABY_WIZARD_78_2773,Baby Wizard,Baby Wizard,78,304200,780,0,0,1,1,1,1,1,1,1,1,1,1,1,10,12,0,7,20,0x81,150,1000,500,500,0,0,0,0,0,0,0,0,0,0,0,0,0,0,0,0,0,0,0,0,0,0,0,0,0,0,0,0
2774,FAKE_BABY_BLACKSMITH__2774,Baby Blacksmith,Baby Blacksmith,12,7200,120,0,0,1,1,1,1,1,1,1,1,1,1,1,10,12,0,7,20,0x81,180,1000,500,500,0,0,0,0,0,0,0,0,0,0,0,0,0,0,0,0,0,0,0,0,0,0,0,0,0,0,0,0
2775,FAKE_BABY_BLACKSMITH__2775,Baby Blacksmith,Baby Blacksmith,48,115200,480,0,0,1,1,1,1,1,1,1,1,1,1,1,10,12,0,7,20,0x81,150,1000,500,500,0,0,0,0,0,0,0,0,0,0,0,0,0,0,0,0,0,0,0,0,0,0,0,0,0,0,0,0
2776,FAKE_BABY_BLACKSMITH__2776,Baby Blacksmith,Baby Blacksmith,68,231200,680,0,0,1,1,1,1,1,1,1,1,1,1,1,10,12,0,7,20,0x81,180,1000,500,500,0,0,0,0,0,0,0,0,0,0,0,0,0,0,0,0,0,0,0,0,0,0,0,0,0,0,0,0
2777,FAKE_BABY_HUNTER_28_2777,Baby Hunter,Baby Hunter,28,39200,280,0,0,1,1,1,1,1,1,1,1,1,1,1,10,12,0,7,20,0x81,250,1000,500,500,0,0,0,0,0,0,0,0,0,0,0,0,0,0,0,0,0,0,0,0,0,0,0,0,0,0,0,0
2778,FAKE_BABY_HUNTER_53_2778,Baby Hunter,Baby Hunter,53,140450,530,0,0,1,1,1,1,1,1,1,1,1,1,1,10,12,0,7,20,0x81,150,1000,500,500,0,0,0,0,0,0,0,0,0,0,0,0,0,0,0,0,0,0,0,0,0,0,0,0,0,0,0,0
2779,FAKE_BABY_HUNTER_82_2779,Baby Hunter,Baby Hunter,82,336200,820,0,0,1,1,1,1,1,1,1,1,1,1,1,10,12,0,7,20,0x81,250,1000,500,500,0,0,0,0,0,0,0,0,0,0,0,0,0,0,0,0,0,0,0,0,0,0,0,0,0,0,0,0
2780,FAKE_BABY_ASSASSIN_32_2780,Baby Assassin,Baby Assassin,32,51200,320,0,0,1,1,1,1,1,1,1,1,1,1,1,10,12,0,7,20,0x81,200,1000,500,500,0,0,0,0,0,0,0,0,0,0,0,0,0,0,0,0,0,0,0,0,0,0,0,0,0,0,0,0
2781,FAKE_BABY_ASSASSIN_39_2781,Baby Assassin,Baby Assassin,39,76050,390,0,0,1,1,1,1,1,1,1,1,1,1,1,10,12,0,7,20,0x81,150,1000,500,500,0,0,0,0,0,0,0,0,0,0,0,0,0,0,0,0,0,0,0,0,0,0,0,0,0,0,0,0
2782,FAKE_BABY_ASSASSIN_79_2782,Baby Assassin,Baby Assassin,79,312050,790,0,0,1,1,1,1,1,1,1,1,1,1,1,10,12,0,7,20,0x81,200,1000,500,500,0,0,0,0,0,0,0,0,0,0,0,0,0,0,0,0,0,0,0,0,0,0,0,0,0,0,0,0
2783,FAKE_BABY_KNIGHT__PEC_2783,Baby Knight (Peco),Baby Knight (Peco),33,54450,330,0,0,1,1,1,1,1,1,1,1,1,1,1,10,12,0,7,20,0x81,150,1000,500,500,0,0,0,0,0,0,0,0,0,0,0,0,0,0,0,0,0,0,0,0,0,0,0,0,0,0,0,0
2784,FAKE_BABY_KNIGHT__PEC_2784,Baby Knight (Peco),Baby Knight (Peco),45,101250,450,0,0,1,1,1,1,1,1,1,1,1,1,1,10,12,0,7,20,0x81,150,1000,500,500,0,0,0,0,0,0,0,0,0,0,0,0,0,0,0,0,0,0,0,0,0,0,0,0,0,0,0,0
2785,FAKE_BABY_KNIGHT__PEC_2785,Baby Knight (Peco),Baby Knight (Peco),78,304200,780,0,0,1,1,1,1,1,1,1,1,1,1,1,10,12,0,7,20,0x81,150,1000,500,500,0,0,0,0,0,0,0,0,0,0,0,0,0,0,0,0,0,0,0,0,0,0,0,0,0,0,0,0
2786,FAKE_BABY_CRUSADER_35_2786,Baby Crusader,Baby Crusader,35,61250,350,0,0,1,1,1,1,1,1,1,1,1,1,1,10,12,0,7,20,0x81,200,1000,500,500,0,0,0,0,0,0,0,0,0,0,0,0,0,0,0,0,0,0,0,0,0,0,0,0,0,0,0,0
2787,FAKE_BABY_CRUSADER_44_2787,Baby Crusader,Baby Crusader,44,96800,440,0,0,1,1,1,1,1,1,1,1,1,1,1,10,12,0,7,20,0x81,250,1000,500,500,0,0,0,0,0,0,0,0,0,0,0,0,0,0,0,0,0,0,0,0,0,0,0,0,0,0,0,0
2788,FAKE_BABY_CRUSADER_84_2788,Baby Crusader,Baby Crusader,84,352800,840,0,0,1,1,1,1,1,1,1,1,1,1,1,10,12,0,7,20,0x81,250,1000,500,500,0,0,0,0,0,0,0,0,0,0,0,0,0,0,0,0,0,0,0,0,0,0,0,0,0,0,0,0
2789,FAKE_BABY_MONK_33_2789,Baby Monk,Baby Monk,33,54450,330,0,0,1,1,1,1,1,1,1,1,1,1,1,10,12,0,7,20,0x81,180,1000,500,500,0,0,0,0,0,0,0,0,0,0,0,0,0,0,0,0,0,0,0,0,0,0,0,0,0,0,0,0
2790,FAKE_BABY_MONK_58_2790,Baby Monk,Baby Monk,58,168200,580,0,0,1,1,1,1,1,1,1,1,1,1,1,10,12,0,7,20,0x81,250,1000,500,500,0,0,0,0,0,0,0,0,0,0,0,0,0,0,0,0,0,0,0,0,0,0,0,0,0,0,0,0
2791,FAKE_BABY_MONK_69_2791,Baby Monk,Baby Monk,69,238050,690,0,0,1,1,1,1,1,1,1,1,1,1,1,10,12,0,7,20,0x81,200,1000,500,500,0,0,0,0,0,0,0,0,0,0,0,0,0,0,0,0,0,0,0,0,0,0,0,0,0,0,0,0
2792,FAKE_BABY_SAGE_27_2792,Baby Sage,Baby Sage,27,36450,270,0,0,1,1,1,1,1,1,1,1,1,1,1,10,12,0,7,20,0x81,180,1000,500,500,0,0,0,0,0,0,0,0,0,0,0,0,0,0,0,0,0,0,0,0,0,0,0,0,0,0,0,0
2793,FAKE_BABY_SAGE_51_2793,Baby Sage,Baby Sage,51,130050,510,0,0,1,1,1,1,1,1,1,1,1,1,1,10,12,0,7,20,0x81,250,1000,500,500,0,0,0,0,0,0,0,0,0,0,0,0,0,0,0,0,0,0,0,0,0,0,0,0,0,0,0,0
2794,FAKE_BABY_SAGE_90_2794,Baby Sage,Baby Sage,90,405000,900,0,0,1,1,1,1,1,1,1,1,1,1,1,10,12,0,7,20,0x81,180,1000,500,500,0,0,0,0,0,0,0,0,0,0,0,0,0,0,0,0,0,0,0,0,0,0,0,0,0,0,0,0
2795,FAKE_BABY_ROGUE_23_2795,Baby Rogue,Baby Rogue,23,26450,230,0,0,1,1,1,1,1,1,1,1,1,1,1,10,12,0,7,20,0x81,200,1000,500,500,0,0,0,0,0,0,0,0,0,0,0,0,0,0,0,0,0,0,0,0,0,0,0,0,0,0,0,0
2796,FAKE_BABY_ROGUE_64_2796,Baby Rogue,Baby Rogue,64,204800,640,0,0,1,1,1,1,1,1,1,1,1,1,1,10,12,0,7,20,0x81,150,1000,500,500,0,0,0,0,0,0,0,0,0,0,0,0,0,0,0,0,0,0,0,0,0,0,0,0,0,0,0,0
2797,FAKE_BABY_ROGUE_73_2797,Baby Rogue,Baby Rogue,73,266450,730,0,0,1,1,1,1,1,1,1,1,1,1,1,10,12,0,7,20,0x81,200,1000,500,500,0,0,0,0,0,0,0,0,0,0,0,0,0,0,0,0,0,0,0,0,0,0,0,0,0,0,0,0
2798,FAKE_BABY_ALCHEMIST_2_2798,Baby Alchemist,Baby Alchemist,21,22050,210,0,0,1,1,1,1,1,1,1,1,1,1,1,10,12,0,7,20,0x81,200,1000,500,500,0,0,0,0,0,0,0,0,0,0,0,0,0,0,0,0,0,0,0,0,0,0,0,0,0,0,0,0
2799,FAKE_BABY_ALCHEMIST_6_2799,Baby Alchemist,Baby Alchemist,64,204800,640,0,0,1,1,1,1,1,1,1,1,1,1,1,10,12,0,7,20,0x81,150,1000,500,500,0,0,0,0,0,0,0,0,0,0,0,0,0,0,0,0,0,0,0,0,0,0,0,0,0,0,0,0
2800,FAKE_BABY_ALCHEMIST_7_2800,Baby Alchemist,Baby Alchemist,79,312050,790,0,0,1,1,1,1,1,1,1,1,1,1,1,10,12,0,7,20,0x81,150,1000,500,500,0,0,0,0,0,0,0,0,0,0,0,0,0,0,0,0,0,0,0,0,0,0,0,0,0,0,0,0
2801,FAKE_BABY_BARD_12_2801,Baby Bard,Baby Bard,12,7200,120,0,0,1,1,1,1,1,1,1,1,1,1,1,10,12,0,7,20,0x81,250,1000,500,500,0,0,0,0,0,0,0,0,0,0,0,0,0,0,0,0,0,0,0,0,0,0,0,0,0,0,0,0
2802,FAKE_BABY_BARD_46_2802,Baby Bard,Baby Bard,46,105800,460,0,0,1,1,1,1,1,1,1,1,1,1,1,10,12,0,7,20,0x81,250,1000,500,500,0,0,0,0,0,0,0,0,0,0,0,0,0,0,0,0,0,0,0,0,0,0,0,0,0,0,0,0
2803,FAKE_BABY_BARD_80_2803,Baby Bard,Baby Bard,80,320000,800,0,0,1,1,1,1,1,1,1,1,1,1,1,10,12,0,7,20,0x81,250,1000,500,500,0,0,0,0,0,0,0,0,0,0,0,0,0,0,0,0,0,0,0,0,0,0,0,0,0,0,0,0
2804,FAKE_BABY_DANCER_15_2804,Baby Dancer,Baby Dancer,15,11250,150,0,0,1,1,1,1,1,1,1,1,1,1,1,10,12,0,7,20,0x81,250,1000,500,500,0,0,0,0,0,0,0,0,0,0,0,0,0,0,0,0,0,0,0,0,0,0,0,0,0,0,0,0
2805,FAKE_BABY_DANCER_58_2805,Baby Dancer,Baby Dancer,58,168200,580,0,0,1,1,1,1,1,1,1,1,1,1,1,10,12,0,7,20,0x81,200,1000,500,500,0,0,0,0,0,0,0,0,0,0,0,0,0,0,0,0,0,0,0,0,0,0,0,0,0,0,0,0
2806,FAKE_BABY_DANCER_69_2806,Baby Dancer,Baby Dancer,69,238050,690,0,0,1,1,1,1,1,1,1,1,1,1,1,10,12,0,7,20,0x81,200,1000,500,500,0,0,0,0,0,0,0,0,0,0,0,0,0,0,0,0,0,0,0,0,0,0,0,0,0,0,0,0
2807,FAKE_BABY_CRUSADER__P_2807,Baby Crusader (Peco),Baby Crusader (Peco),19,18050,190,0,0,1,1,1,1,1,1,1,1,1,1,1,10,12,0,7,20,0x81,150,1000,500,500,0,0,0,0,0,0,0,0,0,0,0,0,0,0,0,0,0,0,0,0,0,0,0,0,0,0,0,0
2808,FAKE_BABY_CRUSADER__P_2808,Baby Crusader (Peco),Baby Crusader (Peco),50,125000,500,0,0,1,1,1,1,1,1,1,1,1,1,1,10,12,0,7,20,0x81,250,1000,500,500,0,0,0,0,0,0,0,0,0,0,0,0,0,0,0,0,0,0,0,0,0,0,0,0,0,0,0,0
2809,FAKE_BABY_CRUSADER__P_2809,Baby Crusader (Peco),Baby Crusader (Peco),76,288800,760,0,0,1,1,1,1,1,1,1,1,1,1,1,10,12,0,7,20,0x81,200,1000,500,500,0,0,0,0,0,0,0,0,0,0,0,0,0,0,0,0,0,0,0,0,0,0,0,0,0,0,0,0
2810,FAKE_BABY_SUPER_NOVIC_2810,Baby Super Novice,Baby Super Novice,6,5000,60,0,0,1,1,1,1,1,1,1,1,1,1,1,10,12,0,7,20,0x81,180,1000,500,500,0,0,0,0,0,0,0,0,0,0,0,0,0,0,0,0,0,0,0,0,0,0,0,0,0,0,0,0
2811,FAKE_BABY_SUPER_NOVIC_2811,Baby Super Novice,Baby Super Novice,18,16200,180,0,0,1,1,1,1,1,1,1,1,1,1,1,10,12,0,7,20,0x81,180,1000,500,500,0,0,0,0,0,0,0,0,0,0,0,0,0,0,0,0,0,0,0,0,0,0,0,0,0,0,0,0
2812,FAKE_BABY_SUPER_NOVIC_2812,Baby Super Novice,Baby Super Novice,50,125000,500,0,0,1,1,1,1,1,1,1,1,1,1,1,10,12,0,7,20,0x81,200,1000,500,500,0,0,0,0,0,0,0,0,0,0,0,0,0,0,0,0,0,0,0,0,0,0,0,0,0,0,0,0
2813,FAKE_TAEKWON_31_2813,Taekwon,Taekwon,31,48050,310,0,0,1,1,1,1,1,1,1,1,1,1,1,10,12,0,7,20,0x81,150,1000,500,500,0,0,0,0,0,0,0,0,0,0,0,0,0,0,0,0,0,0,0,0,0,0,0,0,0,0,0,0
2814,FAKE_TAEKWON_56_2814,Taekwon,Taekwon,56,156800,560,0,0,1,1,1,1,1,1,1,1,1,1,1,10,12,0,7,20,0x81,200,1000,500,500,0,0,0,0,0,0,0,0,0,0,0,0,0,0,0,0,0,0,0,0,0,0,0,0,0,0,0,0
2815,FAKE_TAEKWON_81_2815,Taekwon,Taekwon,81,328050,810,0,0,1,1,1,1,1,1,1,1,1,1,1,10,12,0,7,20,0x81,200,1000,500,500,0,0,0,0,0,0,0,0,0,0,0,0,0,0,0,0,0,0,0,0,0,0,0,0,0,0,0,0
2816,FAKE_STAR_KNIGHT_64_2816,Star Knight,Star Knight,64,204800,640,0,0,1,1,1,1,1,1,1,1,1,1,1,10,12,0,7,20,0x81,200,1000,500,500,0,0,0,0,0,0,0,0,0,0,0,0,0,0,0,0,0,0,0,0,0,0,0,0,0,0,0,0
2817,FAKE_STAR_KNIGHT_71_2817,Star Knight,Star Knight,71,252050,710,0,0,1,1,1,1,1,1,1,1,1,1,1,10,12,0,7,20,0x81,200,1000,500,500,0,0,0,0,0,0,0,0,0,0,0,0,0,0,0,0,0,0,0,0,0,0,0,0,0,0,0,0
2818,FAKE_STAR_KNIGHT_97_2818,Star Knight,Star Knight,97,470450,970,0,0,1,1,1,1,1,1,1,1,1,1,1,10,12,0,7,20,0x81,200,1000,500,500,0,0,0,0,0,0,0,0,0,0,0,0,0,0,0,0,0,0,0,0,0,0,0,0,0,0,0,0
2819,FAKE_STAR_KNIGHT__FLY_2819,Star Knight (flying),Star Knight (flying),57,162450,570,0,0,1,1,1,1,1,1,1,1,1,1,1,10,12,0,7,20,0x81,150,1000,500,500,0,0,0,0,0,0,0,0,0,0,0,0,0,0,0,0,0,0,0,0,0,0,0,0,0,0,0,0
2820,FAKE_STAR_KNIGHT__FLY_2820,Star Knight (flying),Star Knight (flying),76,288800,760,0,0,1,1,1,1,1,1,1,1,1,1,1,10,12,0,7,20,0x81,150,1000,500,500,0,0,0,0,0,0,0,0,0,0,0,0,0,0,0,0,0,0,0,0,0,0,0,0,0,0,0,0
2821,FAKE_STAR_KNIGHT__FLY_2821,Star Knight (flying),Star Knight (flying),97,470450,970,0,0,1,1,1,1,1,1,1,1,1,1,1,10,12,0,7,20,0x81,180,1000,500,500,0,0,0,0,0,0,0,0,0,0,0,0,0,0,0,0,0,0,0,0,0,0,0,0,0,0,0,0
2822,FAKE_SOUL_LINKER_53_2822,Soul Linker,Soul Linker,53,140450,530,0,0,1,1,1,1,1,1,1,1,1,1,1,10,12,0,7,20,0x81,180,1000,500,500,0,0,0,0,0,0,0,0,0,0,0,0,0,0,0,0,0,0,0,0,0,0,0,0,0,0,0,0
2823,FAKE_SOUL_LINKER_74_2823,Soul Linker,Soul Linker,74,273800,740,0,0,1,1,1,1,1,1,1,1,1,1,1,10,12,0,7,20,0x81,150,1000,500,500,0,0,0,0,0,0,0,0,0,0,0,0,0,0,0,0,0,0,0,0,0,0,0,0,0,0,0,0
2824,FAKE_SOUL_LINKER_98_2824,Soul Linker,Soul Linker,98,480200,980,0,0,1,1,1,1,1,1,1,1,1,1,1,10,12,0,7,20,0x81,150,1000,500,500,0,0,0,0,0,0,0,0,0,0,0,0,0,0,0,0,0,0,0,0,0,0,0,0,0,0,0,0
// END FAKE PLAYER MOB DB2 V2
//===== Fake Player Mob DB2 Append =============================
//= Append this block to db/mob_db2.txt
//= Generated by generate_market_vendors.py mob-safe v3
//= Uses 2200+ IDs and creates multiple level variants per job.
//============================================================
// START FAKE PLAYER MOB DB2 V3
2200,FAKE_NOVICE_5_2200,Novice,Novice,5,5000,50,0,0,1,1,1,1,1,1,1,1,1,1,1,10,12,0,7,20,0x81,200,1000,500,500,0,0,0,0,0,0,0,0,0,0,0,0,0,0,0,0,0,0,0,0,0,0,0,0,0,0,0,0
2201,FAKE_NOVICE_35_2201,Novice,Novice,35,61250,350,0,0,1,1,1,1,1,1,1,1,1,1,1,10,12,0,7,20,0x81,180,1000,500,500,0,0,0,0,0,0,0,0,0,0,0,0,0,0,0,0,0,0,0,0,0,0,0,0,0,0,0,0
2202,FAKE_NOVICE_40_2202,Novice,Novice,40,80000,400,0,0,1,1,1,1,1,1,1,1,1,1,1,10,12,0,7,20,0x81,150,1000,500,500,0,0,0,0,0,0,0,0,0,0,0,0,0,0,0,0,0,0,0,0,0,0,0,0,0,0,0,0
2203,FAKE_NOVICE_99_2203,Novice,Novice,99,490050,990,0,0,1,1,1,1,1,1,1,1,1,1,1,10,12,0,7,20,0x81,180,1000,500,500,0,0,0,0,0,0,0,0,0,0,0,0,0,0,0,0,0,0,0,0,0,0,0,0,0,0,0,0
2204,FAKE_SWORDMAN_26_2204,Swordman,Swordman,26,33800,260,0,0,1,1,1,1,1,1,1,1,1,1,1,10,12,0,7,20,0x81,200,1000,500,500,0,0,0,0,0,0,0,0,0,0,0,0,0,0,0,0,0,0,0,0,0,0,0,0,0,0,0,0
2205,FAKE_SWORDMAN_48_2205,Swordman,Swordman,48,115200,480,0,0,1,1,1,1,1,1,1,1,1,1,1,10,12,0,7,20,0x81,200,1000,500,500,0,0,0,0,0,0,0,0,0,0,0,0,0,0,0,0,0,0,0,0,0,0,0,0,0,0,0,0
2206,FAKE_SWORDMAN_75_2206,Swordman,Swordman,75,281250,750,0,0,1,1,1,1,1,1,1,1,1,1,1,10,12,0,7,20,0x81,180,1000,500,500,0,0,0,0,0,0,0,0,0,0,0,0,0,0,0,0,0,0,0,0,0,0,0,0,0,0,0,0
2207,FAKE_SWORDMAN_99_2207,Swordman,Swordman,99,490050,990,0,0,1,1,1,1,1,1,1,1,1,1,1,10,12,0,7,20,0x81,180,1000,500,500,0,0,0,0,0,0,0,0,0,0,0,0,0,0,0,0,0,0,0,0,0,0,0,0,0,0,0,0
2208,FAKE_MAGICIAN_26_2208,Magician,Magician,26,33800,260,0,0,1,1,1,1,1,1,1,1,1,1,1,10,12,0,7,20,0x81,250,1000,500,500,0,0,0,0,0,0,0,0,0,0,0,0,0,0,0,0,0,0,0,0,0,0,0,0,0,0,0,0
2209,FAKE_MAGICIAN_40_2209,Magician,Magician,40,80000,400,0,0,1,1,1,1,1,1,1,1,1,1,1,10,12,0,7,20,0x81,250,1000,500,500,0,0,0,0,0,0,0,0,0,0,0,0,0,0,0,0,0,0,0,0,0,0,0,0,0,0,0,0
2210,FAKE_MAGICIAN_63_2210,Magician,Magician,63,198450,630,0,0,1,1,1,1,1,1,1,1,1,1,1,10,12,0,7,20,0x81,250,1000,500,500,0,0,0,0,0,0,0,0,0,0,0,0,0,0,0,0,0,0,0,0,0,0,0,0,0,0,0,0
2211,FAKE_MAGICIAN_99_2211,Magician,Magician,99,490050,990,0,0,1,1,1,1,1,1,1,1,1,1,1,10,12,0,7,20,0x81,150,1000,500,500,0,0,0,0,0,0,0,0,0,0,0,0,0,0,0,0,0,0,0,0,0,0,0,0,0,0,0,0
2212,FAKE_ARCHER_17_2212,Archer,Archer,17,14450,170,0,0,1,1,1,1,1,1,1,1,1,1,1,10,12,0,7,20,0x81,200,1000,500,500,0,0,0,0,0,0,0,0,0,0,0,0,0,0,0,0,0,0,0,0,0,0,0,0,0,0,0,0
2213,FAKE_ARCHER_47_2213,Archer,Archer,47,110450,470,0,0,1,1,1,1,1,1,1,1,1,1,1,10,12,0,7,20,0x81,180,1000,500,500,0,0,0,0,0,0,0,0,0,0,0,0,0,0,0,0,0,0,0,0,0,0,0,0,0,0,0,0
2214,FAKE_ARCHER_59_2214,Archer,Archer,59,174050,590,0,0,1,1,1,1,1,1,1,1,1,1,1,10,12,0,7,20,0x81,250,1000,500,500,0,0,0,0,0,0,0,0,0,0,0,0,0,0,0,0,0,0,0,0,0,0,0,0,0,0,0,0
2215,FAKE_ARCHER_99_2215,Archer,Archer,99,490050,990,0,0,1,1,1,1,1,1,1,1,1,1,1,10,12,0,7,20,0x81,150,1000,500,500,0,0,0,0,0,0,0,0,0,0,0,0,0,0,0,0,0,0,0,0,0,0,0,0,0,0,0,0
2216,FAKE_ACOLYTE_31_2216,Acolyte,Acolyte,31,48050,310,0,0,1,1,1,1,1,1,1,1,1,1,1,10,12,0,7,20,0x81,200,1000,500,500,0,0,0,0,0,0,0,0,0,0,0,0,0,0,0,0,0,0,0,0,0,0,0,0,0,0,0,0
2217,FAKE_ACOLYTE_45_2217,Acolyte,Acolyte,45,101250,450,0,0,1,1,1,1,1,1,1,1,1,1,1,10,12,0,7,20,0x81,200,1000,500,500,0,0,0,0,0,0,0,0,0,0,0,0,0,0,0,0,0,0,0,0,0,0,0,0,0,0,0,0
2218,FAKE_ACOLYTE_69_2218,Acolyte,Acolyte,69,238050,690,0,0,1,1,1,1,1,1,1,1,1,1,1,10,12,0,7,20,0x81,250,1000,500,500,0,0,0,0,0,0,0,0,0,0,0,0,0,0,0,0,0,0,0,0,0,0,0,0,0,0,0,0
2219,FAKE_ACOLYTE_99_2219,Acolyte,Acolyte,99,490050,990,0,0,1,1,1,1,1,1,1,1,1,1,1,10,12,0,7,20,0x81,180,1000,500,500,0,0,0,0,0,0,0,0,0,0,0,0,0,0,0,0,0,0,0,0,0,0,0,0,0,0,0,0
2220,FAKE_MERCHANT_28_2220,Merchant,Merchant,28,39200,280,0,0,1,1,1,1,1,1,1,1,1,1,1,10,12,0,7,20,0x81,200,1000,500,500,0,0,0,0,0,0,0,0,0,0,0,0,0,0,0,0,0,0,0,0,0,0,0,0,0,0,0,0
2221,FAKE_MERCHANT_36_2221,Merchant,Merchant,36,64800,360,0,0,1,1,1,1,1,1,1,1,1,1,1,10,12,0,7,20,0x81,250,1000,500,500,0,0,0,0,0,0,0,0,0,0,0,0,0,0,0,0,0,0,0,0,0,0,0,0,0,0,0,0
2222,FAKE_MERCHANT_66_2222,Merchant,Merchant,66,217800,660,0,0,1,1,1,1,1,1,1,1,1,1,1,10,12,0,7,20,0x81,180,1000,500,500,0,0,0,0,0,0,0,0,0,0,0,0,0,0,0,0,0,0,0,0,0,0,0,0,0,0,0,0
2223,FAKE_MERCHANT_99_2223,Merchant,Merchant,99,490050,990,0,0,1,1,1,1,1,1,1,1,1,1,1,10,12,0,7,20,0x81,150,1000,500,500,0,0,0,0,0,0,0,0,0,0,0,0,0,0,0,0,0,0,0,0,0,0,0,0,0,0,0,0
2224,FAKE_THIEF_26_2224,Thief,Thief,26,33800,260,0,0,1,1,1,1,1,1,1,1,1,1,1,10,12,0,7,20,0x81,150,1000,500,500,0,0,0,0,0,0,0,0,0,0,0,0,0,0,0,0,0,0,0,0,0,0,0,0,0,0,0,0
2225,FAKE_THIEF_45_2225,Thief,Thief,45,101250,450,0,0,1,1,1,1,1,1,1,1,1,1,1,10,12,0,7,20,0x81,150,1000,500,500,0,0,0,0,0,0,0,0,0,0,0,0,0,0,0,0,0,0,0,0,0,0,0,0,0,0,0,0
2226,FAKE_THIEF_58_2226,Thief,Thief,58,168200,580,0,0,1,1,1,1,1,1,1,1,1,1,1,10,12,0,7,20,0x81,180,1000,500,500,0,0,0,0,0,0,0,0,0,0,0,0,0,0,0,0,0,0,0,0,0,0,0,0,0,0,0,0
2227,FAKE_THIEF_99_2227,Thief,Thief,99,490050,990,0,0,1,1,1,1,1,1,1,1,1,1,1,10,12,0,7,20,0x81,200,1000,500,500,0,0,0,0,0,0,0,0,0,0,0,0,0,0,0,0,0,0,0,0,0,0,0,0,0,0,0,0
2228,FAKE_KNIGHT_50_2228,Knight,Knight,50,125000,500,0,0,1,1,1,1,1,1,1,1,1,1,1,10,12,0,7,20,0x81,200,1000,500,500,0,0,0,0,0,0,0,0,0,0,0,0,0,0,0,0,0,0,0,0,0,0,0,0,0,0,0,0
2229,FAKE_KNIGHT_76_2229,Knight,Knight,76,288800,760,0,0,1,1,1,1,1,1,1,1,1,1,1,10,12,0,7,20,0x81,200,1000,500,500,0,0,0,0,0,0,0,0,0,0,0,0,0,0,0,0,0,0,0,0,0,0,0,0,0,0,0,0
2230,FAKE_KNIGHT_93_2230,Knight,Knight,93,432450,930,0,0,1,1,1,1,1,1,1,1,1,1,1,10,12,0,7,20,0x81,180,1000,500,500,0,0,0,0,0,0,0,0,0,0,0,0,0,0,0,0,0,0,0,0,0,0,0,0,0,0,0,0
2231,FAKE_KNIGHT_99_2231,Knight,Knight,99,490050,990,0,0,1,1,1,1,1,1,1,1,1,1,1,10,12,0,7,20,0x81,150,1000,500,500,0,0,0,0,0,0,0,0,0,0,0,0,0,0,0,0,0,0,0,0,0,0,0,0,0,0,0,0
2232,FAKE_PRIEST_45_2232,Priest,Priest,45,101250,450,0,0,1,1,1,1,1,1,1,1,1,1,1,10,12,0,7,20,0x81,150,1000,500,500,0,0,0,0,0,0,0,0,0,0,0,0,0,0,0,0,0,0,0,0,0,0,0,0,0,0,0,0
2233,FAKE_PRIEST_85_2233,Priest,Priest,85,361250,850,0,0,1,1,1,1,1,1,1,1,1,1,1,10,12,0,7,20,0x81,180,1000,500,500,0,0,0,0,0,0,0,0,0,0,0,0,0,0,0,0,0,0,0,0,0,0,0,0,0,0,0,0
2234,FAKE_PRIEST_94_2234,Priest,Priest,94,441800,940,0,0,1,1,1,1,1,1,1,1,1,1,1,10,12,0,7,20,0x81,200,1000,500,500,0,0,0,0,0,0,0,0,0,0,0,0,0,0,0,0,0,0,0,0,0,0,0,0,0,0,0,0
2235,FAKE_PRIEST_99_2235,Priest,Priest,99,490050,990,0,0,1,1,1,1,1,1,1,1,1,1,1,10,12,0,7,20,0x81,250,1000,500,500,0,0,0,0,0,0,0,0,0,0,0,0,0,0,0,0,0,0,0,0,0,0,0,0,0,0,0,0
2236,FAKE_WIZARD_60_2236,Wizard,Wizard,60,180000,600,0,0,1,1,1,1,1,1,1,1,1,1,1,10,12,0,7,20,0x81,250,1000,500,500,0,0,0,0,0,0,0,0,0,0,0,0,0,0,0,0,0,0,0,0,0,0,0,0,0,0,0,0
2237,FAKE_WIZARD_77_2237,Wizard,Wizard,77,296450,770,0,0,1,1,1,1,1,1,1,1,1,1,1,10,12,0,7,20,0x81,150,1000,500,500,0,0,0,0,0,0,0,0,0,0,0,0,0,0,0,0,0,0,0,0,0,0,0,0,0,0,0,0
2238,FAKE_WIZARD_97_2238,Wizard,Wizard,97,470450,970,0,0,1,1,1,1,1,1,1,1,1,1,1,10,12,0,7,20,0x81,200,1000,500,500,0,0,0,0,0,0,0,0,0,0,0,0,0,0,0,0,0,0,0,0,0,0,0,0,0,0,0,0
2239,FAKE_WIZARD_99_2239,Wizard,Wizard,99,490050,990,0,0,1,1,1,1,1,1,1,1,1,1,1,10,12,0,7,20,0x81,250,1000,500,500,0,0,0,0,0,0,0,0,0,0,0,0,0,0,0,0,0,0,0,0,0,0,0,0,0,0,0,0
2240,FAKE_BLACKSMITH_65_2240,Blacksmith,Blacksmith,65,211250,650,0,0,1,1,1,1,1,1,1,1,1,1,1,10,12,0,7,20,0x81,180,1000,500,500,0,0,0,0,0,0,0,0,0,0,0,0,0,0,0,0,0,0,0,0,0,0,0,0,0,0,0,0
2241,FAKE_BLACKSMITH_81_2241,Blacksmith,Blacksmith,81,328050,810,0,0,1,1,1,1,1,1,1,1,1,1,1,10,12,0,7,20,0x81,250,1000,500,500,0,0,0,0,0,0,0,0,0,0,0,0,0,0,0,0,0,0,0,0,0,0,0,0,0,0,0,0
2242,FAKE_BLACKSMITH_92_2242,Blacksmith,Blacksmith,92,423200,920,0,0,1,1,1,1,1,1,1,1,1,1,1,10,12,0,7,20,0x81,180,1000,500,500,0,0,0,0,0,0,0,0,0,0,0,0,0,0,0,0,0,0,0,0,0,0,0,0,0,0,0,0
2243,FAKE_BLACKSMITH_99_2243,Blacksmith,Blacksmith,99,490050,990,0,0,1,1,1,1,1,1,1,1,1,1,1,10,12,0,7,20,0x81,250,1000,500,500,0,0,0,0,0,0,0,0,0,0,0,0,0,0,0,0,0,0,0,0,0,0,0,0,0,0,0,0
2244,FAKE_HUNTER_46_2244,Hunter,Hunter,46,105800,460,0,0,1,1,1,1,1,1,1,1,1,1,1,10,12,0,7,20,0x81,250,1000,500,500,0,0,0,0,0,0,0,0,0,0,0,0,0,0,0,0,0,0,0,0,0,0,0,0,0,0,0,0
2245,FAKE_HUNTER_67_2245,Hunter,Hunter,67,224450,670,0,0,1,1,1,1,1,1,1,1,1,1,1,10,12,0,7,20,0x81,150,1000,500,500,0,0,0,0,0,0,0,0,0,0,0,0,0,0,0,0,0,0,0,0,0,0,0,0,0,0,0,0
2246,FAKE_HUNTER_90_2246,Hunter,Hunter,90,405000,900,0,0,1,1,1,1,1,1,1,1,1,1,1,10,12,0,7,20,0x81,200,1000,500,500,0,0,0,0,0,0,0,0,0,0,0,0,0,0,0,0,0,0,0,0,0,0,0,0,0,0,0,0
2247,FAKE_HUNTER_99_2247,Hunter,Hunter,99,490050,990,0,0,1,1,1,1,1,1,1,1,1,1,1,10,12,0,7,20,0x81,200,1000,500,500,0,0,0,0,0,0,0,0,0,0,0,0,0,0,0,0,0,0,0,0,0,0,0,0,0,0,0,0
2248,FAKE_ASSASSIN_53_2248,Assassin,Assassin,53,140450,530,0,0,1,1,1,1,1,1,1,1,1,1,1,10,12,0,7,20,0x81,200,1000,500,500,0,0,0,0,0,0,0,0,0,0,0,0,0,0,0,0,0,0,0,0,0,0,0,0,0,0,0,0
2249,FAKE_ASSASSIN_68_2249,Assassin,Assassin,68,231200,680,0,0,1,1,1,1,1,1,1,1,1,1,1,10,12,0,7,20,0x81,250,1000,500,500,0,0,0,0,0,0,0,0,0,0,0,0,0,0,0,0,0,0,0,0,0,0,0,0,0,0,0,0
2250,FAKE_ASSASSIN_98_2250,Assassin,Assassin,98,480200,980,0,0,1,1,1,1,1,1,1,1,1,1,1,10,12,0,7,20,0x81,150,1000,500,500,0,0,0,0,0,0,0,0,0,0,0,0,0,0,0,0,0,0,0,0,0,0,0,0,0,0,0,0
2251,FAKE_ASSASSIN_99_2251,Assassin,Assassin,99,490050,990,0,0,1,1,1,1,1,1,1,1,1,1,1,10,12,0,7,20,0x81,250,1000,500,500,0,0,0,0,0,0,0,0,0,0,0,0,0,0,0,0,0,0,0,0,0,0,0,0,0,0,0,0
2252,FAKE_KNIGHT__PECO__65_2252,Knight (Peco),Knight (Peco),65,211250,650,0,0,1,1,1,1,1,1,1,1,1,1,1,10,12,0,7,20,0x81,250,1000,500,500,0,0,0,0,0,0,0,0,0,0,0,0,0,0,0,0,0,0,0,0,0,0,0,0,0,0,0,0
2253,FAKE_KNIGHT__PECO__68_2253,Knight (Peco),Knight (Peco),68,231200,680,0,0,1,1,1,1,1,1,1,1,1,1,1,10,12,0,7,20,0x81,250,1000,500,500,0,0,0,0,0,0,0,0,0,0,0,0,0,0,0,0,0,0,0,0,0,0,0,0,0,0,0,0
2254,FAKE_KNIGHT__PECO__90_2254,Knight (Peco),Knight (Peco),90,405000,900,0,0,1,1,1,1,1,1,1,1,1,1,1,10,12,0,7,20,0x81,180,1000,500,500,0,0,0,0,0,0,0,0,0,0,0,0,0,0,0,0,0,0,0,0,0,0,0,0,0,0,0,0
2255,FAKE_KNIGHT__PECO__99_2255,Knight (Peco),Knight (Peco),99,490050,990,0,0,1,1,1,1,1,1,1,1,1,1,1,10,12,0,7,20,0x81,250,1000,500,500,0,0,0,0,0,0,0,0,0,0,0,0,0,0,0,0,0,0,0,0,0,0,0,0,0,0,0,0
2256,FAKE_CRUSADER_52_2256,Crusader,Crusader,52,135200,520,0,0,1,1,1,1,1,1,1,1,1,1,1,10,12,0,7,20,0x81,200,1000,500,500,0,0,0,0,0,0,0,0,0,0,0,0,0,0,0,0,0,0,0,0,0,0,0,0,0,0,0,0
2257,FAKE_CRUSADER_85_2257,Crusader,Crusader,85,361250,850,0,0,1,1,1,1,1,1,1,1,1,1,1,10,12,0,7,20,0x81,180,1000,500,500,0,0,0,0,0,0,0,0,0,0,0,0,0,0,0,0,0,0,0,0,0,0,0,0,0,0,0,0
2258,FAKE_CRUSADER_90_2258,Crusader,Crusader,90,405000,900,0,0,1,1,1,1,1,1,1,1,1,1,1,10,12,0,7,20,0x81,150,1000,500,500,0,0,0,0,0,0,0,0,0,0,0,0,0,0,0,0,0,0,0,0,0,0,0,0,0,0,0,0
2259,FAKE_CRUSADER_99_2259,Crusader,Crusader,99,490050,990,0,0,1,1,1,1,1,1,1,1,1,1,1,10,12,0,7,20,0x81,150,1000,500,500,0,0,0,0,0,0,0,0,0,0,0,0,0,0,0,0,0,0,0,0,0,0,0,0,0,0,0,0
2260,FAKE_MONK_47_2260,Monk,Monk,47,110450,470,0,0,1,1,1,1,1,1,1,1,1,1,1,10,12,0,7,20,0x81,200,1000,500,500,0,0,0,0,0,0,0,0,0,0,0,0,0,0,0,0,0,0,0,0,0,0,0,0,0,0,0,0
2261,FAKE_MONK_67_2261,Monk,Monk,67,224450,670,0,0,1,1,1,1,1,1,1,1,1,1,1,10,12,0,7,20,0x81,180,1000,500,500,0,0,0,0,0,0,0,0,0,0,0,0,0,0,0,0,0,0,0,0,0,0,0,0,0,0,0,0
2262,FAKE_MONK_94_2262,Monk,Monk,94,441800,940,0,0,1,1,1,1,1,1,1,1,1,1,1,10,12,0,7,20,0x81,200,1000,500,500,0,0,0,0,0,0,0,0,0,0,0,0,0,0,0,0,0,0,0,0,0,0,0,0,0,0,0,0
2263,FAKE_MONK_99_2263,Monk,Monk,99,490050,990,0,0,1,1,1,1,1,1,1,1,1,1,1,10,12,0,7,20,0x81,180,1000,500,500,0,0,0,0,0,0,0,0,0,0,0,0,0,0,0,0,0,0,0,0,0,0,0,0,0,0,0,0
2264,FAKE_SAGE_48_2264,Sage,Sage,48,115200,480,0,0,1,1,1,1,1,1,1,1,1,1,1,10,12,0,7,20,0x81,250,1000,500,500,0,0,0,0,0,0,0,0,0,0,0,0,0,0,0,0,0,0,0,0,0,0,0,0,0,0,0,0
2265,FAKE_SAGE_68_2265,Sage,Sage,68,231200,680,0,0,1,1,1,1,1,1,1,1,1,1,1,10,12,0,7,20,0x81,150,1000,500,500,0,0,0,0,0,0,0,0,0,0,0,0,0,0,0,0,0,0,0,0,0,0,0,0,0,0,0,0
2266,FAKE_SAGE_89_2266,Sage,Sage,89,396050,890,0,0,1,1,1,1,1,1,1,1,1,1,1,10,12,0,7,20,0x81,150,1000,500,500,0,0,0,0,0,0,0,0,0,0,0,0,0,0,0,0,0,0,0,0,0,0,0,0,0,0,0,0
2267,FAKE_SAGE_99_2267,Sage,Sage,99,490050,990,0,0,1,1,1,1,1,1,1,1,1,1,1,10,12,0,7,20,0x81,180,1000,500,500,0,0,0,0,0,0,0,0,0,0,0,0,0,0,0,0,0,0,0,0,0,0,0,0,0,0,0,0
2268,FAKE_ROGUE_48_2268,Rogue,Rogue,48,115200,480,0,0,1,1,1,1,1,1,1,1,1,1,1,10,12,0,7,20,0x81,250,1000,500,500,0,0,0,0,0,0,0,0,0,0,0,0,0,0,0,0,0,0,0,0,0,0,0,0,0,0,0,0
2269,FAKE_ROGUE_76_2269,Rogue,Rogue,76,288800,760,0,0,1,1,1,1,1,1,1,1,1,1,1,10,12,0,7,20,0x81,150,1000,500,500,0,0,0,0,0,0,0,0,0,0,0,0,0,0,0,0,0,0,0,0,0,0,0,0,0,0,0,0
2270,FAKE_ROGUE_92_2270,Rogue,Rogue,92,423200,920,0,0,1,1,1,1,1,1,1,1,1,1,1,10,12,0,7,20,0x81,180,1000,500,500,0,0,0,0,0,0,0,0,0,0,0,0,0,0,0,0,0,0,0,0,0,0,0,0,0,0,0,0
2271,FAKE_ROGUE_99_2271,Rogue,Rogue,99,490050,990,0,0,1,1,1,1,1,1,1,1,1,1,1,10,12,0,7,20,0x81,150,1000,500,500,0,0,0,0,0,0,0,0,0,0,0,0,0,0,0,0,0,0,0,0,0,0,0,0,0,0,0,0
2272,FAKE_ALCHEMIST_65_2272,Alchemist,Alchemist,65,211250,650,0,0,1,1,1,1,1,1,1,1,1,1,1,10,12,0,7,20,0x81,200,1000,500,500,0,0,0,0,0,0,0,0,0,0,0,0,0,0,0,0,0,0,0,0,0,0,0,0,0,0,0,0
2273,FAKE_ALCHEMIST_75_2273,Alchemist,Alchemist,75,281250,750,0,0,1,1,1,1,1,1,1,1,1,1,1,10,12,0,7,20,0x81,180,1000,500,500,0,0,0,0,0,0,0,0,0,0,0,0,0,0,0,0,0,0,0,0,0,0,0,0,0,0,0,0
2274,FAKE_ALCHEMIST_91_2274,Alchemist,Alchemist,91,414050,910,0,0,1,1,1,1,1,1,1,1,1,1,1,10,12,0,7,20,0x81,180,1000,500,500,0,0,0,0,0,0,0,0,0,0,0,0,0,0,0,0,0,0,0,0,0,0,0,0,0,0,0,0
2275,FAKE_ALCHEMIST_99_2275,Alchemist,Alchemist,99,490050,990,0,0,1,1,1,1,1,1,1,1,1,1,1,10,12,0,7,20,0x81,150,1000,500,500,0,0,0,0,0,0,0,0,0,0,0,0,0,0,0,0,0,0,0,0,0,0,0,0,0,0,0,0
2276,FAKE_BARD_45_2276,Bard,Bard,45,101250,450,0,0,1,1,1,1,1,1,1,1,1,1,1,10,12,0,7,20,0x81,180,1000,500,500,0,0,0,0,0,0,0,0,0,0,0,0,0,0,0,0,0,0,0,0,0,0,0,0,0,0,0,0
2277,FAKE_BARD_74_2277,Bard,Bard,74,273800,740,0,0,1,1,1,1,1,1,1,1,1,1,1,10,12,0,7,20,0x81,150,1000,500,500,0,0,0,0,0,0,0,0,0,0,0,0,0,0,0,0,0,0,0,0,0,0,0,0,0,0,0,0
2278,FAKE_BARD_95_2278,Bard,Bard,95,451250,950,0,0,1,1,1,1,1,1,1,1,1,1,1,10,12,0,7,20,0x81,250,1000,500,500,0,0,0,0,0,0,0,0,0,0,0,0,0,0,0,0,0,0,0,0,0,0,0,0,0,0,0,0
2279,FAKE_BARD_99_2279,Bard,Bard,99,490050,990,0,0,1,1,1,1,1,1,1,1,1,1,1,10,12,0,7,20,0x81,250,1000,500,500,0,0,0,0,0,0,0,0,0,0,0,0,0,0,0,0,0,0,0,0,0,0,0,0,0,0,0,0
2280,FAKE_DANCER_53_2280,Dancer,Dancer,53,140450,530,0,0,1,1,1,1,1,1,1,1,1,1,1,10,12,0,7,20,0x81,250,1000,500,500,0,0,0,0,0,0,0,0,0,0,0,0,0,0,0,0,0,0,0,0,0,0,0,0,0,0,0,0
2281,FAKE_DANCER_67_2281,Dancer,Dancer,67,224450,670,0,0,1,1,1,1,1,1,1,1,1,1,1,10,12,0,7,20,0x81,180,1000,500,500,0,0,0,0,0,0,0,0,0,0,0,0,0,0,0,0,0,0,0,0,0,0,0,0,0,0,0,0
2282,FAKE_DANCER_93_2282,Dancer,Dancer,93,432450,930,0,0,1,1,1,1,1,1,1,1,1,1,1,10,12,0,7,20,0x81,250,1000,500,500,0,0,0,0,0,0,0,0,0,0,0,0,0,0,0,0,0,0,0,0,0,0,0,0,0,0,0,0
2283,FAKE_DANCER_99_2283,Dancer,Dancer,99,490050,990,0,0,1,1,1,1,1,1,1,1,1,1,1,10,12,0,7,20,0x81,180,1000,500,500,0,0,0,0,0,0,0,0,0,0,0,0,0,0,0,0,0,0,0,0,0,0,0,0,0,0,0,0
2284,FAKE_CRUSADER__PECO___2284,Crusader (Peco),Crusader (Peco),49,120050,490,0,0,1,1,1,1,1,1,1,1,1,1,1,10,12,0,7,20,0x81,180,1000,500,500,0,0,0,0,0,0,0,0,0,0,0,0,0,0,0,0,0,0,0,0,0,0,0,0,0,0,0,0
2285,FAKE_CRUSADER__PECO___2285,Crusader (Peco),Crusader (Peco),80,320000,800,0,0,1,1,1,1,1,1,1,1,1,1,1,10,12,0,7,20,0x81,200,1000,500,500,0,0,0,0,0,0,0,0,0,0,0,0,0,0,0,0,0,0,0,0,0,0,0,0,0,0,0,0
2286,FAKE_CRUSADER__PECO___2286,Crusader (Peco),Crusader (Peco),94,441800,940,0,0,1,1,1,1,1,1,1,1,1,1,1,10,12,0,7,20,0x81,250,1000,500,500,0,0,0,0,0,0,0,0,0,0,0,0,0,0,0,0,0,0,0,0,0,0,0,0,0,0,0,0
2287,FAKE_CRUSADER__PECO___2287,Crusader (Peco),Crusader (Peco),99,490050,990,0,0,1,1,1,1,1,1,1,1,1,1,1,10,12,0,7,20,0x81,150,1000,500,500,0,0,0,0,0,0,0,0,0,0,0,0,0,0,0,0,0,0,0,0,0,0,0,0,0,0,0,0
2288,FAKE_WEDDING_44_2288,Wedding,Wedding,44,96800,440,0,0,1,1,1,1,1,1,1,1,1,1,1,10,12,0,7,20,0x81,150,1000,500,500,0,0,0,0,0,0,0,0,0,0,0,0,0,0,0,0,0,0,0,0,0,0,0,0,0,0,0,0
2289,FAKE_WEDDING_75_2289,Wedding,Wedding,75,281250,750,0,0,1,1,1,1,1,1,1,1,1,1,1,10,12,0,7,20,0x81,200,1000,500,500,0,0,0,0,0,0,0,0,0,0,0,0,0,0,0,0,0,0,0,0,0,0,0,0,0,0,0,0
2290,FAKE_WEDDING_88_2290,Wedding,Wedding,88,387200,880,0,0,1,1,1,1,1,1,1,1,1,1,1,10,12,0,7,20,0x81,180,1000,500,500,0,0,0,0,0,0,0,0,0,0,0,0,0,0,0,0,0,0,0,0,0,0,0,0,0,0,0,0
2291,FAKE_WEDDING_99_2291,Wedding,Wedding,99,490050,990,0,0,1,1,1,1,1,1,1,1,1,1,1,10,12,0,7,20,0x81,250,1000,500,500,0,0,0,0,0,0,0,0,0,0,0,0,0,0,0,0,0,0,0,0,0,0,0,0,0,0,0,0
2292,FAKE_SUPER_NOVICE_7_2292,Super Novice,Super Novice,7,5000,70,0,0,1,1,1,1,1,1,1,1,1,1,1,10,12,0,7,20,0x81,250,1000,500,500,0,0,0,0,0,0,0,0,0,0,0,0,0,0,0,0,0,0,0,0,0,0,0,0,0,0,0,0
2293,FAKE_SUPER_NOVICE_24_2293,Super Novice,Super Novice,24,28800,240,0,0,1,1,1,1,1,1,1,1,1,1,1,10,12,0,7,20,0x81,200,1000,500,500,0,0,0,0,0,0,0,0,0,0,0,0,0,0,0,0,0,0,0,0,0,0,0,0,0,0,0,0
2294,FAKE_SUPER_NOVICE_51_2294,Super Novice,Super Novice,51,130050,510,0,0,1,1,1,1,1,1,1,1,1,1,1,10,12,0,7,20,0x81,150,1000,500,500,0,0,0,0,0,0,0,0,0,0,0,0,0,0,0,0,0,0,0,0,0,0,0,0,0,0,0,0
2295,FAKE_SUPER_NOVICE_99_2295,Super Novice,Super Novice,99,490050,990,0,0,1,1,1,1,1,1,1,1,1,1,1,10,12,0,7,20,0x81,180,1000,500,500,0,0,0,0,0,0,0,0,0,0,0,0,0,0,0,0,0,0,0,0,0,0,0,0,0,0,0,0
2296,FAKE_GUNSLINGER_54_2296,Gunslinger,Gunslinger,54,145800,540,0,0,1,1,1,1,1,1,1,1,1,1,1,10,12,0,7,20,0x81,150,1000,500,500,0,0,0,0,0,0,0,0,0,0,0,0,0,0,0,0,0,0,0,0,0,0,0,0,0,0,0,0
2297,FAKE_GUNSLINGER_82_2297,Gunslinger,Gunslinger,82,336200,820,0,0,1,1,1,1,1,1,1,1,1,1,1,10,12,0,7,20,0x81,200,1000,500,500,0,0,0,0,0,0,0,0,0,0,0,0,0,0,0,0,0,0,0,0,0,0,0,0,0,0,0,0
2298,FAKE_GUNSLINGER_97_2298,Gunslinger,Gunslinger,97,470450,970,0,0,1,1,1,1,1,1,1,1,1,1,1,10,12,0,7,20,0x81,180,1000,500,500,0,0,0,0,0,0,0,0,0,0,0,0,0,0,0,0,0,0,0,0,0,0,0,0,0,0,0,0
2299,FAKE_GUNSLINGER_99_2299,Gunslinger,Gunslinger,99,490050,990,0,0,1,1,1,1,1,1,1,1,1,1,1,10,12,0,7,20,0x81,200,1000,500,500,0,0,0,0,0,0,0,0,0,0,0,0,0,0,0,0,0,0,0,0,0,0,0,0,0,0,0,0
2300,FAKE_NINJA_49_2300,Ninja,Ninja,49,120050,490,0,0,1,1,1,1,1,1,1,1,1,1,1,10,12,0,7,20,0x81,250,1000,500,500,0,0,0,0,0,0,0,0,0,0,0,0,0,0,0,0,0,0,0,0,0,0,0,0,0,0,0,0
2301,FAKE_NINJA_77_2301,Ninja,Ninja,77,296450,770,0,0,1,1,1,1,1,1,1,1,1,1,1,10,12,0,7,20,0x81,150,1000,500,500,0,0,0,0,0,0,0,0,0,0,0,0,0,0,0,0,0,0,0,0,0,0,0,0,0,0,0,0
2302,FAKE_NINJA_98_2302,Ninja,Ninja,98,480200,980,0,0,1,1,1,1,1,1,1,1,1,1,1,10,12,0,7,20,0x81,180,1000,500,500,0,0,0,0,0,0,0,0,0,0,0,0,0,0,0,0,0,0,0,0,0,0,0,0,0,0,0,0
2303,FAKE_NINJA_99_2303,Ninja,Ninja,99,490050,990,0,0,1,1,1,1,1,1,1,1,1,1,1,10,12,0,7,20,0x81,250,1000,500,500,0,0,0,0,0,0,0,0,0,0,0,0,0,0,0,0,0,0,0,0,0,0,0,0,0,0,0,0
2304,FAKE_NOVICE_HIGH_4_2304,Novice High,Novice High,4,5000,40,0,0,1,1,1,1,1,1,1,1,1,1,1,10,12,0,7,20,0x81,200,1000,500,500,0,0,0,0,0,0,0,0,0,0,0,0,0,0,0,0,0,0,0,0,0,0,0,0,0,0,0,0
2305,FAKE_NOVICE_HIGH_24_2305,Novice High,Novice High,24,28800,240,0,0,1,1,1,1,1,1,1,1,1,1,1,10,12,0,7,20,0x81,200,1000,500,500,0,0,0,0,0,0,0,0,0,0,0,0,0,0,0,0,0,0,0,0,0,0,0,0,0,0,0,0
2306,FAKE_NOVICE_HIGH_63_2306,Novice High,Novice High,63,198450,630,0,0,1,1,1,1,1,1,1,1,1,1,1,10,12,0,7,20,0x81,200,1000,500,500,0,0,0,0,0,0,0,0,0,0,0,0,0,0,0,0,0,0,0,0,0,0,0,0,0,0,0,0
2307,FAKE_NOVICE_HIGH_99_2307,Novice High,Novice High,99,490050,990,0,0,1,1,1,1,1,1,1,1,1,1,1,10,12,0,7,20,0x81,150,1000,500,500,0,0,0,0,0,0,0,0,0,0,0,0,0,0,0,0,0,0,0,0,0,0,0,0,0,0,0,0
2308,FAKE_SWORDMAN_HIGH_34_2308,Swordman High,Swordman High,34,57800,340,0,0,1,1,1,1,1,1,1,1,1,1,1,10,12,0,7,20,0x81,180,1000,500,500,0,0,0,0,0,0,0,0,0,0,0,0,0,0,0,0,0,0,0,0,0,0,0,0,0,0,0,0
2309,FAKE_SWORDMAN_HIGH_42_2309,Swordman High,Swordman High,42,88200,420,0,0,1,1,1,1,1,1,1,1,1,1,1,10,12,0,7,20,0x81,250,1000,500,500,0,0,0,0,0,0,0,0,0,0,0,0,0,0,0,0,0,0,0,0,0,0,0,0,0,0,0,0
2310,FAKE_SWORDMAN_HIGH_56_2310,Swordman High,Swordman High,56,156800,560,0,0,1,1,1,1,1,1,1,1,1,1,1,10,12,0,7,20,0x81,150,1000,500,500,0,0,0,0,0,0,0,0,0,0,0,0,0,0,0,0,0,0,0,0,0,0,0,0,0,0,0,0
2311,FAKE_SWORDMAN_HIGH_99_2311,Swordman High,Swordman High,99,490050,990,0,0,1,1,1,1,1,1,1,1,1,1,1,10,12,0,7,20,0x81,180,1000,500,500,0,0,0,0,0,0,0,0,0,0,0,0,0,0,0,0,0,0,0,0,0,0,0,0,0,0,0,0
2312,FAKE_MAGICIAN_HIGH_33_2312,Magician High,Magician High,33,54450,330,0,0,1,1,1,1,1,1,1,1,1,1,1,10,12,0,7,20,0x81,150,1000,500,500,0,0,0,0,0,0,0,0,0,0,0,0,0,0,0,0,0,0,0,0,0,0,0,0,0,0,0,0
2313,FAKE_MAGICIAN_HIGH_47_2313,Magician High,Magician High,47,110450,470,0,0,1,1,1,1,1,1,1,1,1,1,1,10,12,0,7,20,0x81,200,1000,500,500,0,0,0,0,0,0,0,0,0,0,0,0,0,0,0,0,0,0,0,0,0,0,0,0,0,0,0,0
2314,FAKE_MAGICIAN_HIGH_71_2314,Magician High,Magician High,71,252050,710,0,0,1,1,1,1,1,1,1,1,1,1,1,10,12,0,7,20,0x81,250,1000,500,500,0,0,0,0,0,0,0,0,0,0,0,0,0,0,0,0,0,0,0,0,0,0,0,0,0,0,0,0
2315,FAKE_MAGICIAN_HIGH_99_2315,Magician High,Magician High,99,490050,990,0,0,1,1,1,1,1,1,1,1,1,1,1,10,12,0,7,20,0x81,180,1000,500,500,0,0,0,0,0,0,0,0,0,0,0,0,0,0,0,0,0,0,0,0,0,0,0,0,0,0,0,0
2316,FAKE_ARCHER_HIGH_15_2316,Archer High,Archer High,15,11250,150,0,0,1,1,1,1,1,1,1,1,1,1,1,10,12,0,7,20,0x81,250,1000,500,500,0,0,0,0,0,0,0,0,0,0,0,0,0,0,0,0,0,0,0,0,0,0,0,0,0,0,0,0
2317,FAKE_ARCHER_HIGH_38_2317,Archer High,Archer High,38,72200,380,0,0,1,1,1,1,1,1,1,1,1,1,1,10,12,0,7,20,0x81,150,1000,500,500,0,0,0,0,0,0,0,0,0,0,0,0,0,0,0,0,0,0,0,0,0,0,0,0,0,0,0,0
2318,FAKE_ARCHER_HIGH_64_2318,Archer High,Archer High,64,204800,640,0,0,1,1,1,1,1,1,1,1,1,1,1,10,12,0,7,20,0x81,150,1000,500,500,0,0,0,0,0,0,0,0,0,0,0,0,0,0,0,0,0,0,0,0,0,0,0,0,0,0,0,0
2319,FAKE_ARCHER_HIGH_99_2319,Archer High,Archer High,99,490050,990,0,0,1,1,1,1,1,1,1,1,1,1,1,10,12,0,7,20,0x81,250,1000,500,500,0,0,0,0,0,0,0,0,0,0,0,0,0,0,0,0,0,0,0,0,0,0,0,0,0,0,0,0
2320,FAKE_ACOLYTE_HIGH_26_2320,Acolyte High,Acolyte High,26,33800,260,0,0,1,1,1,1,1,1,1,1,1,1,1,10,12,0,7,20,0x81,180,1000,500,500,0,0,0,0,0,0,0,0,0,0,0,0,0,0,0,0,0,0,0,0,0,0,0,0,0,0,0,0
2321,FAKE_ACOLYTE_HIGH_51_2321,Acolyte High,Acolyte High,51,130050,510,0,0,1,1,1,1,1,1,1,1,1,1,1,10,12,0,7,20,0x81,200,1000,500,500,0,0,0,0,0,0,0,0,0,0,0,0,0,0,0,0,0,0,0,0,0,0,0,0,0,0,0,0
2322,FAKE_ACOLYTE_HIGH_57_2322,Acolyte High,Acolyte High,57,162450,570,0,0,1,1,1,1,1,1,1,1,1,1,1,10,12,0,7,20,0x81,200,1000,500,500,0,0,0,0,0,0,0,0,0,0,0,0,0,0,0,0,0,0,0,0,0,0,0,0,0,0,0,0
2323,FAKE_ACOLYTE_HIGH_99_2323,Acolyte High,Acolyte High,99,490050,990,0,0,1,1,1,1,1,1,1,1,1,1,1,10,12,0,7,20,0x81,180,1000,500,500,0,0,0,0,0,0,0,0,0,0,0,0,0,0,0,0,0,0,0,0,0,0,0,0,0,0,0,0
2324,FAKE_MERCHANT_HIGH_33_2324,Merchant High,Merchant High,33,54450,330,0,0,1,1,1,1,1,1,1,1,1,1,1,10,12,0,7,20,0x81,200,1000,500,500,0,0,0,0,0,0,0,0,0,0,0,0,0,0,0,0,0,0,0,0,0,0,0,0,0,0,0,0
2325,FAKE_MERCHANT_HIGH_46_2325,Merchant High,Merchant High,46,105800,460,0,0,1,1,1,1,1,1,1,1,1,1,1,10,12,0,7,20,0x81,250,1000,500,500,0,0,0,0,0,0,0,0,0,0,0,0,0,0,0,0,0,0,0,0,0,0,0,0,0,0,0,0
2326,FAKE_MERCHANT_HIGH_62_2326,Merchant High,Merchant High,62,192200,620,0,0,1,1,1,1,1,1,1,1,1,1,1,10,12,0,7,20,0x81,250,1000,500,500,0,0,0,0,0,0,0,0,0,0,0,0,0,0,0,0,0,0,0,0,0,0,0,0,0,0,0,0
2327,FAKE_MERCHANT_HIGH_99_2327,Merchant High,Merchant High,99,490050,990,0,0,1,1,1,1,1,1,1,1,1,1,1,10,12,0,7,20,0x81,180,1000,500,500,0,0,0,0,0,0,0,0,0,0,0,0,0,0,0,0,0,0,0,0,0,0,0,0,0,0,0,0
2328,FAKE_THIEF_HIGH_24_2328,Thief High,Thief High,24,28800,240,0,0,1,1,1,1,1,1,1,1,1,1,1,10,12,0,7,20,0x81,200,1000,500,500,0,0,0,0,0,0,0,0,0,0,0,0,0,0,0,0,0,0,0,0,0,0,0,0,0,0,0,0
2329,FAKE_THIEF_HIGH_49_2329,Thief High,Thief High,49,120050,490,0,0,1,1,1,1,1,1,1,1,1,1,1,10,12,0,7,20,0x81,150,1000,500,500,0,0,0,0,0,0,0,0,0,0,0,0,0,0,0,0,0,0,0,0,0,0,0,0,0,0,0,0
2330,FAKE_THIEF_HIGH_67_2330,Thief High,Thief High,67,224450,670,0,0,1,1,1,1,1,1,1,1,1,1,1,10,12,0,7,20,0x81,200,1000,500,500,0,0,0,0,0,0,0,0,0,0,0,0,0,0,0,0,0,0,0,0,0,0,0,0,0,0,0,0
2331,FAKE_THIEF_HIGH_99_2331,Thief High,Thief High,99,490050,990,0,0,1,1,1,1,1,1,1,1,1,1,1,10,12,0,7,20,0x81,180,1000,500,500,0,0,0,0,0,0,0,0,0,0,0,0,0,0,0,0,0,0,0,0,0,0,0,0,0,0,0,0
2332,FAKE_LORD_KNIGHT_83_2332,Lord Knight,Lord Knight,83,344450,830,0,0,1,1,1,1,1,1,1,1,1,1,1,10,12,0,7,20,0x81,200,1000,500,500,0,0,0,0,0,0,0,0,0,0,0,0,0,0,0,0,0,0,0,0,0,0,0,0,0,0,0,0
2333,FAKE_LORD_KNIGHT_90_2333,Lord Knight,Lord Knight,90,405000,900,0,0,1,1,1,1,1,1,1,1,1,1,1,10,12,0,7,20,0x81,150,1000,500,500,0,0,0,0,0,0,0,0,0,0,0,0,0,0,0,0,0,0,0,0,0,0,0,0,0,0,0,0
2334,FAKE_LORD_KNIGHT_97_2334,Lord Knight,Lord Knight,97,470450,970,0,0,1,1,1,1,1,1,1,1,1,1,1,10,12,0,7,20,0x81,150,1000,500,500,0,0,0,0,0,0,0,0,0,0,0,0,0,0,0,0,0,0,0,0,0,0,0,0,0,0,0,0
2335,FAKE_LORD_KNIGHT_99_2335,Lord Knight,Lord Knight,99,490050,990,0,0,1,1,1,1,1,1,1,1,1,1,1,10,12,0,7,20,0x81,180,1000,500,500,0,0,0,0,0,0,0,0,0,0,0,0,0,0,0,0,0,0,0,0,0,0,0,0,0,0,0,0
2336,FAKE_HIGH_PRIEST_75_2336,High Priest,High Priest,75,281250,750,0,0,1,1,1,1,1,1,1,1,1,1,1,10,12,0,7,20,0x81,180,1000,500,500,0,0,0,0,0,0,0,0,0,0,0,0,0,0,0,0,0,0,0,0,0,0,0,0,0,0,0,0
2337,FAKE_HIGH_PRIEST_95_2337,High Priest,High Priest,95,451250,950,0,0,1,1,1,1,1,1,1,1,1,1,1,10,12,0,7,20,0x81,200,1000,500,500,0,0,0,0,0,0,0,0,0,0,0,0,0,0,0,0,0,0,0,0,0,0,0,0,0,0,0,0
2338,FAKE_HIGH_PRIEST_96_2338,High Priest,High Priest,96,460800,960,0,0,1,1,1,1,1,1,1,1,1,1,1,10,12,0,7,20,0x81,200,1000,500,500,0,0,0,0,0,0,0,0,0,0,0,0,0,0,0,0,0,0,0,0,0,0,0,0,0,0,0,0
2339,FAKE_HIGH_PRIEST_99_2339,High Priest,High Priest,99,490050,990,0,0,1,1,1,1,1,1,1,1,1,1,1,10,12,0,7,20,0x81,180,1000,500,500,0,0,0,0,0,0,0,0,0,0,0,0,0,0,0,0,0,0,0,0,0,0,0,0,0,0,0,0
2340,FAKE_HIGH_WIZARD_80_2340,High Wizard,High Wizard,80,320000,800,0,0,1,1,1,1,1,1,1,1,1,1,1,10,12,0,7,20,0x81,150,1000,500,500,0,0,0,0,0,0,0,0,0,0,0,0,0,0,0,0,0,0,0,0,0,0,0,0,0,0,0,0
2341,FAKE_HIGH_WIZARD_95_2341,High Wizard,High Wizard,95,451250,950,0,0,1,1,1,1,1,1,1,1,1,1,1,10,12,0,7,20,0x81,180,1000,500,500,0,0,0,0,0,0,0,0,0,0,0,0,0,0,0,0,0,0,0,0,0,0,0,0,0,0,0,0
2342,FAKE_HIGH_WIZARD_97_2342,High Wizard,High Wizard,97,470450,970,0,0,1,1,1,1,1,1,1,1,1,1,1,10,12,0,7,20,0x81,200,1000,500,500,0,0,0,0,0,0,0,0,0,0,0,0,0,0,0,0,0,0,0,0,0,0,0,0,0,0,0,0
2343,FAKE_HIGH_WIZARD_99_2343,High Wizard,High Wizard,99,490050,990,0,0,1,1,1,1,1,1,1,1,1,1,1,10,12,0,7,20,0x81,250,1000,500,500,0,0,0,0,0,0,0,0,0,0,0,0,0,0,0,0,0,0,0,0,0,0,0,0,0,0,0,0
2344,FAKE_WHITESMITH_78_2344,Whitesmith,Whitesmith,78,304200,780,0,0,1,1,1,1,1,1,1,1,1,1,1,10,12,0,7,20,0x81,200,1000,500,500,0,0,0,0,0,0,0,0,0,0,0,0,0,0,0,0,0,0,0,0,0,0,0,0,0,0,0,0
2345,FAKE_WHITESMITH_88_2345,Whitesmith,Whitesmith,88,387200,880,0,0,1,1,1,1,1,1,1,1,1,1,1,10,12,0,7,20,0x81,200,1000,500,500,0,0,0,0,0,0,0,0,0,0,0,0,0,0,0,0,0,0,0,0,0,0,0,0,0,0,0,0
2346,FAKE_WHITESMITH_96_2346,Whitesmith,Whitesmith,96,460800,960,0,0,1,1,1,1,1,1,1,1,1,1,1,10,12,0,7,20,0x81,150,1000,500,500,0,0,0,0,0,0,0,0,0,0,0,0,0,0,0,0,0,0,0,0,0,0,0,0,0,0,0,0
2347,FAKE_WHITESMITH_99_2347,Whitesmith,Whitesmith,99,490050,990,0,0,1,1,1,1,1,1,1,1,1,1,1,10,12,0,7,20,0x81,200,1000,500,500,0,0,0,0,0,0,0,0,0,0,0,0,0,0,0,0,0,0,0,0,0,0,0,0,0,0,0,0
2348,FAKE_SNIPER_81_2348,Sniper,Sniper,81,328050,810,0,0,1,1,1,1,1,1,1,1,1,1,1,10,12,0,7,20,0x81,150,1000,500,500,0,0,0,0,0,0,0,0,0,0,0,0,0,0,0,0,0,0,0,0,0,0,0,0,0,0,0,0
2349,FAKE_SNIPER_95_2349,Sniper,Sniper,95,451250,950,0,0,1,1,1,1,1,1,1,1,1,1,1,10,12,0,7,20,0x81,200,1000,500,500,0,0,0,0,0,0,0,0,0,0,0,0,0,0,0,0,0,0,0,0,0,0,0,0,0,0,0,0
2350,FAKE_SNIPER_98_2350,Sniper,Sniper,98,480200,980,0,0,1,1,1,1,1,1,1,1,1,1,1,10,12,0,7,20,0x81,200,1000,500,500,0,0,0,0,0,0,0,0,0,0,0,0,0,0,0,0,0,0,0,0,0,0,0,0,0,0,0,0
2351,FAKE_SNIPER_99_2351,Sniper,Sniper,99,490050,990,0,0,1,1,1,1,1,1,1,1,1,1,1,10,12,0,7,20,0x81,200,1000,500,500,0,0,0,0,0,0,0,0,0,0,0,0,0,0,0,0,0,0,0,0,0,0,0,0,0,0,0,0
2352,FAKE_ASSASSIN_CROSS_7_2352,Assassin Cross,Assassin Cross,72,259200,720,0,0,1,1,1,1,1,1,1,1,1,1,1,10,12,0,7,20,0x81,150,1000,500,500,0,0,0,0,0,0,0,0,0,0,0,0,0,0,0,0,0,0,0,0,0,0,0,0,0,0,0,0
2353,FAKE_ASSASSIN_CROSS_9_2353,Assassin Cross,Assassin Cross,94,441800,940,0,0,1,1,1,1,1,1,1,1,1,1,1,10,12,0,7,20,0x81,250,1000,500,500,0,0,0,0,0,0,0,0,0,0,0,0,0,0,0,0,0,0,0,0,0,0,0,0,0,0,0,0
2354,FAKE_ASSASSIN_CROSS_9_2354,Assassin Cross,Assassin Cross,96,460800,960,0,0,1,1,1,1,1,1,1,1,1,1,1,10,12,0,7,20,0x81,250,1000,500,500,0,0,0,0,0,0,0,0,0,0,0,0,0,0,0,0,0,0,0,0,0,0,0,0,0,0,0,0
2355,FAKE_ASSASSIN_CROSS_9_2355,Assassin Cross,Assassin Cross,99,490050,990,0,0,1,1,1,1,1,1,1,1,1,1,1,10,12,0,7,20,0x81,150,1000,500,500,0,0,0,0,0,0,0,0,0,0,0,0,0,0,0,0,0,0,0,0,0,0,0,0,0,0,0,0
2356,FAKE_LORD_KNIGHT__PEC_2356,Lord Knight (Peco),Lord Knight (Peco),74,273800,740,0,0,1,1,1,1,1,1,1,1,1,1,1,10,12,0,7,20,0x81,150,1000,500,500,0,0,0,0,0,0,0,0,0,0,0,0,0,0,0,0,0,0,0,0,0,0,0,0,0,0,0,0
2357,FAKE_LORD_KNIGHT__PEC_2357,Lord Knight (Peco),Lord Knight (Peco),87,378450,870,0,0,1,1,1,1,1,1,1,1,1,1,1,10,12,0,7,20,0x81,250,1000,500,500,0,0,0,0,0,0,0,0,0,0,0,0,0,0,0,0,0,0,0,0,0,0,0,0,0,0,0,0
2358,FAKE_LORD_KNIGHT__PEC_2358,Lord Knight (Peco),Lord Knight (Peco),97,470450,970,0,0,1,1,1,1,1,1,1,1,1,1,1,10,12,0,7,20,0x81,250,1000,500,500,0,0,0,0,0,0,0,0,0,0,0,0,0,0,0,0,0,0,0,0,0,0,0,0,0,0,0,0
2359,FAKE_LORD_KNIGHT__PEC_2359,Lord Knight (Peco),Lord Knight (Peco),99,490050,990,0,0,1,1,1,1,1,1,1,1,1,1,1,10,12,0,7,20,0x81,180,1000,500,500,0,0,0,0,0,0,0,0,0,0,0,0,0,0,0,0,0,0,0,0,0,0,0,0,0,0,0,0
2360,FAKE_PALADIN_75_2360,Paladin,Paladin,75,281250,750,0,0,1,1,1,1,1,1,1,1,1,1,1,10,12,0,7,20,0x81,250,1000,500,500,0,0,0,0,0,0,0,0,0,0,0,0,0,0,0,0,0,0,0,0,0,0,0,0,0,0,0,0
2361,FAKE_PALADIN_93_2361,Paladin,Paladin,93,432450,930,0,0,1,1,1,1,1,1,1,1,1,1,1,10,12,0,7,20,0x81,150,1000,500,500,0,0,0,0,0,0,0,0,0,0,0,0,0,0,0,0,0,0,0,0,0,0,0,0,0,0,0,0
2362,FAKE_PALADIN_98_2362,Paladin,Paladin,98,480200,980,0,0,1,1,1,1,1,1,1,1,1,1,1,10,12,0,7,20,0x81,200,1000,500,500,0,0,0,0,0,0,0,0,0,0,0,0,0,0,0,0,0,0,0,0,0,0,0,0,0,0,0,0
2363,FAKE_PALADIN_99_2363,Paladin,Paladin,99,490050,990,0,0,1,1,1,1,1,1,1,1,1,1,1,10,12,0,7,20,0x81,200,1000,500,500,0,0,0,0,0,0,0,0,0,0,0,0,0,0,0,0,0,0,0,0,0,0,0,0,0,0,0,0
2364,FAKE_CHAMPION_77_2364,Champion,Champion,77,296450,770,0,0,1,1,1,1,1,1,1,1,1,1,1,10,12,0,7,20,0x81,200,1000,500,500,0,0,0,0,0,0,0,0,0,0,0,0,0,0,0,0,0,0,0,0,0,0,0,0,0,0,0,0
2365,FAKE_CHAMPION_89_2365,Champion,Champion,89,396050,890,0,0,1,1,1,1,1,1,1,1,1,1,1,10,12,0,7,20,0x81,150,1000,500,500,0,0,0,0,0,0,0,0,0,0,0,0,0,0,0,0,0,0,0,0,0,0,0,0,0,0,0,0
2366,FAKE_CHAMPION_97_2366,Champion,Champion,97,470450,970,0,0,1,1,1,1,1,1,1,1,1,1,1,10,12,0,7,20,0x81,150,1000,500,500,0,0,0,0,0,0,0,0,0,0,0,0,0,0,0,0,0,0,0,0,0,0,0,0,0,0,0,0
2367,FAKE_CHAMPION_99_2367,Champion,Champion,99,490050,990,0,0,1,1,1,1,1,1,1,1,1,1,1,10,12,0,7,20,0x81,200,1000,500,500,0,0,0,0,0,0,0,0,0,0,0,0,0,0,0,0,0,0,0,0,0,0,0,0,0,0,0,0
2368,FAKE_PROFESSOR_77_2368,Professor,Professor,77,296450,770,0,0,1,1,1,1,1,1,1,1,1,1,1,10,12,0,7,20,0x81,200,1000,500,500,0,0,0,0,0,0,0,0,0,0,0,0,0,0,0,0,0,0,0,0,0,0,0,0,0,0,0,0
2369,FAKE_PROFESSOR_86_2369,Professor,Professor,86,369800,860,0,0,1,1,1,1,1,1,1,1,1,1,1,10,12,0,7,20,0x81,250,1000,500,500,0,0,0,0,0,0,0,0,0,0,0,0,0,0,0,0,0,0,0,0,0,0,0,0,0,0,0,0
2370,FAKE_PROFESSOR_96_2370,Professor,Professor,96,460800,960,0,0,1,1,1,1,1,1,1,1,1,1,1,10,12,0,7,20,0x81,250,1000,500,500,0,0,0,0,0,0,0,0,0,0,0,0,0,0,0,0,0,0,0,0,0,0,0,0,0,0,0,0
2371,FAKE_PROFESSOR_99_2371,Professor,Professor,99,490050,990,0,0,1,1,1,1,1,1,1,1,1,1,1,10,12,0,7,20,0x81,150,1000,500,500,0,0,0,0,0,0,0,0,0,0,0,0,0,0,0,0,0,0,0,0,0,0,0,0,0,0,0,0
2372,FAKE_STALKER_76_2372,Stalker,Stalker,76,288800,760,0,0,1,1,1,1,1,1,1,1,1,1,1,10,12,0,7,20,0x81,150,1000,500,500,0,0,0,0,0,0,0,0,0,0,0,0,0,0,0,0,0,0,0,0,0,0,0,0,0,0,0,0
2373,FAKE_STALKER_91_2373,Stalker,Stalker,91,414050,910,0,0,1,1,1,1,1,1,1,1,1,1,1,10,12,0,7,20,0x81,200,1000,500,500,0,0,0,0,0,0,0,0,0,0,0,0,0,0,0,0,0,0,0,0,0,0,0,0,0,0,0,0
2374,FAKE_STALKER_97_2374,Stalker,Stalker,97,470450,970,0,0,1,1,1,1,1,1,1,1,1,1,1,10,12,0,7,20,0x81,250,1000,500,500,0,0,0,0,0,0,0,0,0,0,0,0,0,0,0,0,0,0,0,0,0,0,0,0,0,0,0,0
2375,FAKE_STALKER_99_2375,Stalker,Stalker,99,490050,990,0,0,1,1,1,1,1,1,1,1,1,1,1,10,12,0,7,20,0x81,250,1000,500,500,0,0,0,0,0,0,0,0,0,0,0,0,0,0,0,0,0,0,0,0,0,0,0,0,0,0,0,0
2376,FAKE_CREATOR_75_2376,Creator,Creator,75,281250,750,0,0,1,1,1,1,1,1,1,1,1,1,1,10,12,0,7,20,0x81,150,1000,500,500,0,0,0,0,0,0,0,0,0,0,0,0,0,0,0,0,0,0,0,0,0,0,0,0,0,0,0,0
2377,FAKE_CREATOR_93_2377,Creator,Creator,93,432450,930,0,0,1,1,1,1,1,1,1,1,1,1,1,10,12,0,7,20,0x81,200,1000,500,500,0,0,0,0,0,0,0,0,0,0,0,0,0,0,0,0,0,0,0,0,0,0,0,0,0,0,0,0
2378,FAKE_CREATOR_97_2378,Creator,Creator,97,470450,970,0,0,1,1,1,1,1,1,1,1,1,1,1,10,12,0,7,20,0x81,150,1000,500,500,0,0,0,0,0,0,0,0,0,0,0,0,0,0,0,0,0,0,0,0,0,0,0,0,0,0,0,0
2379,FAKE_CREATOR_99_2379,Creator,Creator,99,490050,990,0,0,1,1,1,1,1,1,1,1,1,1,1,10,12,0,7,20,0x81,200,1000,500,500,0,0,0,0,0,0,0,0,0,0,0,0,0,0,0,0,0,0,0,0,0,0,0,0,0,0,0,0
2380,FAKE_CLOWN_70_2380,Clown,Clown,70,245000,700,0,0,1,1,1,1,1,1,1,1,1,1,1,10,12,0,7,20,0x81,180,1000,500,500,0,0,0,0,0,0,0,0,0,0,0,0,0,0,0,0,0,0,0,0,0,0,0,0,0,0,0,0
2381,FAKE_CLOWN_94_2381,Clown,Clown,94,441800,940,0,0,1,1,1,1,1,1,1,1,1,1,1,10,12,0,7,20,0x81,200,1000,500,500,0,0,0,0,0,0,0,0,0,0,0,0,0,0,0,0,0,0,0,0,0,0,0,0,0,0,0,0
2382,FAKE_CLOWN_96_2382,Clown,Clown,96,460800,960,0,0,1,1,1,1,1,1,1,1,1,1,1,10,12,0,7,20,0x81,150,1000,500,500,0,0,0,0,0,0,0,0,0,0,0,0,0,0,0,0,0,0,0,0,0,0,0,0,0,0,0,0
2383,FAKE_CLOWN_99_2383,Clown,Clown,99,490050,990,0,0,1,1,1,1,1,1,1,1,1,1,1,10,12,0,7,20,0x81,150,1000,500,500,0,0,0,0,0,0,0,0,0,0,0,0,0,0,0,0,0,0,0,0,0,0,0,0,0,0,0,0
2384,FAKE_GYPSY_78_2384,Gypsy,Gypsy,78,304200,780,0,0,1,1,1,1,1,1,1,1,1,1,1,10,12,0,7,20,0x81,200,1000,500,500,0,0,0,0,0,0,0,0,0,0,0,0,0,0,0,0,0,0,0,0,0,0,0,0,0,0,0,0
2385,FAKE_GYPSY_93_2385,Gypsy,Gypsy,93,432450,930,0,0,1,1,1,1,1,1,1,1,1,1,1,10,12,0,7,20,0x81,180,1000,500,500,0,0,0,0,0,0,0,0,0,0,0,0,0,0,0,0,0,0,0,0,0,0,0,0,0,0,0,0
2386,FAKE_GYPSY_97_2386,Gypsy,Gypsy,97,470450,970,0,0,1,1,1,1,1,1,1,1,1,1,1,10,12,0,7,20,0x81,150,1000,500,500,0,0,0,0,0,0,0,0,0,0,0,0,0,0,0,0,0,0,0,0,0,0,0,0,0,0,0,0
2387,FAKE_GYPSY_99_2387,Gypsy,Gypsy,99,490050,990,0,0,1,1,1,1,1,1,1,1,1,1,1,10,12,0,7,20,0x81,180,1000,500,500,0,0,0,0,0,0,0,0,0,0,0,0,0,0,0,0,0,0,0,0,0,0,0,0,0,0,0,0
2388,FAKE_PALADIN__PECO__8_2388,Paladin (Peco),Paladin (Peco),85,361250,850,0,0,1,1,1,1,1,1,1,1,1,1,1,10,12,0,7,20,0x81,150,1000,500,500,0,0,0,0,0,0,0,0,0,0,0,0,0,0,0,0,0,0,0,0,0,0,0,0,0,0,0,0
2389,FAKE_PALADIN__PECO__8_2389,Paladin (Peco),Paladin (Peco),88,387200,880,0,0,1,1,1,1,1,1,1,1,1,1,1,10,12,0,7,20,0x81,200,1000,500,500,0,0,0,0,0,0,0,0,0,0,0,0,0,0,0,0,0,0,0,0,0,0,0,0,0,0,0,0
2390,FAKE_PALADIN__PECO__9_2390,Paladin (Peco),Paladin (Peco),97,470450,970,0,0,1,1,1,1,1,1,1,1,1,1,1,10,12,0,7,20,0x81,150,1000,500,500,0,0,0,0,0,0,0,0,0,0,0,0,0,0,0,0,0,0,0,0,0,0,0,0,0,0,0,0
2391,FAKE_PALADIN__PECO__9_2391,Paladin (Peco),Paladin (Peco),99,490050,990,0,0,1,1,1,1,1,1,1,1,1,1,1,10,12,0,7,20,0x81,200,1000,500,500,0,0,0,0,0,0,0,0,0,0,0,0,0,0,0,0,0,0,0,0,0,0,0,0,0,0,0,0
2392,FAKE_BABY_NOVICE_3_2392,Baby Novice,Baby Novice,3,5000,30,0,0,1,1,1,1,1,1,1,1,1,1,1,10,12,0,7,20,0x81,200,1000,500,500,0,0,0,0,0,0,0,0,0,0,0,0,0,0,0,0,0,0,0,0,0,0,0,0,0,0,0,0
2393,FAKE_BABY_NOVICE_16_2393,Baby Novice,Baby Novice,16,12800,160,0,0,1,1,1,1,1,1,1,1,1,1,1,10,12,0,7,20,0x81,200,1000,500,500,0,0,0,0,0,0,0,0,0,0,0,0,0,0,0,0,0,0,0,0,0,0,0,0,0,0,0,0
2394,FAKE_BABY_NOVICE_41_2394,Baby Novice,Baby Novice,41,84050,410,0,0,1,1,1,1,1,1,1,1,1,1,1,10,12,0,7,20,0x81,200,1000,500,500,0,0,0,0,0,0,0,0,0,0,0,0,0,0,0,0,0,0,0,0,0,0,0,0,0,0,0,0
2395,FAKE_BABY_NOVICE_99_2395,Baby Novice,Baby Novice,99,490050,990,0,0,1,1,1,1,1,1,1,1,1,1,1,10,12,0,7,20,0x81,150,1000,500,500,0,0,0,0,0,0,0,0,0,0,0,0,0,0,0,0,0,0,0,0,0,0,0,0,0,0,0,0
2396,FAKE_BABY_SWORDMAN_14_2396,Baby Swordman,Baby Swordman,14,9800,140,0,0,1,1,1,1,1,1,1,1,1,1,1,10,12,0,7,20,0x81,250,1000,500,500,0,0,0,0,0,0,0,0,0,0,0,0,0,0,0,0,0,0,0,0,0,0,0,0,0,0,0,0
2397,FAKE_BABY_SWORDMAN_64_2397,Baby Swordman,Baby Swordman,64,204800,640,0,0,1,1,1,1,1,1,1,1,1,1,1,10,12,0,7,20,0x81,200,1000,500,500,0,0,0,0,0,0,0,0,0,0,0,0,0,0,0,0,0,0,0,0,0,0,0,0,0,0,0,0
2398,FAKE_BABY_SWORDMAN_76_2398,Baby Swordman,Baby Swordman,76,288800,760,0,0,1,1,1,1,1,1,1,1,1,1,1,10,12,0,7,20,0x81,200,1000,500,500,0,0,0,0,0,0,0,0,0,0,0,0,0,0,0,0,0,0,0,0,0,0,0,0,0,0,0,0
2399,FAKE_BABY_SWORDMAN_99_2399,Baby Swordman,Baby Swordman,99,490050,990,0,0,1,1,1,1,1,1,1,1,1,1,1,10,12,0,7,20,0x81,180,1000,500,500,0,0,0,0,0,0,0,0,0,0,0,0,0,0,0,0,0,0,0,0,0,0,0,0,0,0,0,0
2400,FAKE_BABY_MAGICIAN_35_2400,Baby Magician,Baby Magician,35,61250,350,0,0,1,1,1,1,1,1,1,1,1,1,1,10,12,0,7,20,0x81,150,1000,500,500,0,0,0,0,0,0,0,0,0,0,0,0,0,0,0,0,0,0,0,0,0,0,0,0,0,0,0,0
2401,FAKE_BABY_MAGICIAN_63_2401,Baby Magician,Baby Magician,63,198450,630,0,0,1,1,1,1,1,1,1,1,1,1,1,10,12,0,7,20,0x81,200,1000,500,500,0,0,0,0,0,0,0,0,0,0,0,0,0,0,0,0,0,0,0,0,0,0,0,0,0,0,0,0
2402,FAKE_BABY_MAGICIAN_71_2402,Baby Magician,Baby Magician,71,252050,710,0,0,1,1,1,1,1,1,1,1,1,1,1,10,12,0,7,20,0x81,200,1000,500,500,0,0,0,0,0,0,0,0,0,0,0,0,0,0,0,0,0,0,0,0,0,0,0,0,0,0,0,0
2403,FAKE_BABY_MAGICIAN_99_2403,Baby Magician,Baby Magician,99,490050,990,0,0,1,1,1,1,1,1,1,1,1,1,1,10,12,0,7,20,0x81,250,1000,500,500,0,0,0,0,0,0,0,0,0,0,0,0,0,0,0,0,0,0,0,0,0,0,0,0,0,0,0,0
2404,FAKE_BABY_ARCHER_20_2404,Baby Archer,Baby Archer,20,20000,200,0,0,1,1,1,1,1,1,1,1,1,1,1,10,12,0,7,20,0x81,150,1000,500,500,0,0,0,0,0,0,0,0,0,0,0,0,0,0,0,0,0,0,0,0,0,0,0,0,0,0,0,0
2405,FAKE_BABY_ARCHER_45_2405,Baby Archer,Baby Archer,45,101250,450,0,0,1,1,1,1,1,1,1,1,1,1,1,10,12,0,7,20,0x81,180,1000,500,500,0,0,0,0,0,0,0,0,0,0,0,0,0,0,0,0,0,0,0,0,0,0,0,0,0,0,0,0
2406,FAKE_BABY_ARCHER_72_2406,Baby Archer,Baby Archer,72,259200,720,0,0,1,1,1,1,1,1,1,1,1,1,1,10,12,0,7,20,0x81,180,1000,500,500,0,0,0,0,0,0,0,0,0,0,0,0,0,0,0,0,0,0,0,0,0,0,0,0,0,0,0,0
2407,FAKE_BABY_ARCHER_99_2407,Baby Archer,Baby Archer,99,490050,990,0,0,1,1,1,1,1,1,1,1,1,1,1,10,12,0,7,20,0x81,150,1000,500,500,0,0,0,0,0,0,0,0,0,0,0,0,0,0,0,0,0,0,0,0,0,0,0,0,0,0,0,0
2408,FAKE_BABY_ACOLYTE_16_2408,Baby Acolyte,Baby Acolyte,16,12800,160,0,0,1,1,1,1,1,1,1,1,1,1,1,10,12,0,7,20,0x81,150,1000,500,500,0,0,0,0,0,0,0,0,0,0,0,0,0,0,0,0,0,0,0,0,0,0,0,0,0,0,0,0
2409,FAKE_BABY_ACOLYTE_56_2409,Baby Acolyte,Baby Acolyte,56,156800,560,0,0,1,1,1,1,1,1,1,1,1,1,1,10,12,0,7,20,0x81,250,1000,500,500,0,0,0,0,0,0,0,0,0,0,0,0,0,0,0,0,0,0,0,0,0,0,0,0,0,0,0,0
2410,FAKE_BABY_ACOLYTE_87_2410,Baby Acolyte,Baby Acolyte,87,378450,870,0,0,1,1,1,1,1,1,1,1,1,1,1,10,12,0,7,20,0x81,250,1000,500,500,0,0,0,0,0,0,0,0,0,0,0,0,0,0,0,0,0,0,0,0,0,0,0,0,0,0,0,0
2411,FAKE_BABY_ACOLYTE_99_2411,Baby Acolyte,Baby Acolyte,99,490050,990,0,0,1,1,1,1,1,1,1,1,1,1,1,10,12,0,7,20,0x81,250,1000,500,500,0,0,0,0,0,0,0,0,0,0,0,0,0,0,0,0,0,0,0,0,0,0,0,0,0,0,0,0
2412,FAKE_BABY_MERCHANT_34_2412,Baby Merchant,Baby Merchant,34,57800,340,0,0,1,1,1,1,1,1,1,1,1,1,1,10,12,0,7,20,0x81,150,1000,500,500,0,0,0,0,0,0,0,0,0,0,0,0,0,0,0,0,0,0,0,0,0,0,0,0,0,0,0,0
2413,FAKE_BABY_MERCHANT_42_2413,Baby Merchant,Baby Merchant,42,88200,420,0,0,1,1,1,1,1,1,1,1,1,1,1,10,12,0,7,20,0x81,250,1000,500,500,0,0,0,0,0,0,0,0,0,0,0,0,0,0,0,0,0,0,0,0,0,0,0,0,0,0,0,0
2414,FAKE_BABY_MERCHANT_88_2414,Baby Merchant,Baby Merchant,88,387200,880,0,0,1,1,1,1,1,1,1,1,1,1,1,10,12,0,7,20,0x81,250,1000,500,500,0,0,0,0,0,0,0,0,0,0,0,0,0,0,0,0,0,0,0,0,0,0,0,0,0,0,0,0
2415,FAKE_BABY_MERCHANT_99_2415,Baby Merchant,Baby Merchant,99,490050,990,0,0,1,1,1,1,1,1,1,1,1,1,1,10,12,0,7,20,0x81,200,1000,500,500,0,0,0,0,0,0,0,0,0,0,0,0,0,0,0,0,0,0,0,0,0,0,0,0,0,0,0,0
2416,FAKE_BABY_THIEF_30_2416,Baby Thief,Baby Thief,30,45000,300,0,0,1,1,1,1,1,1,1,1,1,1,1,10,12,0,7,20,0x81,180,1000,500,500,0,0,0,0,0,0,0,0,0,0,0,0,0,0,0,0,0,0,0,0,0,0,0,0,0,0,0,0
2417,FAKE_BABY_THIEF_57_2417,Baby Thief,Baby Thief,57,162450,570,0,0,1,1,1,1,1,1,1,1,1,1,1,10,12,0,7,20,0x81,180,1000,500,500,0,0,0,0,0,0,0,0,0,0,0,0,0,0,0,0,0,0,0,0,0,0,0,0,0,0,0,0
2418,FAKE_BABY_THIEF_76_2418,Baby Thief,Baby Thief,76,288800,760,0,0,1,1,1,1,1,1,1,1,1,1,1,10,12,0,7,20,0x81,180,1000,500,500,0,0,0,0,0,0,0,0,0,0,0,0,0,0,0,0,0,0,0,0,0,0,0,0,0,0,0,0
2419,FAKE_BABY_THIEF_99_2419,Baby Thief,Baby Thief,99,490050,990,0,0,1,1,1,1,1,1,1,1,1,1,1,10,12,0,7,20,0x81,250,1000,500,500,0,0,0,0,0,0,0,0,0,0,0,0,0,0,0,0,0,0,0,0,0,0,0,0,0,0,0,0
2420,FAKE_BABY_KNIGHT_28_2420,Baby Knight,Baby Knight,28,39200,280,0,0,1,1,1,1,1,1,1,1,1,1,1,10,12,0,7,20,0x81,250,1000,500,500,0,0,0,0,0,0,0,0,0,0,0,0,0,0,0,0,0,0,0,0,0,0,0,0,0,0,0,0
2421,FAKE_BABY_KNIGHT_65_2421,Baby Knight,Baby Knight,65,211250,650,0,0,1,1,1,1,1,1,1,1,1,1,1,10,12,0,7,20,0x81,250,1000,500,500,0,0,0,0,0,0,0,0,0,0,0,0,0,0,0,0,0,0,0,0,0,0,0,0,0,0,0,0
2422,FAKE_BABY_KNIGHT_67_2422,Baby Knight,Baby Knight,67,224450,670,0,0,1,1,1,1,1,1,1,1,1,1,1,10,12,0,7,20,0x81,200,1000,500,500,0,0,0,0,0,0,0,0,0,0,0,0,0,0,0,0,0,0,0,0,0,0,0,0,0,0,0,0
2423,FAKE_BABY_KNIGHT_99_2423,Baby Knight,Baby Knight,99,490050,990,0,0,1,1,1,1,1,1,1,1,1,1,1,10,12,0,7,20,0x81,250,1000,500,500,0,0,0,0,0,0,0,0,0,0,0,0,0,0,0,0,0,0,0,0,0,0,0,0,0,0,0,0
2424,FAKE_BABY_PRIEST_30_2424,Baby Priest,Baby Priest,30,45000,300,0,0,1,1,1,1,1,1,1,1,1,1,1,10,12,0,7,20,0x81,180,1000,500,500,0,0,0,0,0,0,0,0,0,0,0,0,0,0,0,0,0,0,0,0,0,0,0,0,0,0,0,0
2425,FAKE_BABY_PRIEST_39_2425,Baby Priest,Baby Priest,39,76050,390,0,0,1,1,1,1,1,1,1,1,1,1,1,10,12,0,7,20,0x81,200,1000,500,500,0,0,0,0,0,0,0,0,0,0,0,0,0,0,0,0,0,0,0,0,0,0,0,0,0,0,0,0
2426,FAKE_BABY_PRIEST_68_2426,Baby Priest,Baby Priest,68,231200,680,0,0,1,1,1,1,1,1,1,1,1,1,1,10,12,0,7,20,0x81,250,1000,500,500,0,0,0,0,0,0,0,0,0,0,0,0,0,0,0,0,0,0,0,0,0,0,0,0,0,0,0,0
2427,FAKE_BABY_PRIEST_99_2427,Baby Priest,Baby Priest,99,490050,990,0,0,1,1,1,1,1,1,1,1,1,1,1,10,12,0,7,20,0x81,150,1000,500,500,0,0,0,0,0,0,0,0,0,0,0,0,0,0,0,0,0,0,0,0,0,0,0,0,0,0,0,0
2428,FAKE_BABY_WIZARD_29_2428,Baby Wizard,Baby Wizard,29,42050,290,0,0,1,1,1,1,1,1,1,1,1,1,1,10,12,0,7,20,0x81,250,1000,500,500,0,0,0,0,0,0,0,0,0,0,0,0,0,0,0,0,0,0,0,0,0,0,0,0,0,0,0,0
2429,FAKE_BABY_WIZARD_48_2429,Baby Wizard,Baby Wizard,48,115200,480,0,0,1,1,1,1,1,1,1,1,1,1,1,10,12,0,7,20,0x81,250,1000,500,500,0,0,0,0,0,0,0,0,0,0,0,0,0,0,0,0,0,0,0,0,0,0,0,0,0,0,0,0
2430,FAKE_BABY_WIZARD_84_2430,Baby Wizard,Baby Wizard,84,352800,840,0,0,1,1,1,1,1,1,1,1,1,1,1,10,12,0,7,20,0x81,200,1000,500,500,0,0,0,0,0,0,0,0,0,0,0,0,0,0,0,0,0,0,0,0,0,0,0,0,0,0,0,0
2431,FAKE_BABY_WIZARD_99_2431,Baby Wizard,Baby Wizard,99,490050,990,0,0,1,1,1,1,1,1,1,1,1,1,1,10,12,0,7,20,0x81,150,1000,500,500,0,0,0,0,0,0,0,0,0,0,0,0,0,0,0,0,0,0,0,0,0,0,0,0,0,0,0,0
2432,FAKE_BABY_BLACKSMITH__2432,Baby Blacksmith,Baby Blacksmith,32,51200,320,0,0,1,1,1,1,1,1,1,1,1,1,1,10,12,0,7,20,0x81,200,1000,500,500,0,0,0,0,0,0,0,0,0,0,0,0,0,0,0,0,0,0,0,0,0,0,0,0,0,0,0,0
2433,FAKE_BABY_BLACKSMITH__2433,Baby Blacksmith,Baby Blacksmith,55,151250,550,0,0,1,1,1,1,1,1,1,1,1,1,1,10,12,0,7,20,0x81,200,1000,500,500,0,0,0,0,0,0,0,0,0,0,0,0,0,0,0,0,0,0,0,0,0,0,0,0,0,0,0,0
2434,FAKE_BABY_BLACKSMITH__2434,Baby Blacksmith,Baby Blacksmith,79,312050,790,0,0,1,1,1,1,1,1,1,1,1,1,1,10,12,0,7,20,0x81,250,1000,500,500,0,0,0,0,0,0,0,0,0,0,0,0,0,0,0,0,0,0,0,0,0,0,0,0,0,0,0,0
2435,FAKE_BABY_BLACKSMITH__2435,Baby Blacksmith,Baby Blacksmith,99,490050,990,0,0,1,1,1,1,1,1,1,1,1,1,1,10,12,0,7,20,0x81,150,1000,500,500,0,0,0,0,0,0,0,0,0,0,0,0,0,0,0,0,0,0,0,0,0,0,0,0,0,0,0,0
2436,FAKE_BABY_HUNTER_22_2436,Baby Hunter,Baby Hunter,22,24200,220,0,0,1,1,1,1,1,1,1,1,1,1,1,10,12,0,7,20,0x81,250,1000,500,500,0,0,0,0,0,0,0,0,0,0,0,0,0,0,0,0,0,0,0,0,0,0,0,0,0,0,0,0
2437,FAKE_BABY_HUNTER_48_2437,Baby Hunter,Baby Hunter,48,115200,480,0,0,1,1,1,1,1,1,1,1,1,1,1,10,12,0,7,20,0x81,150,1000,500,500,0,0,0,0,0,0,0,0,0,0,0,0,0,0,0,0,0,0,0,0,0,0,0,0,0,0,0,0
2438,FAKE_BABY_HUNTER_74_2438,Baby Hunter,Baby Hunter,74,273800,740,0,0,1,1,1,1,1,1,1,1,1,1,1,10,12,0,7,20,0x81,150,1000,500,500,0,0,0,0,0,0,0,0,0,0,0,0,0,0,0,0,0,0,0,0,0,0,0,0,0,0,0,0
2439,FAKE_BABY_HUNTER_99_2439,Baby Hunter,Baby Hunter,99,490050,990,0,0,1,1,1,1,1,1,1,1,1,1,1,10,12,0,7,20,0x81,180,1000,500,500,0,0,0,0,0,0,0,0,0,0,0,0,0,0,0,0,0,0,0,0,0,0,0,0,0,0,0,0
2440,FAKE_BABY_ASSASSIN_15_2440,Baby Assassin,Baby Assassin,15,11250,150,0,0,1,1,1,1,1,1,1,1,1,1,1,10,12,0,7,20,0x81,150,1000,500,500,0,0,0,0,0,0,0,0,0,0,0,0,0,0,0,0,0,0,0,0,0,0,0,0,0,0,0,0
2441,FAKE_BABY_ASSASSIN_47_2441,Baby Assassin,Baby Assassin,47,110450,470,0,0,1,1,1,1,1,1,1,1,1,1,1,10,12,0,7,20,0x81,180,1000,500,500,0,0,0,0,0,0,0,0,0,0,0,0,0,0,0,0,0,0,0,0,0,0,0,0,0,0,0,0
2442,FAKE_BABY_ASSASSIN_76_2442,Baby Assassin,Baby Assassin,76,288800,760,0,0,1,1,1,1,1,1,1,1,1,1,1,10,12,0,7,20,0x81,150,1000,500,500,0,0,0,0,0,0,0,0,0,0,0,0,0,0,0,0,0,0,0,0,0,0,0,0,0,0,0,0
2443,FAKE_BABY_ASSASSIN_99_2443,Baby Assassin,Baby Assassin,99,490050,990,0,0,1,1,1,1,1,1,1,1,1,1,1,10,12,0,7,20,0x81,150,1000,500,500,0,0,0,0,0,0,0,0,0,0,0,0,0,0,0,0,0,0,0,0,0,0,0,0,0,0,0,0
2444,FAKE_BABY_KNIGHT__PEC_2444,Baby Knight (Peco),Baby Knight (Peco),19,18050,190,0,0,1,1,1,1,1,1,1,1,1,1,1,10,12,0,7,20,0x81,200,1000,500,500,0,0,0,0,0,0,0,0,0,0,0,0,0,0,0,0,0,0,0,0,0,0,0,0,0,0,0,0
2445,FAKE_BABY_KNIGHT__PEC_2445,Baby Knight (Peco),Baby Knight (Peco),41,84050,410,0,0,1,1,1,1,1,1,1,1,1,1,1,10,12,0,7,20,0x81,200,1000,500,500,0,0,0,0,0,0,0,0,0,0,0,0,0,0,0,0,0,0,0,0,0,0,0,0,0,0,0,0
2446,FAKE_BABY_KNIGHT__PEC_2446,Baby Knight (Peco),Baby Knight (Peco),81,328050,810,0,0,1,1,1,1,1,1,1,1,1,1,1,10,12,0,7,20,0x81,180,1000,500,500,0,0,0,0,0,0,0,0,0,0,0,0,0,0,0,0,0,0,0,0,0,0,0,0,0,0,0,0
2447,FAKE_BABY_KNIGHT__PEC_2447,Baby Knight (Peco),Baby Knight (Peco),99,490050,990,0,0,1,1,1,1,1,1,1,1,1,1,1,10,12,0,7,20,0x81,150,1000,500,500,0,0,0,0,0,0,0,0,0,0,0,0,0,0,0,0,0,0,0,0,0,0,0,0,0,0,0,0
2448,FAKE_BABY_CRUSADER_35_2448,Baby Crusader,Baby Crusader,35,61250,350,0,0,1,1,1,1,1,1,1,1,1,1,1,10,12,0,7,20,0x81,150,1000,500,500,0,0,0,0,0,0,0,0,0,0,0,0,0,0,0,0,0,0,0,0,0,0,0,0,0,0,0,0
2449,FAKE_BABY_CRUSADER_37_2449,Baby Crusader,Baby Crusader,37,68450,370,0,0,1,1,1,1,1,1,1,1,1,1,1,10,12,0,7,20,0x81,180,1000,500,500,0,0,0,0,0,0,0,0,0,0,0,0,0,0,0,0,0,0,0,0,0,0,0,0,0,0,0,0
2450,FAKE_BABY_CRUSADER_70_2450,Baby Crusader,Baby Crusader,70,245000,700,0,0,1,1,1,1,1,1,1,1,1,1,1,10,12,0,7,20,0x81,180,1000,500,500,0,0,0,0,0,0,0,0,0,0,0,0,0,0,0,0,0,0,0,0,0,0,0,0,0,0,0,0
2451,FAKE_BABY_CRUSADER_99_2451,Baby Crusader,Baby Crusader,99,490050,990,0,0,1,1,1,1,1,1,1,1,1,1,1,10,12,0,7,20,0x81,250,1000,500,500,0,0,0,0,0,0,0,0,0,0,0,0,0,0,0,0,0,0,0,0,0,0,0,0,0,0,0,0
2452,FAKE_BABY_MONK_22_2452,Baby Monk,Baby Monk,22,24200,220,0,0,1,1,1,1,1,1,1,1,1,1,1,10,12,0,7,20,0x81,150,1000,500,500,0,0,0,0,0,0,0,0,0,0,0,0,0,0,0,0,0,0,0,0,0,0,0,0,0,0,0,0
2453,FAKE_BABY_MONK_37_2453,Baby Monk,Baby Monk,37,68450,370,0,0,1,1,1,1,1,1,1,1,1,1,1,10,12,0,7,20,0x81,180,1000,500,500,0,0,0,0,0,0,0,0,0,0,0,0,0,0,0,0,0,0,0,0,0,0,0,0,0,0,0,0
2454,FAKE_BABY_MONK_76_2454,Baby Monk,Baby Monk,76,288800,760,0,0,1,1,1,1,1,1,1,1,1,1,1,10,12,0,7,20,0x81,200,1000,500,500,0,0,0,0,0,0,0,0,0,0,0,0,0,0,0,0,0,0,0,0,0,0,0,0,0,0,0,0
2455,FAKE_BABY_MONK_99_2455,Baby Monk,Baby Monk,99,490050,990,0,0,1,1,1,1,1,1,1,1,1,1,1,10,12,0,7,20,0x81,250,1000,500,500,0,0,0,0,0,0,0,0,0,0,0,0,0,0,0,0,0,0,0,0,0,0,0,0,0,0,0,0
2456,FAKE_BABY_SAGE_30_2456,Baby Sage,Baby Sage,30,45000,300,0,0,1,1,1,1,1,1,1,1,1,1,1,10,12,0,7,20,0x81,180,1000,500,500,0,0,0,0,0,0,0,0,0,0,0,0,0,0,0,0,0,0,0,0,0,0,0,0,0,0,0,0
2457,FAKE_BABY_SAGE_65_2457,Baby Sage,Baby Sage,65,211250,650,0,0,1,1,1,1,1,1,1,1,1,1,1,10,12,0,7,20,0x81,200,1000,500,500,0,0,0,0,0,0,0,0,0,0,0,0,0,0,0,0,0,0,0,0,0,0,0,0,0,0,0,0
2458,FAKE_BABY_SAGE_80_2458,Baby Sage,Baby Sage,80,320000,800,0,0,1,1,1,1,1,1,1,1,1,1,1,10,12,0,7,20,0x81,180,1000,500,500,0,0,0,0,0,0,0,0,0,0,0,0,0,0,0,0,0,0,0,0,0,0,0,0,0,0,0,0
2459,FAKE_BABY_SAGE_99_2459,Baby Sage,Baby Sage,99,490050,990,0,0,1,1,1,1,1,1,1,1,1,1,1,10,12,0,7,20,0x81,150,1000,500,500,0,0,0,0,0,0,0,0,0,0,0,0,0,0,0,0,0,0,0,0,0,0,0,0,0,0,0,0
2460,FAKE_BABY_ROGUE_16_2460,Baby Rogue,Baby Rogue,16,12800,160,0,0,1,1,1,1,1,1,1,1,1,1,1,10,12,0,7,20,0x81,150,1000,500,500,0,0,0,0,0,0,0,0,0,0,0,0,0,0,0,0,0,0,0,0,0,0,0,0,0,0,0,0
2461,FAKE_BABY_ROGUE_43_2461,Baby Rogue,Baby Rogue,43,92450,430,0,0,1,1,1,1,1,1,1,1,1,1,1,10,12,0,7,20,0x81,250,1000,500,500,0,0,0,0,0,0,0,0,0,0,0,0,0,0,0,0,0,0,0,0,0,0,0,0,0,0,0,0
2462,FAKE_BABY_ROGUE_68_2462,Baby Rogue,Baby Rogue,68,231200,680,0,0,1,1,1,1,1,1,1,1,1,1,1,10,12,0,7,20,0x81,180,1000,500,500,0,0,0,0,0,0,0,0,0,0,0,0,0,0,0,0,0,0,0,0,0,0,0,0,0,0,0,0
2463,FAKE_BABY_ROGUE_99_2463,Baby Rogue,Baby Rogue,99,490050,990,0,0,1,1,1,1,1,1,1,1,1,1,1,10,12,0,7,20,0x81,150,1000,500,500,0,0,0,0,0,0,0,0,0,0,0,0,0,0,0,0,0,0,0,0,0,0,0,0,0,0,0,0
2464,FAKE_BABY_ALCHEMIST_2_2464,Baby Alchemist,Baby Alchemist,25,31250,250,0,0,1,1,1,1,1,1,1,1,1,1,1,10,12,0,7,20,0x81,150,1000,500,500,0,0,0,0,0,0,0,0,0,0,0,0,0,0,0,0,0,0,0,0,0,0,0,0,0,0,0,0
2465,FAKE_BABY_ALCHEMIST_4_2465,Baby Alchemist,Baby Alchemist,47,110450,470,0,0,1,1,1,1,1,1,1,1,1,1,1,10,12,0,7,20,0x81,150,1000,500,500,0,0,0,0,0,0,0,0,0,0,0,0,0,0,0,0,0,0,0,0,0,0,0,0,0,0,0,0
2466,FAKE_BABY_ALCHEMIST_8_2466,Baby Alchemist,Baby Alchemist,84,352800,840,0,0,1,1,1,1,1,1,1,1,1,1,1,10,12,0,7,20,0x81,180,1000,500,500,0,0,0,0,0,0,0,0,0,0,0,0,0,0,0,0,0,0,0,0,0,0,0,0,0,0,0,0
2467,FAKE_BABY_ALCHEMIST_9_2467,Baby Alchemist,Baby Alchemist,99,490050,990,0,0,1,1,1,1,1,1,1,1,1,1,1,10,12,0,7,20,0x81,250,1000,500,500,0,0,0,0,0,0,0,0,0,0,0,0,0,0,0,0,0,0,0,0,0,0,0,0,0,0,0,0
2468,FAKE_BABY_BARD_12_2468,Baby Bard,Baby Bard,12,7200,120,0,0,1,1,1,1,1,1,1,1,1,1,1,10,12,0,7,20,0x81,200,1000,500,500,0,0,0,0,0,0,0,0,0,0,0,0,0,0,0,0,0,0,0,0,0,0,0,0,0,0,0,0
2469,FAKE_BABY_BARD_39_2469,Baby Bard,Baby Bard,39,76050,390,0,0,1,1,1,1,1,1,1,1,1,1,1,10,12,0,7,20,0x81,150,1000,500,500,0,0,0,0,0,0,0,0,0,0,0,0,0,0,0,0,0,0,0,0,0,0,0,0,0,0,0,0
2470,FAKE_BABY_BARD_89_2470,Baby Bard,Baby Bard,89,396050,890,0,0,1,1,1,1,1,1,1,1,1,1,1,10,12,0,7,20,0x81,150,1000,500,500,0,0,0,0,0,0,0,0,0,0,0,0,0,0,0,0,0,0,0,0,0,0,0,0,0,0,0,0
2471,FAKE_BABY_BARD_99_2471,Baby Bard,Baby Bard,99,490050,990,0,0,1,1,1,1,1,1,1,1,1,1,1,10,12,0,7,20,0x81,180,1000,500,500,0,0,0,0,0,0,0,0,0,0,0,0,0,0,0,0,0,0,0,0,0,0,0,0,0,0,0,0
2472,FAKE_BABY_DANCER_18_2472,Baby Dancer,Baby Dancer,18,16200,180,0,0,1,1,1,1,1,1,1,1,1,1,1,10,12,0,7,20,0x81,200,1000,500,500,0,0,0,0,0,0,0,0,0,0,0,0,0,0,0,0,0,0,0,0,0,0,0,0,0,0,0,0
2473,FAKE_BABY_DANCER_59_2473,Baby Dancer,Baby Dancer,59,174050,590,0,0,1,1,1,1,1,1,1,1,1,1,1,10,12,0,7,20,0x81,150,1000,500,500,0,0,0,0,0,0,0,0,0,0,0,0,0,0,0,0,0,0,0,0,0,0,0,0,0,0,0,0
2474,FAKE_BABY_DANCER_82_2474,Baby Dancer,Baby Dancer,82,336200,820,0,0,1,1,1,1,1,1,1,1,1,1,1,10,12,0,7,20,0x81,180,1000,500,500,0,0,0,0,0,0,0,0,0,0,0,0,0,0,0,0,0,0,0,0,0,0,0,0,0,0,0,0
2475,FAKE_BABY_DANCER_99_2475,Baby Dancer,Baby Dancer,99,490050,990,0,0,1,1,1,1,1,1,1,1,1,1,1,10,12,0,7,20,0x81,180,1000,500,500,0,0,0,0,0,0,0,0,0,0,0,0,0,0,0,0,0,0,0,0,0,0,0,0,0,0,0,0
2476,FAKE_BABY_CRUSADER__P_2476,Baby Crusader (Peco),Baby Crusader (Peco),18,16200,180,0,0,1,1,1,1,1,1,1,1,1,1,1,10,12,0,7,20,0x81,250,1000,500,500,0,0,0,0,0,0,0,0,0,0,0,0,0,0,0,0,0,0,0,0,0,0,0,0,0,0,0,0
2477,FAKE_BABY_CRUSADER__P_2477,Baby Crusader (Peco),Baby Crusader (Peco),53,140450,530,0,0,1,1,1,1,1,1,1,1,1,1,1,10,12,0,7,20,0x81,150,1000,500,500,0,0,0,0,0,0,0,0,0,0,0,0,0,0,0,0,0,0,0,0,0,0,0,0,0,0,0,0
2478,FAKE_BABY_CRUSADER__P_2478,Baby Crusader (Peco),Baby Crusader (Peco),84,352800,840,0,0,1,1,1,1,1,1,1,1,1,1,1,10,12,0,7,20,0x81,200,1000,500,500,0,0,0,0,0,0,0,0,0,0,0,0,0,0,0,0,0,0,0,0,0,0,0,0,0,0,0,0
2479,FAKE_BABY_CRUSADER__P_2479,Baby Crusader (Peco),Baby Crusader (Peco),99,490050,990,0,0,1,1,1,1,1,1,1,1,1,1,1,10,12,0,7,20,0x81,200,1000,500,500,0,0,0,0,0,0,0,0,0,0,0,0,0,0,0,0,0,0,0,0,0,0,0,0,0,0,0,0
2480,FAKE_BABY_SUPER_NOVIC_2480,Baby Super Novice,Baby Super Novice,8,5000,80,0,0,1,1,1,1,1,1,1,1,1,1,1,10,12,0,7,20,0x81,180,1000,500,500,0,0,0,0,0,0,0,0,0,0,0,0,0,0,0,0,0,0,0,0,0,0,0,0,0,0,0,0
2481,FAKE_BABY_SUPER_NOVIC_2481,Baby Super Novice,Baby Super Novice,28,39200,280,0,0,1,1,1,1,1,1,1,1,1,1,1,10,12,0,7,20,0x81,150,1000,500,500,0,0,0,0,0,0,0,0,0,0,0,0,0,0,0,0,0,0,0,0,0,0,0,0,0,0,0,0
2482,FAKE_BABY_SUPER_NOVIC_2482,Baby Super Novice,Baby Super Novice,49,120050,490,0,0,1,1,1,1,1,1,1,1,1,1,1,10,12,0,7,20,0x81,180,1000,500,500,0,0,0,0,0,0,0,0,0,0,0,0,0,0,0,0,0,0,0,0,0,0,0,0,0,0,0,0
2483,FAKE_BABY_SUPER_NOVIC_2483,Baby Super Novice,Baby Super Novice,99,490050,990,0,0,1,1,1,1,1,1,1,1,1,1,1,10,12,0,7,20,0x81,200,1000,500,500,0,0,0,0,0,0,0,0,0,0,0,0,0,0,0,0,0,0,0,0,0,0,0,0,0,0,0,0
2484,FAKE_TAEKWON_20_2484,Taekwon,Taekwon,20,20000,200,0,0,1,1,1,1,1,1,1,1,1,1,1,10,12,0,7,20,0x81,150,1000,500,500,0,0,0,0,0,0,0,0,0,0,0,0,0,0,0,0,0,0,0,0,0,0,0,0,0,0,0,0
2485,FAKE_TAEKWON_63_2485,Taekwon,Taekwon,63,198450,630,0,0,1,1,1,1,1,1,1,1,1,1,1,10,12,0,7,20,0x81,150,1000,500,500,0,0,0,0,0,0,0,0,0,0,0,0,0,0,0,0,0,0,0,0,0,0,0,0,0,0,0,0
2486,FAKE_TAEKWON_80_2486,Taekwon,Taekwon,80,320000,800,0,0,1,1,1,1,1,1,1,1,1,1,1,10,12,0,7,20,0x81,200,1000,500,500,0,0,0,0,0,0,0,0,0,0,0,0,0,0,0,0,0,0,0,0,0,0,0,0,0,0,0,0
2487,FAKE_TAEKWON_99_2487,Taekwon,Taekwon,99,490050,990,0,0,1,1,1,1,1,1,1,1,1,1,1,10,12,0,7,20,0x81,180,1000,500,500,0,0,0,0,0,0,0,0,0,0,0,0,0,0,0,0,0,0,0,0,0,0,0,0,0,0,0,0
2488,FAKE_STAR_KNIGHT_48_2488,Star Knight,Star Knight,48,115200,480,0,0,1,1,1,1,1,1,1,1,1,1,1,10,12,0,7,20,0x81,150,1000,500,500,0,0,0,0,0,0,0,0,0,0,0,0,0,0,0,0,0,0,0,0,0,0,0,0,0,0,0,0
2489,FAKE_STAR_KNIGHT_84_2489,Star Knight,Star Knight,84,352800,840,0,0,1,1,1,1,1,1,1,1,1,1,1,10,12,0,7,20,0x81,180,1000,500,500,0,0,0,0,0,0,0,0,0,0,0,0,0,0,0,0,0,0,0,0,0,0,0,0,0,0,0,0
2490,FAKE_STAR_KNIGHT_94_2490,Star Knight,Star Knight,94,441800,940,0,0,1,1,1,1,1,1,1,1,1,1,1,10,12,0,7,20,0x81,150,1000,500,500,0,0,0,0,0,0,0,0,0,0,0,0,0,0,0,0,0,0,0,0,0,0,0,0,0,0,0,0
2491,FAKE_STAR_KNIGHT_99_2491,Star Knight,Star Knight,99,490050,990,0,0,1,1,1,1,1,1,1,1,1,1,1,10,12,0,7,20,0x81,180,1000,500,500,0,0,0,0,0,0,0,0,0,0,0,0,0,0,0,0,0,0,0,0,0,0,0,0,0,0,0,0
2492,FAKE_STAR_KNIGHT__FLY_2492,Star Knight (flying),Star Knight (flying),59,174050,590,0,0,1,1,1,1,1,1,1,1,1,1,1,10,12,0,7,20,0x81,250,1000,500,500,0,0,0,0,0,0,0,0,0,0,0,0,0,0,0,0,0,0,0,0,0,0,0,0,0,0,0,0
2493,FAKE_STAR_KNIGHT__FLY_2493,Star Knight (flying),Star Knight (flying),67,224450,670,0,0,1,1,1,1,1,1,1,1,1,1,1,10,12,0,7,20,0x81,200,1000,500,500,0,0,0,0,0,0,0,0,0,0,0,0,0,0,0,0,0,0,0,0,0,0,0,0,0,0,0,0
2494,FAKE_STAR_KNIGHT__FLY_2494,Star Knight (flying),Star Knight (flying),98,480200,980,0,0,1,1,1,1,1,1,1,1,1,1,1,10,12,0,7,20,0x81,150,1000,500,500,0,0,0,0,0,0,0,0,0,0,0,0,0,0,0,0,0,0,0,0,0,0,0,0,0,0,0,0
2495,FAKE_STAR_KNIGHT__FLY_2495,Star Knight (flying),Star Knight (flying),99,490050,990,0,0,1,1,1,1,1,1,1,1,1,1,1,10,12,0,7,20,0x81,200,1000,500,500,0,0,0,0,0,0,0,0,0,0,0,0,0,0,0,0,0,0,0,0,0,0,0,0,0,0,0,0
2496,FAKE_SOUL_LINKER_54_2496,Soul Linker,Soul Linker,54,145800,540,0,0,1,1,1,1,1,1,1,1,1,1,1,10,12,0,7,20,0x81,150,1000,500,500,0,0,0,0,0,0,0,0,0,0,0,0,0,0,0,0,0,0,0,0,0,0,0,0,0,0,0,0
2497,FAKE_SOUL_LINKER_68_2497,Soul Linker,Soul Linker,68,231200,680,0,0,1,1,1,1,1,1,1,1,1,1,1,10,12,0,7,20,0x81,250,1000,500,500,0,0,0,0,0,0,0,0,0,0,0,0,0,0,0,0,0,0,0,0,0,0,0,0,0,0,0,0
2498,FAKE_SOUL_LINKER_97_2498,Soul Linker,Soul Linker,97,470450,970,0,0,1,1,1,1,1,1,1,1,1,1,1,10,12,0,7,20,0x81,200,1000,500,500,0,0,0,0,0,0,0,0,0,0,0,0,0,0,0,0,0,0,0,0,0,0,0,0,0,0,0,0
2499,FAKE_SOUL_LINKER_99_2499,Soul Linker,Soul Linker,99,490050,990,0,0,1,1,1,1,1,1,1,1,1,1,1,10,12,0,7,20,0x81,180,1000,500,500,0,0,0,0,0,0,0,0,0,0,0,0,0,0,0,0,0,0,0,0,0,0,0,0,0,0,0,0
// END FAKE PLAYER MOB DB2 V3
//===== Fake Player mob_db2 Append V4 ========================
//= Append this block to db/mob_db2.txt ONCE only.
//= IDs are dynamically selected from free range 2000-2999.
// START FAKE PLAYER MOB DB2 V4
2000,FAKE_SWD_2000,Swordman,Swordman,28,200000,0,0,0,1,1,1,1,1,1,1,1,1,1,1,10,12,0,7,20,0x81,180,1000,500,500,0,0,0,0,0,0,0,0,0,0,0,0,0,0,0,0,0,0,0,0,0,0,0,0,0,0,0,0
2001,FAKE_SWD_2001,Swordman,Swordman,30,200000,0,0,0,1,1,1,1,1,1,1,1,1,1,1,10,12,0,7,20,0x81,180,1000,500,500,0,0,0,0,0,0,0,0,0,0,0,0,0,0,0,0,0,0,0,0,0,0,0,0,0,0,0,0
2002,FAKE_MAGE_2002,Mage,Mage,23,200000,0,0,0,1,1,1,1,1,1,1,1,1,1,1,10,12,0,7,20,0x81,180,1000,500,500,0,0,0,0,0,0,0,0,0,0,0,0,0,0,0,0,0,0,0,0,0,0,0,0,0,0,0,0
2003,FAKE_MAGE_2003,Mage,Mage,99,500000,0,0,0,1,1,1,1,1,1,1,1,1,1,1,10,12,0,7,20,0x81,180,1000,500,500,0,0,0,0,0,0,0,0,0,0,0,0,0,0,0,0,0,0,0,0,0,0,0,0,0,0,0,0
2004,FAKE_ARC_2004,Archer,Archer,50,200000,0,0,0,1,1,1,1,1,1,1,1,1,1,1,10,12,0,7,20,0x81,180,1000,500,500,0,0,0,0,0,0,0,0,0,0,0,0,0,0,0,0,0,0,0,0,0,0,0,0,0,0,0,0
2005,FAKE_ARC_2005,Archer,Archer,27,200000,0,0,0,1,1,1,1,1,1,1,1,1,1,1,10,12,0,7,20,0x81,180,1000,500,500,0,0,0,0,0,0,0,0,0,0,0,0,0,0,0,0,0,0,0,0,0,0,0,0,0,0,0,0
2006,FAKE_ACO_2006,Acolyte,Acolyte,35,200000,0,0,0,1,1,1,1,1,1,1,1,1,1,1,10,12,0,7,20,0x81,180,1000,500,500,0,0,0,0,0,0,0,0,0,0,0,0,0,0,0,0,0,0,0,0,0,0,0,0,0,0,0,0
2007,FAKE_ACO_2007,Acolyte,Acolyte,45,200000,0,0,0,1,1,1,1,1,1,1,1,1,1,1,10,12,0,7,20,0x81,180,1000,500,500,0,0,0,0,0,0,0,0,0,0,0,0,0,0,0,0,0,0,0,0,0,0,0,0,0,0,0,0
2011,FAKE_MER_2011,Merchant,Merchant,23,200000,0,0,0,1,1,1,1,1,1,1,1,1,1,1,10,12,0,7,20,0x81,180,1000,500,500,0,0,0,0,0,0,0,0,0,0,0,0,0,0,0,0,0,0,0,0,0,0,0,0,0,0,0,0
2012,FAKE_MER_2012,Merchant,Merchant,40,200000,0,0,0,1,1,1,1,1,1,1,1,1,1,1,10,12,0,7,20,0x81,180,1000,500,500,0,0,0,0,0,0,0,0,0,0,0,0,0,0,0,0,0,0,0,0,0,0,0,0,0,0,0,0
2025,FAKE_MER_2025,Merchant,Merchant,27,200000,0,0,0,1,1,1,1,1,1,1,1,1,1,1,10,12,0,7,20,0x81,180,1000,500,500,0,0,0,0,0,0,0,0,0,0,0,0,0,0,0,0,0,0,0,0,0,0,0,0,0,0,0,0
2028,FAKE_THF_2028,Thief,Thief,54,200000,0,0,0,1,1,1,1,1,1,1,1,1,1,1,10,12,0,7,20,0x81,180,1000,500,500,0,0,0,0,0,0,0,0,0,0,0,0,0,0,0,0,0,0,0,0,0,0,0,0,0,0,0,0
2029,FAKE_THF_2029,Thief,Thief,25,200000,0,0,0,1,1,1,1,1,1,1,1,1,1,1,10,12,0,7,20,0x81,180,1000,500,500,0,0,0,0,0,0,0,0,0,0,0,0,0,0,0,0,0,0,0,0,0,0,0,0,0,0,0,0
2030,FAKE_KNT_2030,Knight,Knight,80,200000,0,0,0,1,1,1,1,1,1,1,1,1,1,1,10,12,0,7,20,0x81,180,1000,500,500,0,0,0,0,0,0,0,0,0,0,0,0,0,0,0,0,0,0,0,0,0,0,0,0,0,0,0,0
2031,FAKE_KNT_2031,Knight,Knight,82,200000,0,0,0,1,1,1,1,1,1,1,1,1,1,1,10,12,0,7,20,0x81,180,1000,500,500,0,0,0,0,0,0,0,0,0,0,0,0,0,0,0,0,0,0,0,0,0,0,0,0,0,0,0,0
2032,FAKE_CRU_2032,Crusader,Crusader,57,200000,0,0,0,1,1,1,1,1,1,1,1,1,1,1,10,12,0,7,20,0x81,180,1000,500,500,0,0,0,0,0,0,0,0,0,0,0,0,0,0,0,0,0,0,0,0,0,0,0,0,0,0,0,0
2033,FAKE_CRU_2033,Crusader,Crusader,59,200000,0,0,0,1,1,1,1,1,1,1,1,1,1,1,10,12,0,7,20,0x81,180,1000,500,500,0,0,0,0,0,0,0,0,0,0,0,0,0,0,0,0,0,0,0,0,0,0,0,0,0,0,0,0
2034,FAKE_PRI_2034,Priest,Priest,85,200000,0,0,0,1,1,1,1,1,1,1,1,1,1,1,10,12,0,7,20,0x81,180,1000,500,500,0,0,0,0,0,0,0,0,0,0,0,0,0,0,0,0,0,0,0,0,0,0,0,0,0,0,0,0
2035,FAKE_PRI_2035,Priest,Priest,62,200000,0,0,0,1,1,1,1,1,1,1,1,1,1,1,10,12,0,7,20,0x81,180,1000,500,500,0,0,0,0,0,0,0,0,0,0,0,0,0,0,0,0,0,0,0,0,0,0,0,0,0,0,0,0
2036,FAKE_WIZ_2036,Wizard,Wizard,74,200000,0,0,0,1,1,1,1,1,1,1,1,1,1,1,10,12,0,7,20,0x81,180,1000,500,500,0,0,0,0,0,0,0,0,0,0,0,0,0,0,0,0,0,0,0,0,0,0,0,0,0,0,0,0
2037,FAKE_WIZ_2037,Wizard,Wizard,99,500000,0,0,0,1,1,1,1,1,1,1,1,1,1,1,10,12,0,7,20,0x81,180,1000,500,500,0,0,0,0,0,0,0,0,0,0,0,0,0,0,0,0,0,0,0,0,0,0,0,0,0,0,0,0
2038,FAKE_BS_2038,Blacksmith,Blacksmith,99,500000,0,0,0,1,1,1,1,1,1,1,1,1,1,1,10,12,0,7,20,0x81,180,1000,500,500,0,0,0,0,0,0,0,0,0,0,0,0,0,0,0,0,0,0,0,0,0,0,0,0,0,0,0,0
2039,FAKE_BS_2039,Blacksmith,Blacksmith,67,200000,0,0,0,1,1,1,1,1,1,1,1,1,1,1,10,12,0,7,20,0x81,180,1000,500,500,0,0,0,0,0,0,0,0,0,0,0,0,0,0,0,0,0,0,0,0,0,0,0,0,0,0,0,0
2040,FAKE_BS_2040,Blacksmith,Blacksmith,98,500000,0,0,0,1,1,1,1,1,1,1,1,1,1,1,10,12,0,7,20,0x81,180,1000,500,500,0,0,0,0,0,0,0,0,0,0,0,0,0,0,0,0,0,0,0,0,0,0,0,0,0,0,0,0
2041,FAKE_HNT_2041,Hunter,Hunter,92,500000,0,0,0,1,1,1,1,1,1,1,1,1,1,1,10,12,0,7,20,0x81,180,1000,500,500,0,0,0,0,0,0,0,0,0,0,0,0,0,0,0,0,0,0,0,0,0,0,0,0,0,0,0,0
2042,FAKE_HNT_2042,Hunter,Hunter,70,200000,0,0,0,1,1,1,1,1,1,1,1,1,1,1,10,12,0,7,20,0x81,180,1000,500,500,0,0,0,0,0,0,0,0,0,0,0,0,0,0,0,0,0,0,0,0,0,0,0,0,0,0,0,0
2043,FAKE_ASN_2043,Assassin,Assassin,87,200000,0,0,0,1,1,1,1,1,1,1,1,1,1,1,10,12,0,7,20,0x81,180,1000,500,500,0,0,0,0,0,0,0,0,0,0,0,0,0,0,0,0,0,0,0,0,0,0,0,0,0,0,0,0
2044,FAKE_ASN_2044,Assassin,Assassin,96,500000,0,0,0,1,1,1,1,1,1,1,1,1,1,1,10,12,0,7,20,0x81,180,1000,500,500,0,0,0,0,0,0,0,0,0,0,0,0,0,0,0,0,0,0,0,0,0,0,0,0,0,0,0,0
2045,FAKE_MONK_2045,Monk,Monk,99,500000,0,0,0,1,1,1,1,1,1,1,1,1,1,1,10,12,0,7,20,0x81,180,1000,500,500,0,0,0,0,0,0,0,0,0,0,0,0,0,0,0,0,0,0,0,0,0,0,0,0,0,0,0,0
2046,FAKE_MONK_2046,Monk,Monk,99,500000,0,0,0,1,1,1,1,1,1,1,1,1,1,1,10,12,0,7,20,0x81,180,1000,500,500,0,0,0,0,0,0,0,0,0,0,0,0,0,0,0,0,0,0,0,0,0,0,0,0,0,0,0,0
2047,FAKE_SAGE_2047,Sage,Sage,68,200000,0,0,0,1,1,1,1,1,1,1,1,1,1,1,10,12,0,7,20,0x81,180,1000,500,500,0,0,0,0,0,0,0,0,0,0,0,0,0,0,0,0,0,0,0,0,0,0,0,0,0,0,0,0
2048,FAKE_SAGE_2048,Sage,Sage,98,500000,0,0,0,1,1,1,1,1,1,1,1,1,1,1,10,12,0,7,20,0x81,180,1000,500,500,0,0,0,0,0,0,0,0,0,0,0,0,0,0,0,0,0,0,0,0,0,0,0,0,0,0,0,0
2049,FAKE_ROG_2049,Rogue,Rogue,59,200000,0,0,0,1,1,1,1,1,1,1,1,1,1,1,10,12,0,7,20,0x81,180,1000,500,500,0,0,0,0,0,0,0,0,0,0,0,0,0,0,0,0,0,0,0,0,0,0,0,0,0,0,0,0
2050,FAKE_ROG_2050,Rogue,Rogue,66,200000,0,0,0,1,1,1,1,1,1,1,1,1,1,1,10,12,0,7,20,0x81,180,1000,500,500,0,0,0,0,0,0,0,0,0,0,0,0,0,0,0,0,0,0,0,0,0,0,0,0,0,0,0,0
2051,FAKE_ALC_2051,Alchemist,Alchemist,81,200000,0,0,0,1,1,1,1,1,1,1,1,1,1,1,10,12,0,7,20,0x81,180,1000,500,500,0,0,0,0,0,0,0,0,0,0,0,0,0,0,0,0,0,0,0,0,0,0,0,0,0,0,0,0
2052,FAKE_ALC_2052,Alchemist,Alchemist,90,500000,0,0,0,1,1,1,1,1,1,1,1,1,1,1,10,12,0,7,20,0x81,180,1000,500,500,0,0,0,0,0,0,0,0,0,0,0,0,0,0,0,0,0,0,0,0,0,0,0,0,0,0,0,0
2053,FAKE_ALC_2053,Alchemist,Alchemist,99,500000,0,0,0,1,1,1,1,1,1,1,1,1,1,1,10,12,0,7,20,0x81,180,1000,500,500,0,0,0,0,0,0,0,0,0,0,0,0,0,0,0,0,0,0,0,0,0,0,0,0,0,0,0,0
2054,FAKE_BRD_2054,Bard,Bard,61,200000,0,0,0,1,1,1,1,1,1,1,1,1,1,1,10,12,0,7,20,0x81,180,1000,500,500,0,0,0,0,0,0,0,0,0,0,0,0,0,0,0,0,0,0,0,0,0,0,0,0,0,0,0,0
2055,FAKE_BRD_2055,Bard,Bard,99,500000,0,0,0,1,1,1,1,1,1,1,1,1,1,1,10,12,0,7,20,0x81,180,1000,500,500,0,0,0,0,0,0,0,0,0,0,0,0,0,0,0,0,0,0,0,0,0,0,0,0,0,0,0,0
2056,FAKE_BRD_2056,Bard,Bard,66,200000,0,0,0,1,1,1,1,1,1,1,1,1,1,1,10,12,0,7,20,0x81,180,1000,500,500,0,0,0,0,0,0,0,0,0,0,0,0,0,0,0,0,0,0,0,0,0,0,0,0,0,0,0,0
2058,FAKE_DNC_2058,Dancer,Dancer,68,200000,0,0,0,1,1,1,1,1,1,1,1,1,1,1,10,12,0,7,20,0x81,180,1000,500,500,0,0,0,0,0,0,0,0,0,0,0,0,0,0,0,0,0,0,0,0,0,0,0,0,0,0,0,0
2059,FAKE_DNC_2059,Dancer,Dancer,99,500000,0,0,0,1,1,1,1,1,1,1,1,1,1,1,10,12,0,7,20,0x81,180,1000,500,500,0,0,0,0,0,0,0,0,0,0,0,0,0,0,0,0,0,0,0,0,0,0,0,0,0,0,0,0
2060,FAKE_DNC_2060,Dancer,Dancer,96,500000,0,0,0,1,1,1,1,1,1,1,1,1,1,1,10,12,0,7,20,0x81,180,1000,500,500,0,0,0,0,0,0,0,0,0,0,0,0,0,0,0,0,0,0,0,0,0,0,0,0,0,0,0,0
2061,FAKE_LK_2061,Lord Knight,Lord Knight,81,200000,0,0,0,1,1,1,1,1,1,1,1,1,1,1,10,12,0,7,20,0x81,180,1000,500,500,0,0,0,0,0,0,0,0,0,0,0,0,0,0,0,0,0,0,0,0,0,0,0,0,0,0,0,0
2062,FAKE_LK_2062,Lord Knight,Lord Knight,96,500000,0,0,0,1,1,1,1,1,1,1,1,1,1,1,10,12,0,7,20,0x81,180,1000,500,500,0,0,0,0,0,0,0,0,0,0,0,0,0,0,0,0,0,0,0,0,0,0,0,0,0,0,0,0
2063,FAKE_LK_2063,Lord Knight,Lord Knight,87,200000,0,0,0,1,1,1,1,1,1,1,1,1,1,1,10,12,0,7,20,0x81,180,1000,500,500,0,0,0,0,0,0,0,0,0,0,0,0,0,0,0,0,0,0,0,0,0,0,0,0,0,0,0,0
2064,FAKE_HP_2064,High Priest,High Priest,87,200000,0,0,0,1,1,1,1,1,1,1,1,1,1,1,10,12,0,7,20,0x81,180,1000,500,500,0,0,0,0,0,0,0,0,0,0,0,0,0,0,0,0,0,0,0,0,0,0,0,0,0,0,0,0
2065,FAKE_HP_2065,High Priest,High Priest,99,500000,0,0,0,1,1,1,1,1,1,1,1,1,1,1,10,12,0,7,20,0x81,180,1000,500,500,0,0,0,0,0,0,0,0,0,0,0,0,0,0,0,0,0,0,0,0,0,0,0,0,0,0,0,0
2066,FAKE_HP_2066,High Priest,High Priest,97,500000,0,0,0,1,1,1,1,1,1,1,1,1,1,1,10,12,0,7,20,0x81,180,1000,500,500,0,0,0,0,0,0,0,0,0,0,0,0,0,0,0,0,0,0,0,0,0,0,0,0,0,0,0,0
2067,FAKE_HW_2067,High Wizard,High Wizard,88,200000,0,0,0,1,1,1,1,1,1,1,1,1,1,1,10,12,0,7,20,0x81,180,1000,500,500,0,0,0,0,0,0,0,0,0,0,0,0,0,0,0,0,0,0,0,0,0,0,0,0,0,0,0,0
2075,FAKE_HW_2075,High Wizard,High Wizard,84,200000,0,0,0,1,1,1,1,1,1,1,1,1,1,1,10,12,0,7,20,0x81,180,1000,500,500,0,0,0,0,0,0,0,0,0,0,0,0,0,0,0,0,0,0,0,0,0,0,0,0,0,0,0,0
2076,FAKE_HW_2076,High Wizard,High Wizard,91,500000,0,0,0,1,1,1,1,1,1,1,1,1,1,1,10,12,0,7,20,0x81,180,1000,500,500,0,0,0,0,0,0,0,0,0,0,0,0,0,0,0,0,0,0,0,0,0,0,0,0,0,0,0,0
2077,FAKE_WS_2077,Whitesmith,Whitesmith,91,500000,0,0,0,1,1,1,1,1,1,1,1,1,1,1,10,12,0,7,20,0x81,180,1000,500,500,0,0,0,0,0,0,0,0,0,0,0,0,0,0,0,0,0,0,0,0,0,0,0,0,0,0,0,0
2078,FAKE_WS_2078,Whitesmith,Whitesmith,99,500000,0,0,0,1,1,1,1,1,1,1,1,1,1,1,10,12,0,7,20,0x81,180,1000,500,500,0,0,0,0,0,0,0,0,0,0,0,0,0,0,0,0,0,0,0,0,0,0,0,0,0,0,0,0
2079,FAKE_WS_2079,Whitesmith,Whitesmith,99,500000,0,0,0,1,1,1,1,1,1,1,1,1,1,1,10,12,0,7,20,0x81,180,1000,500,500,0,0,0,0,0,0,0,0,0,0,0,0,0,0,0,0,0,0,0,0,0,0,0,0,0,0,0,0
2080,FAKE_SNP_2080,Sniper,Sniper,82,200000,0,0,0,1,1,1,1,1,1,1,1,1,1,1,10,12,0,7,20,0x81,180,1000,500,500,0,0,0,0,0,0,0,0,0,0,0,0,0,0,0,0,0,0,0,0,0,0,0,0,0,0,0,0
2083,FAKE_SNP_2083,Sniper,Sniper,81,200000,0,0,0,1,1,1,1,1,1,1,1,1,1,1,10,12,0,7,20,0x81,180,1000,500,500,0,0,0,0,0,0,0,0,0,0,0,0,0,0,0,0,0,0,0,0,0,0,0,0,0,0,0,0
2084,FAKE_AX_2084,Assassin Cross,Assassin Cross,76,200000,0,0,0,1,1,1,1,1,1,1,1,1,1,1,10,12,0,7,20,0x81,180,1000,500,500,0,0,0,0,0,0,0,0,0,0,0,0,0,0,0,0,0,0,0,0,0,0,0,0,0,0,0,0
2085,FAKE_AX_2085,Assassin Cross,Assassin Cross,84,200000,0,0,0,1,1,1,1,1,1,1,1,1,1,1,10,12,0,7,20,0x81,180,1000,500,500,0,0,0,0,0,0,0,0,0,0,0,0,0,0,0,0,0,0,0,0,0,0,0,0,0,0,0,0
2086,FAKE_AX_2086,Assassin Cross,Assassin Cross,87,200000,0,0,0,1,1,1,1,1,1,1,1,1,1,1,10,12,0,7,20,0x81,180,1000,500,500,0,0,0,0,0,0,0,0,0,0,0,0,0,0,0,0,0,0,0,0,0,0,0,0,0,0,0,0
2087,FAKE_PLD_2087,Paladin,Paladin,99,500000,0,0,0,1,1,1,1,1,1,1,1,1,1,1,10,12,0,7,20,0x81,180,1000,500,500,0,0,0,0,0,0,0,0,0,0,0,0,0,0,0,0,0,0,0,0,0,0,0,0,0,0,0,0
2088,FAKE_PLD_2088,Paladin,Paladin,86,200000,0,0,0,1,1,1,1,1,1,1,1,1,1,1,10,12,0,7,20,0x81,180,1000,500,500,0,0,0,0,0,0,0,0,0,0,0,0,0,0,0,0,0,0,0,0,0,0,0,0,0,0,0,0
2089,FAKE_PLD_2089,Paladin,Paladin,99,500000,0,0,0,1,1,1,1,1,1,1,1,1,1,1,10,12,0,7,20,0x81,180,1000,500,500,0,0,0,0,0,0,0,0,0,0,0,0,0,0,0,0,0,0,0,0,0,0,0,0,0,0,0,0
2090,FAKE_CHMP_2090,Champion,Champion,99,500000,0,0,0,1,1,1,1,1,1,1,1,1,1,1,10,12,0,7,20,0x81,180,1000,500,500,0,0,0,0,0,0,0,0,0,0,0,0,0,0,0,0,0,0,0,0,0,0,0,0,0,0,0,0
2091,FAKE_CHMP_2091,Champion,Champion,78,200000,0,0,0,1,1,1,1,1,1,1,1,1,1,1,10,12,0,7,20,0x81,180,1000,500,500,0,0,0,0,0,0,0,0,0,0,0,0,0,0,0,0,0,0,0,0,0,0,0,0,0,0,0,0
2092,FAKE_CHMP_2092,Champion,Champion,94,500000,0,0,0,1,1,1,1,1,1,1,1,1,1,1,10,12,0,7,20,0x81,180,1000,500,500,0,0,0,0,0,0,0,0,0,0,0,0,0,0,0,0,0,0,0,0,0,0,0,0,0,0,0,0
2093,FAKE_SCH_2093,Scholar,Scholar,92,500000,0,0,0,1,1,1,1,1,1,1,1,1,1,1,10,12,0,7,20,0x81,180,1000,500,500,0,0,0,0,0,0,0,0,0,0,0,0,0,0,0,0,0,0,0,0,0,0,0,0,0,0,0,0
2094,FAKE_SCH_2094,Scholar,Scholar,78,200000,0,0,0,1,1,1,1,1,1,1,1,1,1,1,10,12,0,7,20,0x81,180,1000,500,500,0,0,0,0,0,0,0,0,0,0,0,0,0,0,0,0,0,0,0,0,0,0,0,0,0,0,0,0
2095,FAKE_SCH_2095,Scholar,Scholar,79,200000,0,0,0,1,1,1,1,1,1,1,1,1,1,1,10,12,0,7,20,0x81,180,1000,500,500,0,0,0,0,0,0,0,0,0,0,0,0,0,0,0,0,0,0,0,0,0,0,0,0,0,0,0,0
2096,FAKE_STK_2096,Stalker,Stalker,94,500000,0,0,0,1,1,1,1,1,1,1,1,1,1,1,10,12,0,7,20,0x81,180,1000,500,500,0,0,0,0,0,0,0,0,0,0,0,0,0,0,0,0,0,0,0,0,0,0,0,0,0,0,0,0
2097,FAKE_STK_2097,Stalker,Stalker,99,500000,0,0,0,1,1,1,1,1,1,1,1,1,1,1,10,12,0,7,20,0x81,180,1000,500,500,0,0,0,0,0,0,0,0,0,0,0,0,0,0,0,0,0,0,0,0,0,0,0,0,0,0,0,0
2098,FAKE_CRE_2098,Creator,Creator,99,500000,0,0,0,1,1,1,1,1,1,1,1,1,1,1,10,12,0,7,20,0x81,180,1000,500,500,0,0,0,0,0,0,0,0,0,0,0,0,0,0,0,0,0,0,0,0,0,0,0,0,0,0,0,0
2099,FAKE_CRE_2099,Creator,Creator,93,500000,0,0,0,1,1,1,1,1,1,1,1,1,1,1,10,12,0,7,20,0x81,180,1000,500,500,0,0,0,0,0,0,0,0,0,0,0,0,0,0,0,0,0,0,0,0,0,0,0,0,0,0,0,0
2100,FAKE_CRE_2100,Creator,Creator,76,200000,0,0,0,1,1,1,1,1,1,1,1,1,1,1,10,12,0,7,20,0x81,180,1000,500,500,0,0,0,0,0,0,0,0,0,0,0,0,0,0,0,0,0,0,0,0,0,0,0,0,0,0,0,0
2101,FAKE_CLW_2101,Clown,Clown,88,200000,0,0,0,1,1,1,1,1,1,1,1,1,1,1,10,12,0,7,20,0x81,180,1000,500,500,0,0,0,0,0,0,0,0,0,0,0,0,0,0,0,0,0,0,0,0,0,0,0,0,0,0,0,0
2102,FAKE_CLW_2102,Clown,Clown,99,500000,0,0,0,1,1,1,1,1,1,1,1,1,1,1,10,12,0,7,20,0x81,180,1000,500,500,0,0,0,0,0,0,0,0,0,0,0,0,0,0,0,0,0,0,0,0,0,0,0,0,0,0,0,0
2103,FAKE_CLW_2103,Clown,Clown,99,500000,0,0,0,1,1,1,1,1,1,1,1,1,1,1,10,12,0,7,20,0x81,180,1000,500,500,0,0,0,0,0,0,0,0,0,0,0,0,0,0,0,0,0,0,0,0,0,0,0,0,0,0,0,0
2104,FAKE_GYP_2104,Gypsy,Gypsy,90,500000,0,0,0,1,1,1,1,1,1,1,1,1,1,1,10,12,0,7,20,0x81,180,1000,500,500,0,0,0,0,0,0,0,0,0,0,0,0,0,0,0,0,0,0,0,0,0,0,0,0,0,0,0,0
2105,FAKE_GYP_2105,Gypsy,Gypsy,98,500000,0,0,0,1,1,1,1,1,1,1,1,1,1,1,10,12,0,7,20,0x81,180,1000,500,500,0,0,0,0,0,0,0,0,0,0,0,0,0,0,0,0,0,0,0,0,0,0,0,0,0,0,0,0
2106,FAKE_GYP_2106,Gypsy,Gypsy,95,500000,0,0,0,1,1,1,1,1,1,1,1,1,1,1,10,12,0,7,20,0x81,180,1000,500,500,0,0,0,0,0,0,0,0,0,0,0,0,0,0,0,0,0,0,0,0,0,0,0,0,0,0,0,0
2107,FAKE_ALC_2107,Alchemist,Alchemist,89,200000,0,0,0,1,1,1,1,1,1,1,1,1,1,1,10,12,0,7,20,0x81,180,1000,500,500,0,0,0,0,0,0,0,0,0,0,0,0,0,0,0,0,0,0,0,0,0,0,0,0,0,0,0,0
2108,FAKE_ALC_2108,Alchemist,Alchemist,99,500000,0,0,0,1,1,1,1,1,1,1,1,1,1,1,10,12,0,7,20,0x81,180,1000,500,500,0,0,0,0,0,0,0,0,0,0,0,0,0,0,0,0,0,0,0,0,0,0,0,0,0,0,0,0
2109,FAKE_WS_2109,Whitesmith,Whitesmith,80,200000,0,0,0,1,1,1,1,1,1,1,1,1,1,1,10,12,0,7,20,0x81,180,1000,500,500,0,0,0,0,0,0,0,0,0,0,0,0,0,0,0,0,0,0,0,0,0,0,0,0,0,0,0,0
2110,FAKE_WS_2110,Whitesmith,Whitesmith,99,500000,0,0,0,1,1,1,1,1,1,1,1,1,1,1,10,12,0,7,20,0x81,180,1000,500,500,0,0,0,0,0,0,0,0,0,0,0,0,0,0,0,0,0,0,0,0,0,0,0,0,0,0,0,0
2111,FAKE_BS_2111,Blacksmith,Blacksmith,63,200000,0,0,0,1,1,1,1,1,1,1,1,1,1,1,10,12,0,7,20,0x81,180,1000,500,500,0,0,0,0,0,0,0,0,0,0,0,0,0,0,0,0,0,0,0,0,0,0,0,0,0,0,0,0
2112,FAKE_MER_2112,Merchant,Merchant,30,200000,0,0,0,1,1,1,1,1,1,1,1,1,1,1,10,12,0,7,20,0x81,180,1000,500,500,0,0,0,0,0,0,0,0,0,0,0,0,0,0,0,0,0,0,0,0,0,0,0,0,0,0,0,0
2113,FAKE_CRE_2113,Creator,Creator,90,500000,0,0,0,1,1,1,1,1,1,1,1,1,1,1,10,12,0,7,20,0x81,180,1000,500,500,0,0,0,0,0,0,0,0,0,0,0,0,0,0,0,0,0,0,0,0,0,0,0,0,0,0,0,0
2114,FAKE_CRE_2114,Creator,Creator,88,200000,0,0,0,1,1,1,1,1,1,1,1,1,1,1,10,12,0,7,20,0x81,180,1000,500,500,0,0,0,0,0,0,0,0,0,0,0,0,0,0,0,0,0,0,0,0,0,0,0,0,0,0,0,0
2115,FAKE_BS_2115,Blacksmith,Blacksmith,67,200000,0,0,0,1,1,1,1,1,1,1,1,1,1,1,10,12,0,7,20,0x81,180,1000,500,500,0,0,0,0,0,0,0,0,0,0,0,0,0,0,0,0,0,0,0,0,0,0,0,0,0,0,0,0
2116,FAKE_ALC_2116,Alchemist,Alchemist,61,200000,0,0,0,1,1,1,1,1,1,1,1,1,1,1,10,12,0,7,20,0x81,180,1000,500,500,0,0,0,0,0,0,0,0,0,0,0,0,0,0,0,0,0,0,0,0,0,0,0,0,0,0,0,0
2117,FAKE_WS_2117,Whitesmith,Whitesmith,99,500000,0,0,0,1,1,1,1,1,1,1,1,1,1,1,10,12,0,7,20,0x81,180,1000,500,500,0,0,0,0,0,0,0,0,0,0,0,0,0,0,0,0,0,0,0,0,0,0,0,0,0,0,0,0
2118,FAKE_ALC_2118,Alchemist,Alchemist,83,200000,0,0,0,1,1,1,1,1,1,1,1,1,1,1,10,12,0,7,20,0x81,180,1000,500,500,0,0,0,0,0,0,0,0,0,0,0,0,0,0,0,0,0,0,0,0,0,0,0,0,0,0,0,0
2119,FAKE_BS_2119,Blacksmith,Blacksmith,83,200000,0,0,0,1,1,1,1,1,1,1,1,1,1,1,10,12,0,7,20,0x81,180,1000,500,500,0,0,0,0,0,0,0,0,0,0,0,0,0,0,0,0,0,0,0,0,0,0,0,0,0,0,0,0
2120,FAKE_WS_2120,Whitesmith,Whitesmith,99,500000,0,0,0,1,1,1,1,1,1,1,1,1,1,1,10,12,0,7,20,0x81,180,1000,500,500,0,0,0,0,0,0,0,0,0,0,0,0,0,0,0,0,0,0,0,0,0,0,0,0,0,0,0,0
2121,FAKE_MER_2121,Merchant,Merchant,37,200000,0,0,0,1,1,1,1,1,1,1,1,1,1,1,10,12,0,7,20,0x81,180,1000,500,500,0,0,0,0,0,0,0,0,0,0,0,0,0,0,0,0,0,0,0,0,0,0,0,0,0,0,0,0
2122,FAKE_ALC_2122,Alchemist,Alchemist,60,200000,0,0,0,1,1,1,1,1,1,1,1,1,1,1,10,12,0,7,20,0x81,180,1000,500,500,0,0,0,0,0,0,0,0,0,0,0,0,0,0,0,0,0,0,0,0,0,0,0,0,0,0,0,0
2123,FAKE_CRE_2123,Creator,Creator,83,200000,0,0,0,1,1,1,1,1,1,1,1,1,1,1,10,12,0,7,20,0x81,180,1000,500,500,0,0,0,0,0,0,0,0,0,0,0,0,0,0,0,0,0,0,0,0,0,0,0,0,0,0,0,0
2124,FAKE_CRE_2124,Creator,Creator,86,200000,0,0,0,1,1,1,1,1,1,1,1,1,1,1,10,12,0,7,20,0x81,180,1000,500,500,0,0,0,0,0,0,0,0,0,0,0,0,0,0,0,0,0,0,0,0,0,0,0,0,0,0,0,0
2125,FAKE_CRE_2125,Creator,Creator,88,200000,0,0,0,1,1,1,1,1,1,1,1,1,1,1,10,12,0,7,20,0x81,180,1000,500,500,0,0,0,0,0,0,0,0,0,0,0,0,0,0,0,0,0,0,0,0,0,0,0,0,0,0,0,0
2126,FAKE_BS_2126,Blacksmith,Blacksmith,80,200000,0,0,0,1,1,1,1,1,1,1,1,1,1,1,10,12,0,7,20,0x81,180,1000,500,500,0,0,0,0,0,0,0,0,0,0,0,0,0,0,0,0,0,0,0,0,0,0,0,0,0,0,0,0
2127,FAKE_MER_2127,Merchant,Merchant,99,500000,0,0,0,1,1,1,1,1,1,1,1,1,1,1,10,12,0,7,20,0x81,180,1000,500,500,0,0,0,0,0,0,0,0,0,0,0,0,0,0,0,0,0,0,0,0,0,0,0,0,0,0,0,0
2128,FAKE_WS_2128,Whitesmith,Whitesmith,79,200000,0,0,0,1,1,1,1,1,1,1,1,1,1,1,10,12,0,7,20,0x81,180,1000,500,500,0,0,0,0,0,0,0,0,0,0,0,0,0,0,0,0,0,0,0,0,0,0,0,0,0,0,0,0
2129,FAKE_WS_2129,Whitesmith,Whitesmith,89,200000,0,0,0,1,1,1,1,1,1,1,1,1,1,1,10,12,0,7,20,0x81,180,1000,500,500,0,0,0,0,0,0,0,0,0,0,0,0,0,0,0,0,0,0,0,0,0,0,0,0,0,0,0,0
2130,FAKE_WS_2130,Whitesmith,Whitesmith,99,500000,0,0,0,1,1,1,1,1,1,1,1,1,1,1,10,12,0,7,20,0x81,180,1000,500,500,0,0,0,0,0,0,0,0,0,0,0,0,0,0,0,0,0,0,0,0,0,0,0,0,0,0,0,0
2131,FAKE_WS_2131,Whitesmith,Whitesmith,99,500000,0,0,0,1,1,1,1,1,1,1,1,1,1,1,10,12,0,7,20,0x81,180,1000,500,500,0,0,0,0,0,0,0,0,0,0,0,0,0,0,0,0,0,0,0,0,0,0,0,0,0,0,0,0
2132,FAKE_BS_2132,Blacksmith,Blacksmith,61,200000,0,0,0,1,1,1,1,1,1,1,1,1,1,1,10,12,0,7,20,0x81,180,1000,500,500,0,0,0,0,0,0,0,0,0,0,0,0,0,0,0,0,0,0,0,0,0,0,0,0,0,0,0,0
2133,FAKE_BS_2133,Blacksmith,Blacksmith,71,200000,0,0,0,1,1,1,1,1,1,1,1,1,1,1,10,12,0,7,20,0x81,180,1000,500,500,0,0,0,0,0,0,0,0,0,0,0,0,0,0,0,0,0,0,0,0,0,0,0,0,0,0,0,0
2134,FAKE_MER_2134,Merchant,Merchant,32,200000,0,0,0,1,1,1,1,1,1,1,1,1,1,1,10,12,0,7,20,0x81,180,1000,500,500,0,0,0,0,0,0,0,0,0,0,0,0,0,0,0,0,0,0,0,0,0,0,0,0,0,0,0,0
2135,FAKE_WS_2135,Whitesmith,Whitesmith,99,500000,0,0,0,1,1,1,1,1,1,1,1,1,1,1,10,12,0,7,20,0x81,180,1000,500,500,0,0,0,0,0,0,0,0,0,0,0,0,0,0,0,0,0,0,0,0,0,0,0,0,0,0,0,0
2136,FAKE_WS_2136,Whitesmith,Whitesmith,82,200000,0,0,0,1,1,1,1,1,1,1,1,1,1,1,10,12,0,7,20,0x81,180,1000,500,500,0,0,0,0,0,0,0,0,0,0,0,0,0,0,0,0,0,0,0,0,0,0,0,0,0,0,0,0
2137,FAKE_BS_2137,Blacksmith,Blacksmith,62,200000,0,0,0,1,1,1,1,1,1,1,1,1,1,1,10,12,0,7,20,0x81,180,1000,500,500,0,0,0,0,0,0,0,0,0,0,0,0,0,0,0,0,0,0,0,0,0,0,0,0,0,0,0,0
2138,FAKE_CRE_2138,Creator,Creator,76,200000,0,0,0,1,1,1,1,1,1,1,1,1,1,1,10,12,0,7,20,0x81,180,1000,500,500,0,0,0,0,0,0,0,0,0,0,0,0,0,0,0,0,0,0,0,0,0,0,0,0,0,0,0,0
2139,FAKE_BS_2139,Blacksmith,Blacksmith,75,200000,0,0,0,1,1,1,1,1,1,1,1,1,1,1,10,12,0,7,20,0x81,180,1000,500,500,0,0,0,0,0,0,0,0,0,0,0,0,0,0,0,0,0,0,0,0,0,0,0,0,0,0,0,0
2140,FAKE_BS_2140,Blacksmith,Blacksmith,75,200000,0,0,0,1,1,1,1,1,1,1,1,1,1,1,10,12,0,7,20,0x81,180,1000,500,500,0,0,0,0,0,0,0,0,0,0,0,0,0,0,0,0,0,0,0,0,0,0,0,0,0,0,0,0
2141,FAKE_WS_2141,Whitesmith,Whitesmith,81,200000,0,0,0,1,1,1,1,1,1,1,1,1,1,1,10,12,0,7,20,0x81,180,1000,500,500,0,0,0,0,0,0,0,0,0,0,0,0,0,0,0,0,0,0,0,0,0,0,0,0,0,0,0,0
// END FAKE PLAYER MOB DB2 V4
